pre_root_id,post_root_id,syn_count,origin_set
720575940605161388,720575940618165019,40,set_3
720575940605161388,720575940625874992,72,set_3
720575940605161388,720575940630868793,20,set_3
720575940605694240,720575940609133269,40,set_3
720575940605694240,720575940612208858,40,set_3
720575940605694240,720575940615583650,64,set_3
720575940605694240,720575940621957381,56,set_3
720575940605694240,720575940625867056,40,set_3
720575940605694240,720575940625978882,48,set_3
720575940605694240,720575940626798736,80,set_3
720575940605694240,720575940626939737,80,set_3
720575940605694240,720575940626960536,360,set_3
720575940605694240,720575940628686695,48,set_3
720575940605694240,720575940629773276,64,set_3
720575940605694240,720575940630589036,456,set_3
720575940605694240,720575940631588772,40,set_3
720575940605694240,720575940632134227,112,set_3
720575940605694240,720575940635610548,64,set_3
720575940605694240,720575940637360730,216,set_3
720575940605698080,720575940611018865,84,set_3
720575940605698080,720575940620780272,30,set_3
720575940605698080,720575940621256384,54,set_3
720575940605698080,720575940623133223,36,set_3
720575940605698080,720575940623449382,78,set_3
720575940605698080,720575940625172016,72,set_3
720575940605698080,720575940626809109,84,set_3
720575940605698080,720575940626983684,36,set_3
720575940605698080,720575940627254856,78,set_3
720575940605698080,720575940627312668,54,set_3
720575940605698080,720575940627443996,36,set_3
720575940605698080,720575940628504849,30,set_3
720575940605698080,720575940629954872,96,set_3
720575940605698080,720575940630504466,36,set_3
720575940605698080,720575940630661164,42,set_3
720575940605698080,720575940631111983,30,set_3
720575940605698080,720575940632900503,30,set_3
720575940605698080,720575940634659508,78,set_3
720575940605698080,720575940639512192,84,set_3
720575940605698080,720575940642910152,48,set_3
720575940605698080,720575940643823470,48,set_3
720575940605698080,720575940646156420,30,set_3
720575940605698080,720575940648708228,42,set_3
720575940605971330,720575940614660519,10,set_3
720575940605971330,720575940615292895,22,set_3
720575940605971330,720575940616921152,22,set_3
720575940605971330,720575940617853730,36,set_3
720575940605971330,720575940621218694,22,set_3
720575940605971330,720575940623381286,68,set_3
720575940605971330,720575940623476407,10,set_3
720575940605971330,720575940624600840,22,set_3
720575940605971330,720575940624988455,10,set_3
720575940605971330,720575940625298276,18,set_3
720575940605971330,720575940628023685,12,set_3
720575940605971330,720575940628436282,66,set_3
720575940605971330,720575940630575943,16,set_3
720575940605971330,720575940631092943,148,set_3
720575940605971330,720575940631349335,18,set_3
720575940605971330,720575940631507596,24,set_3
720575940605971330,720575940634090777,10,set_3
720575940605971330,720575940638103349,14,set_3
720575940605971330,720575940641536987,10,set_3
720575940605971330,720575940643703831,28,set_3
720575940606388146,720575940610524339,130,set_3
720575940606388146,720575940612470755,60,set_3
720575940606388146,720575940613004402,120,set_3
720575940606388146,720575940613170385,50,set_3
720575940606388146,720575940613222195,100,set_3
720575940606388146,720575940614635175,160,set_3
720575940606388146,720575940614736290,80,set_3
720575940606388146,720575940615292895,110,set_3
720575940606388146,720575940616065254,50,set_3
720575940606388146,720575940617663537,100,set_3
720575940606388146,720575940618165019,410,set_3
720575940606388146,720575940618165787,190,set_3
720575940606388146,720575940618788944,60,set_3
720575940606388146,720575940619128699,500,set_3
720575940606388146,720575940619781814,220,set_3
720575940606388146,720575940619900507,370,set_3
720575940606388146,720575940620025620,280,set_3
720575940606388146,720575940620031366,90,set_3
720575940606388146,720575940620553094,60,set_3
720575940606388146,720575940621329328,90,set_3
720575940606388146,720575940621827419,80,set_3
720575940606388146,720575940621833281,70,set_3
720575940606388146,720575940622123144,470,set_3
720575940606388146,720575940622284947,90,set_3
720575940606388146,720575940622657268,330,set_3
720575940606388146,720575940623535044,700,set_3
720575940606388146,720575940624928284,290,set_3
720575940606388146,720575940625376442,240,set_3
720575940606388146,720575940625454108,380,set_3
720575940606388146,720575940625874992,490,set_3
720575940606388146,720575940626075517,160,set_3
720575940606388146,720575940626127432,60,set_3
720575940606388146,720575940626197593,180,set_3
720575940606388146,720575940626919144,230,set_3
720575940606388146,720575940626972056,80,set_3
720575940606388146,720575940627107271,1230,set_3
720575940606388146,720575940627275795,540,set_3
720575940606388146,720575940627814728,70,set_3
720575940606388146,720575940627829064,60,set_3
720575940606388146,720575940628743752,410,set_3
720575940606388146,720575940630233404,50,set_3
720575940606388146,720575940630470391,190,set_3
720575940606388146,720575940630504466,170,set_3
720575940606388146,720575940630605881,80,set_3
720575940606388146,720575940630664556,2140,set_3
720575940606388146,720575940630775801,80,set_3
720575940606388146,720575940630868793,530,set_3
720575940606388146,720575940631111983,340,set_3
720575940606388146,720575940631619948,480,set_3
720575940606388146,720575940631742381,120,set_3
720575940606388146,720575940631787693,160,set_3
720575940606388146,720575940633195148,110,set_3
720575940606388146,720575940633639063,60,set_3
720575940606388146,720575940633824864,50,set_3
720575940606388146,720575940634090777,140,set_3
720575940606388146,720575940634093337,240,set_3
720575940606388146,720575940634659508,130,set_3
720575940606388146,720575940643823470,250,set_3
720575940606388146,720575940644750116,60,set_3
720575940606388146,720575940646156420,400,set_3
720575940606388146,720575940652580086,50,set_3
720575940607377586,720575940605154988,48,set_3
720575940607377586,720575940607162754,1128,set_3
720575940607377586,720575940610482883,36,set_3
720575940607377586,720575940610590869,54,set_3
720575940607377586,720575940610677828,102,set_3
720575940607377586,720575940612208858,36,set_3
720575940607377586,720575940612443890,54,set_3
720575940607377586,720575940616038294,48,set_3
720575940607377586,720575940617493597,30,set_3
720575940607377586,720575940618514043,48,set_3
720575940607377586,720575940618539810,552,set_3
720575940607377586,720575940622026245,366,set_3
720575940607377586,720575940622195625,450,set_3
720575940607377586,720575940623164685,252,set_3
720575940607377586,720575940625164176,132,set_3
720575940607377586,720575940626094350,66,set_3
720575940607377586,720575940627062088,144,set_3
720575940607377586,720575940627107721,90,set_3
720575940607377586,720575940627410451,1086,set_3
720575940607377586,720575940628780309,30,set_3
720575940607377586,720575940628826128,318,set_3
720575940607377586,720575940628995331,60,set_3
720575940607377586,720575940629564688,48,set_3
720575940607377586,720575940630233404,690,set_3
720575940607377586,720575940630691958,858,set_3
720575940607377586,720575940631918649,48,set_3
720575940607377586,720575940632134227,78,set_3
720575940607377586,720575940632281927,54,set_3
720575940607377586,720575940632486969,36,set_3
720575940607377586,720575940633228172,30,set_3
720575940607377586,720575940633772257,216,set_3
720575940607377586,720575940635527322,144,set_3
720575940607377586,720575940635596212,570,set_3
720575940607377586,720575940636809646,72,set_3
720575940607377586,720575940637360730,72,set_3
720575940607377586,720575940638024794,30,set_3
720575940607377586,720575940641281013,48,set_3
720575940607377586,720575940648188548,60,set_3
720575940607377586,720575940649829241,72,set_3
720575940607377586,720575940654094241,30,set_3
720575940607377586,720575940661338497,84,set_3
720575940607472988,720575940612423922,24,set_3
720575940607472988,720575940613361010,87,set_3
720575940607472988,720575940613426343,102,set_3
720575940607472988,720575940615245107,177,set_3
720575940607472988,720575940617799253,51,set_3
720575940607472988,720575940618118485,93,set_3
720575940607472988,720575940619128699,54,set_3
720575940607472988,720575940619900507,78,set_3
720575940607472988,720575940621256384,36,set_3
720575940607472988,720575940622123144,36,set_3
720575940607472988,720575940622457579,48,set_3
720575940607472988,720575940624454221,27,set_3
720575940607472988,720575940630661164,42,set_3
720575940607472988,720575940630664556,186,set_3
720575940607472988,720575940631111983,18,set_3
720575940607472988,720575940631619948,78,set_3
720575940607472988,720575940631850521,24,set_3
720575940607472988,720575940637216624,216,set_3
720575940607472988,720575940638419534,18,set_3
720575940607472988,720575940647606148,21,set_3
720575940608370645,720575940611496165,12,set_3
720575940608370645,720575940618165787,52,set_3
720575940608370645,720575940618539810,44,set_3
720575940608370645,720575940620129182,12,set_3
720575940608370645,720575940620741102,10,set_3
720575940608370645,720575940622021637,10,set_3
720575940608370645,720575940623535044,52,set_3
720575940608370645,720575940625872688,10,set_3
720575940608370645,720575940626073637,12,set_3
720575940608370645,720575940627828552,10,set_3
720575940608370645,720575940628125715,32,set_3
720575940608370645,720575940630233404,76,set_3
720575940608370645,720575940636541285,36,set_3
720575940608370645,720575940640162944,14,set_3
720575940608475331,720575940613426343,100,set_3
720575940608475331,720575940616018956,320,set_3
720575940608475331,720575940617799253,50,set_3
720575940608475331,720575940628743752,130,set_3
720575940608475331,720575940631092943,120,set_3
720575940608475331,720575940632281927,140,set_3
720575940608475331,720575940660224641,160,set_3
720575940608500316,720575940605890784,32,set_3
720575940608500316,720575940609133269,156,set_3
720575940608500316,720575940609915204,28,set_3
720575940608500316,720575940610679876,80,set_3
720575940608500316,720575940612354034,20,set_3
720575940608500316,720575940612558061,20,set_3
720575940608500316,720575940613154582,32,set_3
720575940608500316,720575940615500286,64,set_3
720575940608500316,720575940615582111,20,set_3
720575940608500316,720575940616018956,92,set_3
720575940608500316,720575940616466260,36,set_3
720575940608500316,720575940616864217,24,set_3
720575940608500316,720575940617403622,24,set_3
720575940608500316,720575940618028125,176,set_3
720575940608500316,720575940618600246,32,set_3
720575940608500316,720575940619024542,40,set_3
720575940608500316,720575940621586854,364,set_3
720575940608500316,720575940622195625,28,set_3
720575940608500316,720575940622879882,56,set_3
720575940608500316,720575940623132621,124,set_3
720575940608500316,720575940623390246,172,set_3
720575940608500316,720575940623918121,116,set_3
720575940608500316,720575940623993015,188,set_3
720575940608500316,720575940624623287,20,set_3
720575940608500316,720575940624986300,68,set_3
720575940608500316,720575940626094350,416,set_3
720575940608500316,720575940626798736,44,set_3
720575940608500316,720575940626939737,360,set_3
720575940608500316,720575940626961241,108,set_3
720575940608500316,720575940627062088,36,set_3
720575940608500316,720575940627107721,24,set_3
720575940608500316,720575940627167516,40,set_3
720575940608500316,720575940627293540,84,set_3
720575940608500316,720575940627410451,248,set_3
720575940608500316,720575940627704392,28,set_3
720575940608500316,720575940628648809,36,set_3
720575940608500316,720575940628826128,80,set_3
720575940608500316,720575940628971779,80,set_3
720575940608500316,720575940628997123,416,set_3
720575940608500316,720575940630580854,64,set_3
720575940608500316,720575940630839371,128,set_3
720575940608500316,720575940633185567,340,set_3
720575940608500316,720575940633277209,36,set_3
720575940608500316,720575940633293025,24,set_3
720575940608500316,720575940634862943,304,set_3
720575940608500316,720575940635610548,36,set_3
720575940608500316,720575940636346487,44,set_3
720575940608500316,720575940637656286,40,set_3
720575940608500316,720575940644726432,248,set_3
720575940608500316,720575940645528430,168,set_3
720575940608500316,720575940647010356,64,set_3
720575940608500316,720575940647474979,116,set_3
720575940608500316,720575940652104694,44,set_3
720575940608500316,720575940660219521,44,set_3
720575940608707192,720575940616018956,27,set_3
720575940608707192,720575940620025620,27,set_3
720575940608707192,720575940623210445,27,set_3
720575940608707192,720575940625874992,48,set_3
720575940608707192,720575940626191306,45,set_3
720575940608707192,720575940626668218,27,set_3
720575940608707192,720575940630470391,15,set_3
720575940608707192,720575940631092943,57,set_3
720575940608707192,720575940631997032,108,set_3
720575940608713993,720575940612423922,11,set_3
720575940608713993,720575940613361010,13,set_3
720575940608713993,720575940618118485,9,set_3
720575940608713993,720575940619128699,14,set_3
720575940608713993,720575940619473624,6,set_3
720575940608713993,720575940619900507,9,set_3
720575940608713993,720575940620031366,7,set_3
720575940608713993,720575940621256384,6,set_3
720575940608713993,720575940622123144,11,set_3
720575940608713993,720575940622457579,15,set_3
720575940608713993,720575940624253991,6,set_3
720575940608713993,720575940624273149,5,set_3
720575940608713993,720575940626809109,11,set_3
720575940608713993,720575940627492866,5,set_3
720575940608713993,720575940628182910,7,set_3
720575940608713993,720575940628462927,13,set_3
720575940608713993,720575940630575943,5,set_3
720575940608713993,720575940630661164,15,set_3
720575940608713993,720575940630664556,65,set_3
720575940608713993,720575940631111983,7,set_3
720575940608713993,720575940631619948,9,set_3
720575940608713993,720575940631742381,5,set_3
720575940608713993,720575940631850521,18,set_3
720575940608713993,720575940635954879,8,set_3
720575940608713993,720575940637216624,19,set_3
720575940608713993,720575940646156420,12,set_3
720575940609423299,720575940605890784,21,set_3
720575940609423299,720575940612443890,633,set_3
720575940609423299,720575940613154582,15,set_3
720575940609423299,720575940615500030,18,set_3
720575940609423299,720575940615582111,78,set_3
720575940609423299,720575940615671106,204,set_3
720575940609423299,720575940616018956,21,set_3
720575940609423299,720575940616038294,21,set_3
720575940609423299,720575940616164658,24,set_3
720575940609423299,720575940616848214,537,set_3
720575940609423299,720575940616864217,84,set_3
720575940609423299,720575940618238523,39,set_3
720575940609423299,720575940618539810,42,set_3
720575940609423299,720575940618600246,399,set_3
720575940609423299,720575940619682368,15,set_3
720575940609423299,720575940619877396,48,set_3
720575940609423299,720575940620359956,36,set_3
720575940609423299,720575940621047632,93,set_3
720575940609423299,720575940621586854,660,set_3
720575940609423299,720575940621833281,324,set_3
720575940609423299,720575940622026245,48,set_3
720575940609423299,720575940622734106,51,set_3
720575940609423299,720575940623042539,18,set_3
720575940609423299,720575940623164685,24,set_3
720575940609423299,720575940623211725,15,set_3
720575940609423299,720575940623476407,42,set_3
720575940609423299,720575940623535044,21,set_3
720575940609423299,720575940623676394,15,set_3
720575940609423299,720575940623918121,21,set_3
720575940609423299,720575940624224253,15,set_3
720575940609423299,720575940624333802,27,set_3
720575940609423299,720575940625164176,126,set_3
720575940609423299,720575940626528252,558,set_3
720575940609423299,720575940626626597,57,set_3
720575940609423299,720575940626780222,57,set_3
720575940609423299,720575940626860421,69,set_3
720575940609423299,720575940627062088,18,set_3
720575940609423299,720575940627086594,144,set_3
720575940609423299,720575940627739023,33,set_3
720575940609423299,720575940628780309,252,set_3
720575940609423299,720575940628815381,39,set_3
720575940609423299,720575940628826128,129,set_3
720575940609423299,720575940629377218,21,set_3
720575940609423299,720575940629564688,111,set_3
720575940609423299,720575940630233404,24,set_3
720575940609423299,720575940630251095,27,set_3
720575940609423299,720575940630665210,21,set_3
720575940609423299,720575940630691958,27,set_3
720575940609423299,720575940630991311,24,set_3
720575940609423299,720575940631280721,30,set_3
720575940609423299,720575940631328763,249,set_3
720575940609423299,720575940631381007,18,set_3
720575940609423299,720575940631989352,27,set_3
720575940609423299,720575940632043576,18,set_3
720575940609423299,720575940632486969,24,set_3
720575940609423299,720575940632752723,69,set_3
720575940609423299,720575940633185567,648,set_3
720575940609423299,720575940635055039,36,set_3
720575940609423299,720575940635576767,525,set_3
720575940609423299,720575940638024794,48,set_3
720575940609423299,720575940638719807,15,set_3
720575940609423299,720575940639994456,54,set_3
720575940609423299,720575940641655949,15,set_3
720575940609423299,720575940647560500,90,set_3
720575940609922372,720575940607345586,550,set_3
720575940609922372,720575940609133269,330,set_3
720575940609922372,720575940615023535,55,set_3
720575940609922372,720575940615583650,132,set_3
720575940609922372,720575940616848214,341,set_3
720575940609922372,720575940617031385,308,set_3
720575940609922372,720575940617494877,77,set_3
720575940609922372,720575940618165787,231,set_3
720575940609922372,720575940619042427,132,set_3
720575940609922372,720575940619473624,66,set_3
720575940609922372,720575940620741102,253,set_3
720575940609922372,720575940620819659,253,set_3
720575940609922372,720575940620833901,66,set_3
720575940609922372,720575940621256384,55,set_3
720575940609922372,720575940621329328,88,set_3
720575940609922372,720575940622624214,77,set_3
720575940609922372,720575940623017989,66,set_3
720575940609922372,720575940623449382,55,set_3
720575940609922372,720575940623535044,198,set_3
720575940609922372,720575940623676394,55,set_3
720575940609922372,720575940625045180,132,set_3
720575940609922372,720575940625164176,352,set_3
720575940609922372,720575940626075517,66,set_3
720575940609922372,720575940626826288,55,set_3
720575940609922372,720575940626960536,176,set_3
720575940609922372,720575940626961241,110,set_3
720575940609922372,720575940627062088,539,set_3
720575940609922372,720575940627086594,187,set_3
720575940609922372,720575940627410451,88,set_3
720575940609922372,720575940627739023,407,set_3
720575940609922372,720575940628815381,154,set_3
720575940609922372,720575940629266988,66,set_3
720575940609922372,720575940630461404,55,set_3
720575940609922372,720575940630579574,275,set_3
720575940609922372,720575940631595603,88,set_3
720575940609922372,720575940632134227,187,set_3
720575940609922372,720575940632365905,143,set_3
720575940609922372,720575940633824864,187,set_3
720575940609922372,720575940634210155,374,set_3
720575940609922372,720575940635527092,88,set_3
720575940609922372,720575940635596212,638,set_3
720575940609922372,720575940637360730,253,set_3
720575940609922372,720575940639206077,99,set_3
720575940609922372,720575940639994456,77,set_3
720575940609922372,720575940644672548,99,set_3
720575940609922372,720575940647010356,121,set_3
720575940609922372,720575940647060532,165,set_3
720575940609922372,720575940647560500,110,set_3
720575940609922372,720575940660224641,319,set_3
720575940609922372,720575940661338497,77,set_3
720575940609937476,720575940611167842,88,set_3
720575940609937476,720575940616018956,759,set_3
720575940609937476,720575940616848214,110,set_3
720575940609937476,720575940622074206,99,set_3
720575940609937476,720575940623390246,286,set_3
720575940609937476,720575940623535044,77,set_3
720575940609937476,720575940624600840,132,set_3
720575940609937476,720575940626960536,264,set_3
720575940609937476,720575940627739023,66,set_3
720575940609937476,720575940627829064,77,set_3
720575940609937476,720575940631092943,220,set_3
720575940609937476,720575940632281927,264,set_3
720575940609937476,720575940636541285,132,set_3
720575940609937476,720575940660224641,264,set_3
720575940609937476,720575940661338497,209,set_3
720575940609993284,720575940610173048,90,set_3
720575940609993284,720575940611496165,10,set_3
720575940609993284,720575940616018956,16,set_3
720575940609993284,720575940618165787,16,set_3
720575940609993284,720575940620672432,38,set_3
720575940609993284,720575940620878785,12,set_3
720575940609993284,720575940621667693,168,set_3
720575940609993284,720575940623137818,142,set_3
720575940609993284,720575940623535044,34,set_3
720575940609993284,720575940624991495,12,set_3
720575940609993284,720575940625047479,12,set_3
720575940609993284,720575940625489160,28,set_3
720575940609993284,720575940627244200,42,set_3
720575940609993284,720575940630665210,180,set_3
720575940609993284,720575940630980559,164,set_3
720575940609993284,720575940632524559,10,set_3
720575940609993284,720575940633195148,182,set_3
720575940609993284,720575940644745120,14,set_3
720575940610000964,720575940605890784,56,set_3
720575940610000964,720575940609133269,72,set_3
720575940610000964,720575940611160930,76,set_3
720575940610000964,720575940615245107,24,set_3
720575940610000964,720575940616018956,24,set_3
720575940610000964,720575940618165019,160,set_3
720575940610000964,720575940618539810,344,set_3
720575940610000964,720575940620819659,112,set_3
720575940610000964,720575940621047632,208,set_3
720575940610000964,720575940621150191,40,set_3
720575940610000964,720575940621833281,244,set_3
720575940610000964,720575940623535044,36,set_3
720575940610000964,720575940625045180,24,set_3
720575940610000964,720575940625164176,36,set_3
720575940610000964,720575940625874992,228,set_3
720575940610000964,720575940626798736,84,set_3
720575940610000964,720575940627086594,28,set_3
720575940610000964,720575940627312668,20,set_3
720575940610000964,720575940628780309,176,set_3
720575940610000964,720575940630233404,388,set_3
720575940610000964,720575940630868793,132,set_3
720575940610000964,720575940631994728,100,set_3
720575940610000964,720575940632134227,48,set_3
720575940610000964,720575940632281927,32,set_3
720575940610000964,720575940633772257,24,set_3
720575940610000964,720575940636346487,32,set_3
720575940610000964,720575940637360730,32,set_3
720575940610000964,720575940661338497,40,set_3
720575940610054980,720575940610173048,38,set_3
720575940610054980,720575940610897906,12,set_3
720575940610054980,720575940611388595,18,set_3
720575940610054980,720575940611885461,34,set_3
720575940610054980,720575940618539810,14,set_3
720575940610054980,720575940620274085,20,set_3
720575940610054980,720575940620553654,56,set_3
720575940610054980,720575940620983637,38,set_3
720575940610054980,720575940621667693,24,set_3
720575940610054980,720575940621827419,18,set_3
720575940610054980,720575940622144648,88,set_3
720575940610054980,720575940623056422,24,set_3
720575940610054980,720575940624554170,78,set_3
720575940610054980,720575940625045180,16,set_3
720575940610054980,720575940625874992,10,set_3
720575940610054980,720575940627723657,10,set_3
720575940610054980,720575940629422183,22,set_3
720575940610054980,720575940630233404,22,set_3
720575940610054980,720575940630665210,10,set_3
720575940610054980,720575940630868793,16,set_3
720575940610054980,720575940630980559,12,set_3
720575940610054980,720575940631918649,24,set_3
720575940610054980,720575940632252743,12,set_3
720575940610054980,720575940634755041,28,set_3
720575940610054980,720575940635501560,28,set_3
720575940610054980,720575940638024794,14,set_3
720575940610054980,720575940645524003,12,set_3
720575940610054980,720575940646274670,168,set_3
720575940610054980,720575940648804217,80,set_3
720575940610606126,720575940620819659,140,set_3
720575940610606126,720575940621047632,168,set_3
720575940610606126,720575940623148285,140,set_3
720575940610606126,720575940628780309,448,set_3
720575940610606126,720575940633639063,308,set_3
720575940610611246,720575940605682790,930,set_3
720575940610611246,720575940607345586,42,set_3
720575940610611246,720575940610604334,84,set_3
720575940610611246,720575940611018865,312,set_3
720575940610611246,720575940612208858,36,set_3
720575940610611246,720575940614635175,30,set_3
720575940610611246,720575940616791709,78,set_3
720575940610611246,720575940617299515,90,set_3
720575940610611246,720575940617488477,54,set_3
720575940610611246,720575940618135419,60,set_3
720575940610611246,720575940618165019,276,set_3
720575940610611246,720575940618165787,402,set_3
720575940610611246,720575940618539810,36,set_3
720575940610611246,720575940618936710,36,set_3
720575940610611246,720575940620025620,132,set_3
720575940610611246,720575940620553094,60,set_3
720575940610611246,720575940620741102,486,set_3
720575940610611246,720575940620819659,42,set_3
720575940610611246,720575940621116073,174,set_3
720575940610611246,720575940622074206,90,set_3
720575940610611246,720575940622835947,30,set_3
720575940610611246,720575940623004552,30,set_3
720575940610611246,720575940623029395,30,set_3
720575940610611246,720575940623044103,48,set_3
720575940610611246,720575940623535044,114,set_3
720575940610611246,720575940623737525,36,set_3
720575940610611246,720575940624913959,120,set_3
720575940610611246,720575940624928284,96,set_3
720575940610611246,720575940625045180,318,set_3
720575940610611246,720575940625376442,42,set_3
720575940610611246,720575940625740346,48,set_3
720575940610611246,720575940626197593,48,set_3
720575940610611246,720575940626555153,48,set_3
720575940610611246,720575940626583836,60,set_3
720575940610611246,720575940626919144,240,set_3
720575940610611246,720575940627254856,240,set_3
720575940610611246,720575940627275795,330,set_3
720575940610611246,720575940627312668,1116,set_3
720575940610611246,720575940627359228,204,set_3
720575940610611246,720575940627667530,240,set_3
720575940610611246,720575940628743752,306,set_3
720575940610611246,720575940628885160,60,set_3
720575940610611246,720575940629266988,150,set_3
720575940610611246,720575940629595633,156,set_3
720575940610611246,720575940630461404,72,set_3
720575940610611246,720575940630470391,168,set_3
720575940610611246,720575940630504466,66,set_3
720575940610611246,720575940630868793,144,set_3
720575940610611246,720575940631111983,156,set_3
720575940610611246,720575940631939415,108,set_3
720575940610611246,720575940631968599,30,set_3
720575940610611246,720575940632998028,120,set_3
720575940610611246,720575940633170643,30,set_3
720575940610611246,720575940633824864,138,set_3
720575940610611246,720575940634090777,114,set_3
720575940610611246,720575940634093337,192,set_3
720575940610611246,720575940634659508,144,set_3
720575940610611246,720575940635229303,336,set_3
720575940610611246,720575940639206077,66,set_3
720575940610611246,720575940639512192,96,set_3
720575940610611246,720575940641284853,42,set_3
720575940610611246,720575940643823470,186,set_3
720575940610611246,720575940644672548,36,set_3
720575940610611246,720575940646156420,114,set_3
720575940610611246,720575940646192692,36,set_3
720575940610611246,720575940648708228,258,set_3
720575940611366058,720575940607386290,26,set_3
720575940611366058,720575940609939780,30,set_3
720575940611366058,720575940610001220,54,set_3
720575940611366058,720575940610232274,20,set_3
720575940611366058,720575940610584945,10,set_3
720575940611366058,720575940612479205,102,set_3
720575940611366058,720575940612554393,14,set_3
720575940611366058,720575940612906518,22,set_3
720575940611366058,720575940613929391,12,set_3
720575940611366058,720575940615742353,16,set_3
720575940611366058,720575940616018956,38,set_3
720575940611366058,720575940617494877,18,set_3
720575940611366058,720575940617593233,54,set_3
720575940611366058,720575940618859480,34,set_3
720575940611366058,720575940619176094,10,set_3
720575940611366058,720575940619973712,12,set_3
720575940611366058,720575940620374693,108,set_3
720575940611366058,720575940620521350,12,set_3
720575940611366058,720575940622391337,16,set_3
720575940611366058,720575940623476407,10,set_3
720575940611366058,720575940624530372,18,set_3
720575940611366058,720575940625047484,24,set_3
720575940611366058,720575940625834132,26,set_3
720575940611366058,720575940625861660,60,set_3
720575940611366058,720575940626337479,24,set_3
720575940611366058,720575940626835146,130,set_3
720575940611366058,720575940626968216,30,set_3
720575940611366058,720575940627083294,44,set_3
720575940611366058,720575940627704392,28,set_3
720575940611366058,720575940627812168,16,set_3
720575940611366058,720575940628755815,34,set_3
720575940611366058,720575940628802069,118,set_3
720575940611366058,720575940628972048,118,set_3
720575940611366058,720575940628995331,48,set_3
720575940611366058,720575940629623351,12,set_3
720575940611366058,720575940629888530,12,set_3
720575940611366058,720575940630579574,96,set_3
720575940611366058,720575940630674038,14,set_3
720575940611366058,720575940631168057,36,set_3
720575940611366058,720575940631349335,12,set_3
720575940611366058,720575940631406411,66,set_3
720575940611366058,720575940631703608,100,set_3
720575940611366058,720575940631994728,14,set_3
720575940611366058,720575940631997032,142,set_3
720575940611366058,720575940635596468,36,set_3
720575940611366058,720575940636346487,32,set_3
720575940611366058,720575940637656286,14,set_3
720575940611366058,720575940639285949,58,set_3
720575940611366058,720575940639785379,20,set_3
720575940611366058,720575940640589171,10,set_3
720575940611366058,720575940644542880,32,set_3
720575940611366058,720575940652580086,222,set_3
720575940611366058,720575940660223873,116,set_3
720575940611548878,720575940610590869,42,set_3
720575940611548878,720575940613004402,30,set_3
720575940611548878,720575940615245107,36,set_3
720575940611548878,720575940616848214,30,set_3
720575940611548878,720575940617493597,60,set_3
720575940611548878,720575940617494877,162,set_3
720575940611548878,720575940618165019,144,set_3
720575940611548878,720575940618539810,1902,set_3
720575940611548878,720575940621047632,1212,set_3
720575940611548878,720575940621329328,162,set_3
720575940611548878,720575940622026245,534,set_3
720575940611548878,720575940625874992,84,set_3
720575940611548878,720575940627062088,36,set_3
720575940611548878,720575940628780309,504,set_3
720575940611548878,720575940630159616,102,set_3
720575940611548878,720575940630233404,1344,set_3
720575940611548878,720575940631280721,102,set_3
720575940611548878,720575940632281927,126,set_3
720575940611548878,720575940633065901,156,set_3
720575940611548878,720575940637656286,114,set_3
720575940611548878,720575940639206077,54,set_3
720575940611548878,720575940640162944,36,set_3
720575940611548878,720575940641655949,222,set_3
720575940611548878,720575940644666148,276,set_3
720575940611548878,720575940646274670,924,set_3
720575940611548878,720575940661338497,48,set_3
720575940611549902,720575940607162754,35,set_3
720575940611549902,720575940610173048,60,set_3
720575940611549902,720575940611988197,30,set_3
720575940611549902,720575940613426343,25,set_3
720575940611549902,720575940614736290,50,set_3
720575940611549902,720575940615292895,40,set_3
720575940611549902,720575940616018956,45,set_3
720575940611549902,720575940616065254,25,set_3
720575940611549902,720575940618135419,25,set_3
720575940611549902,720575940618165787,25,set_3
720575940611549902,720575940619781814,110,set_3
720575940611549902,720575940621116073,50,set_3
720575940611549902,720575940621329328,55,set_3
720575940611549902,720575940621667693,265,set_3
720575940611549902,720575940621957381,30,set_3
720575940611549902,720575940622312063,175,set_3
720575940611549902,720575940622657268,175,set_3
720575940611549902,720575940623040094,30,set_3
720575940611549902,720575940623137818,165,set_3
720575940611549902,720575940623476407,55,set_3
720575940611549902,720575940623535044,90,set_3
720575940611549902,720575940625454108,270,set_3
720575940611549902,720575940626919144,65,set_3
720575940611549902,720575940627359228,60,set_3
720575940611549902,720575940627418387,30,set_3
720575940611549902,720575940627704392,45,set_3
720575940611549902,720575940628815381,40,set_3
720575940611549902,720575940628885160,35,set_3
720575940611549902,720575940629266988,70,set_3
720575940611549902,720575940630589036,115,set_3
720575940611549902,720575940630605881,45,set_3
720575940611549902,720575940630665210,600,set_3
720575940611549902,720575940630691958,45,set_3
720575940611549902,720575940630775801,30,set_3
720575940611549902,720575940630980559,95,set_3
720575940611549902,720575940631092943,230,set_3
720575940611549902,720575940631787693,90,set_3
720575940611549902,720575940633195148,230,set_3
720575940611549902,720575940634093337,70,set_3
720575940611549902,720575940635807130,285,set_3
720575940611549902,720575940637686750,35,set_3
720575940611549902,720575940639206077,25,set_3
720575940611549902,720575940647037492,65,set_3
720575940612438514,720575940605890784,57,set_3
720575940612438514,720575940608735241,54,set_3
720575940612438514,720575940611643033,21,set_3
720575940612438514,720575940612208858,90,set_3
720575940612438514,720575940614734754,15,set_3
720575940612438514,720575940616164658,42,set_3
720575940612438514,720575940617097684,18,set_3
720575940612438514,720575940617494877,219,set_3
720575940612438514,720575940617629841,36,set_3
720575940612438514,720575940618028125,72,set_3
720575940612438514,720575940619176094,27,set_3
720575940612438514,720575940619973712,54,set_3
720575940612438514,720575940620359956,69,set_3
720575940612438514,720575940620687707,69,set_3
720575940612438514,720575940621329328,69,set_3
720575940612438514,720575940621833281,30,set_3
720575940612438514,720575940622026245,96,set_3
720575940612438514,720575940622452715,72,set_3
720575940612438514,720575940622933765,27,set_3
720575940612438514,720575940623132621,42,set_3
720575940612438514,720575940623379750,57,set_3
720575940612438514,720575940623676394,198,set_3
720575940612438514,720575940624600840,48,set_3
720575940612438514,720575940626075517,30,set_3
720575940612438514,720575940626961241,63,set_3
720575940612438514,720575940627293540,30,set_3
720575940612438514,720575940628815381,51,set_3
720575940612438514,720575940628995331,159,set_3
720575940612438514,720575940628995587,24,set_3
720575940612438514,720575940631280721,45,set_3
720575940612438514,720575940631288850,63,set_3
720575940612438514,720575940631994728,60,set_3
720575940612438514,720575940632134227,18,set_3
720575940612438514,720575940632252743,57,set_3
720575940612438514,720575940632752723,18,set_3
720575940612438514,720575940633277209,18,set_3
720575940612438514,720575940634825623,24,set_3
720575940612438514,720575940636346487,102,set_3
720575940612438514,720575940636649061,42,set_3
720575940612438514,720575940637360730,15,set_3
720575940612438514,720575940637578853,42,set_3
720575940612438514,720575940637656286,174,set_3
720575940612438514,720575940639206077,21,set_3
720575940612438514,720575940639994456,60,set_3
720575940612438514,720575940641655949,54,set_3
720575940612438514,720575940642884000,15,set_3
720575940612438514,720575940647010356,45,set_3
720575940612438514,720575940655015329,45,set_3
720575940612606105,720575940616791709,66,set_3
720575940612606105,720575940618165019,121,set_3
720575940612606105,720575940618539810,2310,set_3
720575940612606105,720575940621047632,660,set_3
720575940612606105,720575940621833281,1078,set_3
720575940612606105,720575940622026245,55,set_3
720575940612606105,720575940622074206,88,set_3
720575940612606105,720575940623133223,55,set_3
720575940612606105,720575940623535044,55,set_3
720575940612606105,720575940625045180,297,set_3
720575940612606105,720575940625164176,88,set_3
720575940612606105,720575940625874992,176,set_3
720575940612606105,720575940627312668,110,set_3
720575940612606105,720575940628743752,88,set_3
720575940612606105,720575940628780309,1034,set_3
720575940612606105,720575940630233404,1562,set_3
720575940612606105,720575940630654539,66,set_3
720575940612606105,720575940631994728,77,set_3
720575940612606105,720575940632134227,88,set_3
720575940612606105,720575940632281927,198,set_3
720575940612606105,720575940633129171,275,set_3
720575940612606105,720575940633129683,275,set_3
720575940612606105,720575940633895469,286,set_3
720575940612606105,720575940646039092,165,set_3
720575940612606105,720575940650760825,374,set_3
720575940612606105,720575940661338497,121,set_3
720575940612686233,720575940605890784,42,set_3
720575940612686233,720575940608735241,14,set_3
720575940612686233,720575940611436408,18,set_3
720575940612686233,720575940612354034,20,set_3
720575940612686233,720575940612357618,22,set_3
720575940612686233,720575940614734754,10,set_3
720575940612686233,720575940616164658,12,set_3
720575940612686233,720575940617031385,38,set_3
720575940612686233,720575940617494877,24,set_3
720575940612686233,720575940618165019,60,set_3
720575940612686233,720575940618539810,128,set_3
720575940612686233,720575940621771041,26,set_3
720575940612686233,720575940622026245,64,set_3
720575940612686233,720575940623379750,10,set_3
720575940612686233,720575940624906483,12,set_3
720575940612686233,720575940625045180,36,set_3
720575940612686233,720575940626968216,14,set_3
720575940612686233,720575940628743752,42,set_3
720575940612686233,720575940628780309,18,set_3
720575940612686233,720575940628995331,10,set_3
720575940612686233,720575940630233404,146,set_3
720575940612686233,720575940630868793,70,set_3
720575940612686233,720575940631994728,40,set_3
720575940612686233,720575940632030008,24,set_3
720575940612686233,720575940636346487,20,set_3
720575940612686233,720575940636649061,28,set_3
720575940612686233,720575940637360730,16,set_3
720575940612686233,720575940637656286,24,set_3
720575940612686233,720575940641281013,22,set_3
720575940612692633,720575940609133269,6,set_3
720575940612692633,720575940610173048,6,set_3
720575940612692633,720575940610232274,9,set_3
720575940612692633,720575940610482883,5,set_3
720575940612692633,720575940612423922,19,set_3
720575940612692633,720575940612692889,7,set_3
720575940612692633,720575940613670893,10,set_3
720575940612692633,720575940614014895,5,set_3
720575940612692633,720575940616018956,25,set_3
720575940612692633,720575940619176094,6,set_3
720575940612692633,720575940620031366,25,set_3
720575940612692633,720575940620274085,66,set_3
720575940612692633,720575940620633070,6,set_3
720575940612692633,720575940620874757,11,set_3
720575940612692633,720575940620994292,5,set_3
720575940612692633,720575940621119367,14,set_3
720575940612692633,720575940621332092,5,set_3
720575940612692633,720575940621667693,54,set_3
720575940612692633,720575940621833281,5,set_3
720575940612692633,720575940622657268,15,set_3
720575940612692633,720575940623210445,17,set_3
720575940612692633,720575940623224555,6,set_3
720575940612692633,720575940625164558,5,set_3
720575940612692633,720575940625454108,27,set_3
720575940612692633,720575940626279742,11,set_3
720575940612692633,720575940626668218,5,set_3
720575940612692633,720575940627113544,13,set_3
720575940612692633,720575940627847752,10,set_3
720575940612692633,720575940628683063,13,set_3
720575940612692633,720575940628755815,42,set_3
720575940612692633,720575940628815381,14,set_3
720575940612692633,720575940629266988,7,set_3
720575940612692633,720575940629888530,12,set_3
720575940612692633,720575940630159616,11,set_3
720575940612692633,720575940630461660,10,set_3
720575940612692633,720575940630665210,60,set_3
720575940612692633,720575940630667372,6,set_3
720575940612692633,720575940630674038,6,set_3
720575940612692633,720575940630691958,5,set_3
720575940612692633,720575940630980559,18,set_3
720575940612692633,720575940631168057,11,set_3
720575940612692633,720575940631787693,12,set_3
720575940612692633,720575940631918649,31,set_3
720575940612692633,720575940631997032,145,set_3
720575940612692633,720575940632659404,9,set_3
720575940612692633,720575940633065901,5,set_3
720575940612692633,720575940637144944,10,set_3
720575940612692633,720575940637790527,5,set_3
720575940612692633,720575940638024794,46,set_3
720575940612692633,720575940638103349,62,set_3
720575940612692633,720575940638684248,7,set_3
720575940612692633,720575940640162944,9,set_3
720575940612692633,720575940644666148,8,set_3
720575940612692633,720575940647030324,8,set_3
720575940612692633,720575940652580086,6,set_3
720575940612692633,720575940660223873,31,set_3
720575940612772915,720575940609133269,69,set_3
720575940612772915,720575940611351193,27,set_3
720575940612772915,720575940623458633,27,set_3
720575940612772915,720575940634667234,30,set_3
720575940612772915,720575940635184735,21,set_3
720575940613563117,720575940609133269,102,set_3
720575940613563117,720575940612208858,204,set_3
720575940613563117,720575940613004402,255,set_3
720575940613563117,720575940616018956,612,set_3
720575940613563117,720575940620217582,102,set_3
720575940613563117,720575940621047632,408,set_3
720575940613563117,720575940621128583,102,set_3
720575940613563117,720575940621833281,289,set_3
720575940613563117,720575940622853258,85,set_3
720575940613563117,720575940623148285,425,set_3
720575940613563117,720575940623390246,1224,set_3
720575940613563117,720575940624263655,170,set_3
720575940613563117,720575940625874992,102,set_3
720575940613563117,720575940626939737,1530,set_3
720575940613563117,720575940626960536,1054,set_3
720575940613563117,720575940628743752,153,set_3
720575940613563117,720575940633639063,289,set_3
720575940613563117,720575940640348149,204,set_3
720575940613563117,720575940644672548,204,set_3
720575940613640685,720575940607345586,184,set_3
720575940613640685,720575940609133269,48,set_3
720575940613640685,720575940615583650,80,set_3
720575940613640685,720575940616018956,88,set_3
720575940613640685,720575940616848214,280,set_3
720575940613640685,720575940617031385,88,set_3
720575940613640685,720575940617663537,40,set_3
720575940613640685,720575940618028125,40,set_3
720575940613640685,720575940619781814,40,set_3
720575940613640685,720575940620741102,72,set_3
720575940613640685,720575940620819659,112,set_3
720575940613640685,720575940621065301,104,set_3
720575940613640685,720575940621329328,40,set_3
720575940613640685,720575940622624214,48,set_3
720575940613640685,720575940623535044,144,set_3
720575940613640685,720575940623676394,64,set_3
720575940613640685,720575940625164176,376,set_3
720575940613640685,720575940626092302,72,set_3
720575940613640685,720575940626890852,56,set_3
720575940613640685,720575940626960536,48,set_3
720575940613640685,720575940626961241,40,set_3
720575940613640685,720575940627062088,336,set_3
720575940613640685,720575940627086594,176,set_3
720575940613640685,720575940627099338,120,set_3
720575940613640685,720575940627293540,48,set_3
720575940613640685,720575940627739023,288,set_3
720575940613640685,720575940628815381,104,set_3
720575940613640685,720575940629639550,64,set_3
720575940613640685,720575940630579574,208,set_3
720575940613640685,720575940632134227,88,set_3
720575940613640685,720575940632365905,96,set_3
720575940613640685,720575940634210155,96,set_3
720575940613640685,720575940635596212,360,set_3
720575940613640685,720575940637360730,48,set_3
720575940613640685,720575940647010356,112,set_3
720575940613640685,720575940647060532,112,set_3
720575940613640685,720575940647560500,264,set_3
720575940613640685,720575940660224641,296,set_3
720575940613943215,720575940605890784,42,set_3
720575940613943215,720575940609133269,33,set_3
720575940613943215,720575940611160930,27,set_3
720575940613943215,720575940618165019,63,set_3
720575940613943215,720575940618539810,213,set_3
720575940613943215,720575940620819659,33,set_3
720575940613943215,720575940621047632,141,set_3
720575940613943215,720575940621150191,15,set_3
720575940613943215,720575940621833281,198,set_3
720575940613943215,720575940622452715,18,set_3
720575940613943215,720575940623535044,18,set_3
720575940613943215,720575940625045180,15,set_3
720575940613943215,720575940625874992,189,set_3
720575940613943215,720575940626798736,75,set_3
720575940613943215,720575940627312668,18,set_3
720575940613943215,720575940628780309,126,set_3
720575940613943215,720575940630233404,210,set_3
720575940613943215,720575940630868793,57,set_3
720575940613943215,720575940631994728,99,set_3
720575940613943215,720575940634210155,15,set_3
720575940613943215,720575940636346487,21,set_3
720575940614714514,720575940606866377,32,set_3
720575940614714514,720575940610232274,208,set_3
720575940614714514,720575940611475698,32,set_3
720575940614714514,720575940611988197,164,set_3
720575940614714514,720575940612423922,52,set_3
720575940614714514,720575940612692889,20,set_3
720575940614714514,720575940613222195,32,set_3
720575940614714514,720575940614660519,20,set_3
720575940614714514,720575940615052812,24,set_3
720575940614714514,720575940615742353,40,set_3
720575940614714514,720575940616018956,52,set_3
720575940614714514,720575940616317211,40,set_3
720575940614714514,720575940616921152,32,set_3
720575940614714514,720575940618859480,40,set_3
720575940614714514,720575940619176094,112,set_3
720575940614714514,720575940619397797,24,set_3
720575940614714514,720575940621332092,52,set_3
720575940614714514,720575940621651327,52,set_3
720575940614714514,720575940623164941,36,set_3
720575940614714514,720575940624310857,52,set_3
720575940614714514,720575940624528740,20,set_3
720575940614714514,720575940627113544,40,set_3
720575940614714514,720575940627847752,36,set_3
720575940614714514,720575940628755815,140,set_3
720575940614714514,720575940629081849,48,set_3
720575940614714514,720575940630664556,272,set_3
720575940614714514,720575940630667372,308,set_3
720575940614714514,720575940631406411,28,set_3
720575940614714514,720575940631703608,32,set_3
720575940614714514,720575940632659404,36,set_3
720575940614714514,720575940633316563,44,set_3
720575940614714514,720575940635596468,120,set_3
720575940614714514,720575940636828334,36,set_3
720575940614714514,720575940637144944,180,set_3
720575940614714514,720575940637216624,20,set_3
720575940614714514,720575940648864633,20,set_3
720575940614714514,720575940652580086,20,set_3
720575940614714514,720575940655011489,384,set_3
720575940614714514,720575940660223873,152,set_3
720575940614954536,720575940610004437,378,set_3
720575940614954536,720575940612019569,144,set_3
720575940614954536,720575940617488477,153,set_3
720575940614954536,720575940618165787,45,set_3
720575940614954536,720575940620129182,378,set_3
720575940614954536,720575940620819659,45,set_3
720575940614954536,720575940622863287,234,set_3
720575940614954536,720575940623004552,45,set_3
720575940614954536,720575940623133223,216,set_3
720575940614954536,720575940623192781,45,set_3
720575940614954536,720575940626555153,135,set_3
720575940614954536,720575940626798736,729,set_3
720575940614954536,720575940626960536,45,set_3
720575940614954536,720575940626972568,45,set_3
720575940614954536,720575940627312668,162,set_3
720575940614954536,720575940628492712,45,set_3
720575940614954536,720575940629773276,63,set_3
720575940614954536,720575940630461660,54,set_3
720575940614954536,720575940630470391,45,set_3
720575940614954536,720575940644672548,90,set_3
720575940615063592,720575940609787256,1456,set_3
720575940615063592,720575940611643033,98,set_3
720575940615063592,720575940613426343,448,set_3
720575940615063592,720575940613527789,210,set_3
720575940615063592,720575940615015976,1162,set_3
720575940615063592,720575940615245107,546,set_3
720575940615063592,720575940616196539,112,set_3
720575940615063592,720575940616308921,84,set_3
720575940615063592,720575940616497477,182,set_3
720575940615063592,720575940617799253,336,set_3
720575940615063592,720575940619990357,84,set_3
720575940615063592,720575940620094366,84,set_3
720575940615063592,720575940621116073,98,set_3
720575940615063592,720575940621329328,588,set_3
720575940615063592,720575940622452715,126,set_3
720575940615063592,720575940623004552,336,set_3
720575940615063592,720575940623042539,196,set_3
720575940615063592,720575940623137818,154,set_3
720575940615063592,720575940623511795,854,set_3
720575940615063592,720575940623535044,84,set_3
720575940615063592,720575940624913959,336,set_3
720575940615063592,720575940625972261,700,set_3
720575940615063592,720575940626075517,182,set_3
720575940615063592,720575940626520402,1064,set_3
720575940615063592,720575940626555153,112,set_3
720575940615063592,720575940626919144,518,set_3
720575940615063592,720575940628344074,1274,set_3
720575940615063592,720575940629422183,140,set_3
720575940615063592,720575940630589036,406,set_3
720575940615063592,720575940630904567,630,set_3
720575940615063592,720575940630995799,210,set_3
720575940615063592,720575940631092943,392,set_3
720575940615063592,720575940631280721,168,set_3
720575940615063592,720575940633195148,168,set_3
720575940615063592,720575940634093337,630,set_3
720575940615063592,720575940634826135,1708,set_3
720575940615063592,720575940639206077,322,set_3
720575940615063592,720575940641655949,168,set_3
720575940615063592,720575940655015329,98,set_3
720575940615063592,720575940655071905,686,set_3
720575940615071391,720575940607071106,40,set_3
720575940615071391,720575940610584945,32,set_3
720575940615071391,720575940611715813,24,set_3
720575940615071391,720575940612261603,64,set_3
720575940615071391,720575940612277090,36,set_3
720575940615071391,720575940612289010,20,set_3
720575940615071391,720575940612339123,88,set_3
720575940615071391,720575940612564135,40,set_3
720575940615071391,720575940614128691,44,set_3
720575940615071391,720575940614763666,68,set_3
720575940615071391,720575940616167730,396,set_3
720575940615071391,720575940616791709,32,set_3
720575940615071391,720575940616921152,28,set_3
720575940615071391,720575940617299515,56,set_3
720575940615071391,720575940617346718,20,set_3
720575940615071391,720575940617398745,28,set_3
720575940615071391,720575940617494877,60,set_3
720575940615071391,720575940619310757,20,set_3
720575940615071391,720575940619973712,276,set_3
720575940615071391,720575940620359956,176,set_3
720575940615071391,720575940620445062,76,set_3
720575940615071391,720575940620550534,20,set_3
720575940615071391,720575940621149709,48,set_3
720575940615071391,720575940621218694,44,set_3
720575940615071391,720575940621827419,124,set_3
720575940615071391,720575940622235425,20,set_3
720575940615071391,720575940622391337,20,set_3
720575940615071391,720575940622695448,112,set_3
720575940615071391,720575940622931976,40,set_3
720575940615071391,720575940623476407,72,set_3
720575940615071391,720575940623617973,180,set_3
720575940615071391,720575940623718380,20,set_3
720575940615071391,720575940624600840,40,set_3
720575940615071391,720575940624988455,80,set_3
720575940615071391,720575940625705930,44,set_3
720575940615071391,720575940625867056,28,set_3
720575940615071391,720575940626191306,32,set_3
720575940615071391,720575940626826288,84,set_3
720575940615071391,720575940627182217,52,set_3
720575940615071391,720575940627383685,72,set_3
720575940615071391,720575940627404858,36,set_3
720575940615071391,720575940628034044,20,set_3
720575940615071391,720575940628675433,20,set_3
720575940615071391,720575940628683063,72,set_3
720575940615071391,720575940628825210,84,set_3
720575940615071391,720575940628936898,32,set_3
720575940615071391,720575940628995331,44,set_3
720575940615071391,720575940628995587,168,set_3
720575940615071391,720575940629422183,180,set_3
720575940615071391,720575940629642693,28,set_3
720575940615071391,720575940629822842,24,set_3
720575940615071391,720575940630589036,28,set_3
720575940615071391,720575940631065144,20,set_3
720575940615071391,720575940631092943,32,set_3
720575940615071391,720575940631314908,44,set_3
720575940615071391,720575940631349335,20,set_3
720575940615071391,720575940631923304,24,set_3
720575940615071391,720575940632030008,24,set_3
720575940615071391,720575940632873261,76,set_3
720575940615071391,720575940633170969,220,set_3
720575940615071391,720575940633277209,212,set_3
720575940615071391,720575940634085983,20,set_3
720575940615071391,720575940636346487,28,set_3
720575940615071391,720575940636675214,96,set_3
720575940615071391,720575940637296356,40,set_3
720575940615071391,720575940637656286,24,set_3
720575940615071391,720575940639786915,32,set_3
720575940615071391,720575940644750116,44,set_3
720575940615071391,720575940647060532,28,set_3
720575940615071391,720575940655011489,20,set_3
720575940615330265,720575940616018956,7,set_3
720575940615330265,720575940618859480,7,set_3
720575940615330265,720575940621218694,7,set_3
720575940615330265,720575940623210445,18,set_3
720575940615330265,720575940626075517,5,set_3
720575940615330265,720575940626191306,8,set_3
720575940615330265,720575940626668218,20,set_3
720575940615330265,720575940628023685,10,set_3
720575940615330265,720575940631092943,73,set_3
720575940615330265,720575940631111983,5,set_3
720575940615330265,720575940631997032,53,set_3
720575940615330265,720575940638103349,17,set_3
720575940615410911,720575940607193986,48,set_3
720575940615410911,720575940609133269,186,set_3
720575940615410911,720575940612208858,720,set_3
720575940615410911,720575940612354034,114,set_3
720575940615410911,720575940617403622,114,set_3
720575940615410911,720575940618539810,36,set_3
720575940615410911,720575940619877396,30,set_3
720575940615410911,720575940620274085,54,set_3
720575940615410911,720575940626094350,252,set_3
720575940615410911,720575940626279486,78,set_3
720575940615410911,720575940627410451,48,set_3
720575940615410911,720575940628997123,174,set_3
720575940615410911,720575940629810748,90,set_3
720575940615410911,720575940630233404,36,set_3
720575940615410911,720575940631918649,126,set_3
720575940615410911,720575940631939432,30,set_3
720575940615410911,720575940632281927,510,set_3
720575940615410911,720575940633772257,198,set_3
720575940615410911,720575940634782359,30,set_3
720575940615410911,720575940646274670,60,set_3
720575940615410911,720575940660220289,30,set_3
720575940615410911,720575940661338497,966,set_3
720575940615495839,720575940613361010,259,set_3
720575940615495839,720575940613426343,84,set_3
720575940615495839,720575940616018956,126,set_3
720575940615495839,720575940617488477,42,set_3
720575940615495839,720575940618118485,343,set_3
720575940615495839,720575940618859480,84,set_3
720575940615495839,720575940619473624,364,set_3
720575940615495839,720575940620031366,77,set_3
720575940615495839,720575940620780272,35,set_3
720575940615495839,720575940620819659,56,set_3
720575940615495839,720575940621332092,49,set_3
720575940615495839,720575940621827419,56,set_3
720575940615495839,720575940622457579,329,set_3
720575940615495839,720575940623535044,154,set_3
720575940615495839,720575940624530372,49,set_3
720575940615495839,720575940626809109,91,set_3
720575940615495839,720575940627113544,91,set_3
720575940615495839,720575940628034044,56,set_3
720575940615495839,720575940628787016,42,set_3
720575940615495839,720575940630661164,273,set_3
720575940615495839,720575940631111983,119,set_3
720575940615495839,720575940631850521,91,set_3
720575940615495839,720575940631997032,882,set_3
720575940615495839,720575940632365905,77,set_3
720575940615495839,720575940633170969,84,set_3
720575940615495839,720575940634085983,35,set_3
720575940615495839,720575940634093337,42,set_3
720575940615495839,720575940634659508,56,set_3
720575940615495839,720575940638103349,175,set_3
720575940615672130,720575940607162754,28,set_3
720575940615672130,720575940608735241,32,set_3
720575940615672130,720575940610679876,24,set_3
720575940615672130,720575940611167842,88,set_3
720575940615672130,720575940612354034,400,set_3
720575940615672130,720575940612357618,20,set_3
720575940615672130,720575940614165201,24,set_3
720575940615672130,720575940614734754,20,set_3
720575940615672130,720575940615582111,40,set_3
720575940615672130,720575940615583650,72,set_3
720575940615672130,720575940616164658,128,set_3
720575940615672130,720575940616851030,20,set_3
720575940615672130,720575940619530187,24,set_3
720575940615672130,720575940620274085,20,set_3
720575940615672130,720575940621586854,32,set_3
720575940615672130,720575940622195625,20,set_3
720575940615672130,720575940622734106,20,set_3
720575940615672130,720575940622879882,44,set_3
720575940615672130,720575940623390246,76,set_3
720575940615672130,720575940623918121,256,set_3
720575940615672130,720575940623993015,176,set_3
720575940615672130,720575940624986300,172,set_3
720575940615672130,720575940626094350,1228,set_3
720575940615672130,720575940626939737,92,set_3
720575940615672130,720575940627062088,48,set_3
720575940615672130,720575940627410451,140,set_3
720575940615672130,720575940627826760,32,set_3
720575940615672130,720575940628345610,36,set_3
720575940615672130,720575940628997123,1112,set_3
720575940615672130,720575940629805950,104,set_3
720575940615672130,720575940630691958,20,set_3
720575940615672130,720575940630829051,304,set_3
720575940615672130,720575940631918649,44,set_3
720575940615672130,720575940632030008,28,set_3
720575940615672130,720575940632752723,88,set_3
720575940615672130,720575940633185567,32,set_3
720575940615672130,720575940634825623,20,set_3
720575940615672130,720575940636685454,28,set_3
720575940615672130,720575940638001498,76,set_3
720575940615672130,720575940644726432,128,set_3
720575940615672130,720575940645528430,204,set_3
720575940615672130,720575940645697828,24,set_3
720575940615894614,720575940611630194,70,set_3
720575940615894614,720575940613170385,84,set_3
720575940615894614,720575940615215922,140,set_3
720575940615894614,720575940615292895,56,set_3
720575940615894614,720575940616328705,147,set_3
720575940615894614,720575940616921152,287,set_3
720575940615894614,720575940617799253,70,set_3
720575940615894614,720575940618788944,42,set_3
720575940615894614,720575940620031366,56,set_3
720575940615894614,720575940620177543,91,set_3
720575940615894614,720575940621329328,84,set_3
720575940615894614,720575940622154266,56,set_3
720575940615894614,720575940623476407,35,set_3
720575940615894614,720575940623535044,35,set_3
720575940615894614,720575940626583836,91,set_3
720575940615894614,720575940627275795,203,set_3
720575940615894614,720575940627429907,35,set_3
720575940615894614,720575940628436282,35,set_3
720575940615894614,720575940630470391,84,set_3
720575940615894614,720575940630839371,42,set_3
720575940615894614,720575940632365905,35,set_3
720575940615894614,720575940633170969,98,set_3
720575940615894614,720575940633639063,49,set_3
720575940615894614,720575940636541285,154,set_3
720575940615894614,720575940639786915,63,set_3
720575940616014092,720575940607162754,650,set_3
720575940616014092,720575940610482883,65,set_3
720575940616014092,720575940610677828,135,set_3
720575940616014092,720575940611167842,25,set_3
720575940616014092,720575940612208858,30,set_3
720575940616014092,720575940612443890,145,set_3
720575940616014092,720575940615245107,55,set_3
720575940616014092,720575940615671106,30,set_3
720575940616014092,720575940616038294,70,set_3
720575940616014092,720575940617493597,100,set_3
720575940616014092,720575940617494877,85,set_3
720575940616014092,720575940618539810,580,set_3
720575940616014092,720575940618574749,40,set_3
720575940616014092,720575940621047632,365,set_3
720575940616014092,720575940621833281,35,set_3
720575940616014092,720575940622195625,215,set_3
720575940616014092,720575940623164685,555,set_3
720575940616014092,720575940623449382,35,set_3
720575940616014092,720575940624966840,35,set_3
720575940616014092,720575940625164176,405,set_3
720575940616014092,720575940627062088,45,set_3
720575940616014092,720575940627410451,255,set_3
720575940616014092,720575940628780309,395,set_3
720575940616014092,720575940628826128,775,set_3
720575940616014092,720575940629564688,95,set_3
720575940616014092,720575940630233404,450,set_3
720575940616014092,720575940630691958,1125,set_3
720575940616014092,720575940631328763,35,set_3
720575940616014092,720575940631340815,45,set_3
720575940616014092,720575940631994728,40,set_3
720575940616014092,720575940632134227,90,set_3
720575940616014092,720575940632281927,65,set_3
720575940616014092,720575940632486969,185,set_3
720575940616014092,720575940635596212,50,set_3
720575940616014092,720575940637360730,105,set_3
720575940616014092,720575940637656286,30,set_3
720575940616014092,720575940638024794,95,set_3
720575940616014092,720575940648188548,35,set_3
720575940616014092,720575940649829241,70,set_3
720575940616014092,720575940661338497,85,set_3
720575940616067890,720575940605682790,8,set_3
720575940616067890,720575940620025620,20,set_3
720575940616067890,720575940623133223,10,set_3
720575940616067890,720575940625045180,10,set_3
720575940616067890,720575940628743752,103,set_3
720575940616067890,720575940661338497,9,set_3
720575940616071483,720575940605682790,17,set_3
720575940616071483,720575940612019569,7,set_3
720575940616071483,720575940616196539,5,set_3
720575940616071483,720575940616934289,24,set_3
720575940616071483,720575940618165787,6,set_3
720575940616071483,720575940618539810,33,set_3
720575940616071483,720575940618889931,66,set_3
720575940616071483,720575940622863287,7,set_3
720575940616071483,720575940623133223,8,set_3
720575940616071483,720575940623458633,8,set_3
720575940616071483,720575940623535044,6,set_3
720575940616071483,720575940624139559,5,set_3
720575940616071483,720575940625045180,14,set_3
720575940616071483,720575940628344074,9,set_3
720575940616071483,720575940628743752,13,set_3
720575940616071483,720575940630233404,24,set_3
720575940616071483,720575940632596449,26,set_3
720575940616071483,720575940634667234,5,set_3
720575940616071483,720575940637019994,29,set_3
720575940616071483,720575940640554045,33,set_3
720575940616100582,720575940608239371,7,set_3
720575940616100582,720575940613604162,5,set_3
720575940616100582,720575940614660519,7,set_3
720575940616100582,720575940618859480,19,set_3
720575940616100582,720575940619473624,17,set_3
720575940616100582,720575940620359956,47,set_3
720575940616100582,720575940620467115,7,set_3
720575940616100582,720575940620521350,24,set_3
720575940616100582,720575940621128583,9,set_3
720575940616100582,720575940622931976,5,set_3
720575940616100582,720575940623476407,6,set_3
720575940616100582,720575940625867056,8,set_3
720575940616100582,720575940626337479,5,set_3
720575940616100582,720575940626835146,9,set_3
720575940616100582,720575940626968216,13,set_3
720575940616100582,720575940627182217,8,set_3
720575940616100582,720575940628972048,16,set_3
720575940616100582,720575940628995587,14,set_3
720575940616100582,720575940630665210,9,set_3
720575940616100582,720575940631349335,5,set_3
720575940616100582,720575940633170969,11,set_3
720575940616100582,720575940634527840,11,set_3
720575940616100582,720575940634788247,7,set_3
720575940616100582,720575940637144944,5,set_3
720575940616100582,720575940639785379,10,set_3
720575940616162866,720575940606867145,18,set_3
720575940616162866,720575940612572723,30,set_3
720575940616162866,720575940617493597,18,set_3
720575940616162866,720575940618165787,57,set_3
720575940616162866,720575940618539810,84,set_3
720575940616162866,720575940620129182,21,set_3
720575940616162866,720575940621668079,18,set_3
720575940616162866,720575940622021637,30,set_3
720575940616162866,720575940623535044,105,set_3
720575940616162866,720575940626073637,30,set_3
720575940616162866,720575940627828552,39,set_3
720575940616162866,720575940630233404,60,set_3
720575940616162866,720575940632365905,30,set_3
720575940616162866,720575940633065901,27,set_3
720575940616162866,720575940636541285,27,set_3
720575940616162866,720575940640162944,18,set_3
720575940616162866,720575940644666148,15,set_3
720575940616162866,720575940647060532,21,set_3
720575940616169010,720575940616018956,42,set_3
720575940616169010,720575940620025620,35,set_3
720575940616169010,720575940625172016,147,set_3
720575940616169010,720575940628743752,154,set_3
720575940616169010,720575940631111983,42,set_3
720575940616169010,720575940634659508,35,set_3
720575940616169010,720575940661338497,84,set_3
720575940616194610,720575940605890784,15,set_3
720575940616194610,720575940607272649,21,set_3
720575940616194610,720575940608498780,63,set_3
720575940616194610,720575940609133269,21,set_3
720575940616194610,720575940612208858,393,set_3
720575940616194610,720575940612354034,87,set_3
720575940616194610,720575940613154582,555,set_3
720575940616194610,720575940614734754,15,set_3
720575940616194610,720575940615582111,36,set_3
720575940616194610,720575940615583650,78,set_3
720575940616194610,720575940615671106,18,set_3
720575940616194610,720575940616038294,45,set_3
720575940616194610,720575940616164658,108,set_3
720575940616194610,720575940616848214,42,set_3
720575940616194610,720575940616851030,36,set_3
720575940616194610,720575940617031385,108,set_3
720575940616194610,720575940617403622,156,set_3
720575940616194610,720575940618165787,18,set_3
720575940616194610,720575940618539810,27,set_3
720575940616194610,720575940619877396,84,set_3
720575940616194610,720575940619898526,51,set_3
720575940616194610,720575940622026245,228,set_3
720575940616194610,720575940622452715,60,set_3
720575940616194610,720575940622734106,81,set_3
720575940616194610,720575940623128269,15,set_3
720575940616194610,720575940623381286,18,set_3
720575940616194610,720575940623415849,24,set_3
720575940616194610,720575940623676394,135,set_3
720575940616194610,720575940624224253,243,set_3
720575940616194610,720575940626094350,558,set_3
720575940616194610,720575940626099214,30,set_3
720575940616194610,720575940626960536,33,set_3
720575940616194610,720575940627015196,15,set_3
720575940616194610,720575940627062088,57,set_3
720575940616194610,720575940627107721,18,set_3
720575940616194610,720575940627182217,45,set_3
720575940616194610,720575940627410451,159,set_3
720575940616194610,720575940627739023,462,set_3
720575940616194610,720575940628780309,51,set_3
720575940616194610,720575940628997123,504,set_3
720575940616194610,720575940629377218,18,set_3
720575940616194610,720575940629564688,15,set_3
720575940616194610,720575940630233404,42,set_3
720575940616194610,720575940631381007,27,set_3
720575940616194610,720575940631939432,30,set_3
720575940616194610,720575940631994728,27,set_3
720575940616194610,720575940632752723,33,set_3
720575940616194610,720575940633772257,15,set_3
720575940616194610,720575940635527322,18,set_3
720575940616194610,720575940635576767,18,set_3
720575940616194610,720575940635596212,174,set_3
720575940616194610,720575940641281013,453,set_3
720575940616194610,720575940655015329,30,set_3
720575940616194610,720575940661338497,21,set_3
720575940616667186,720575940609133269,5,set_3
720575940616667186,720575940613361010,11,set_3
720575940616667186,720575940613426343,6,set_3
720575940616667186,720575940616018956,35,set_3
720575940616667186,720575940618118485,22,set_3
720575940616667186,720575940619473624,16,set_3
720575940616667186,720575940621218694,5,set_3
720575940616667186,720575940621256384,11,set_3
720575940616667186,720575940621701846,5,set_3
720575940616667186,720575940623449382,7,set_3
720575940616667186,720575940625874992,17,set_3
720575940616667186,720575940626191306,13,set_3
720575940616667186,720575940626197593,15,set_3
720575940616667186,720575940626668218,30,set_3
720575940616667186,720575940627704392,17,set_3
720575940616667186,720575940630504466,12,set_3
720575940616667186,720575940630890040,10,set_3
720575940616667186,720575940631111983,32,set_3
720575940616667186,720575940631349335,5,set_3
720575940616667186,720575940631850521,38,set_3
720575940616667186,720575940631997032,175,set_3
720575940616667186,720575940634659508,9,set_3
720575940616667186,720575940637216624,34,set_3
720575940616667186,720575940638103349,8,set_3
720575940616667186,720575940643823470,10,set_3
720575940616667186,720575940646156420,15,set_3
720575940617151266,720575940607272649,56,set_3
720575940617151266,720575940607386290,105,set_3
720575940617151266,720575940609939780,434,set_3
720575940617151266,720575940612906518,224,set_3
720575940617151266,720575940616033563,56,set_3
720575940617151266,720575940617031385,70,set_3
720575940617151266,720575940620359956,35,set_3
720575940617151266,720575940623476407,483,set_3
720575940617151266,720575940625047484,203,set_3
720575940617151266,720575940625867056,35,set_3
720575940617151266,720575940626625813,168,set_3
720575940617151266,720575940626968216,371,set_3
720575940617151266,720575940627083294,112,set_3
720575940617151266,720575940627182217,630,set_3
720575940617151266,720575940628096586,161,set_3
720575940617151266,720575940628995587,49,set_3
720575940617151266,720575940629421415,119,set_3
720575940617151266,720575940635166571,77,set_3
720575940617151266,720575940635684526,35,set_3
720575940617151266,720575940639285949,161,set_3
720575940617151266,720575940645697828,35,set_3
720575940617244027,720575940611248662,48,set_3
720575940617244027,720575940616167730,27,set_3
720575940617244027,720575940620359956,69,set_3
720575940617244027,720575940620780272,81,set_3
720575940617244027,720575940621647238,15,set_3
720575940617244027,720575940623017989,33,set_3
720575940617244027,720575940623164941,18,set_3
720575940617244027,720575940623224555,18,set_3
720575940617244027,720575940623476407,21,set_3
720575940617244027,720575940625867056,33,set_3
720575940617244027,720575940626625813,24,set_3
720575940617244027,720575940626968216,15,set_3
720575940617244027,720575940627182217,30,set_3
720575940617244027,720575940628995587,93,set_3
720575940617244027,720575940629598935,36,set_3
720575940617244027,720575940629773276,30,set_3
720575940617244027,720575940634900855,27,set_3
720575940617244027,720575940641284853,24,set_3
720575940617244027,720575940647030324,30,set_3
720575940617244027,720575940648864633,18,set_3
720575940617244027,720575940652580086,15,set_3
720575940617298747,720575940609133269,70,set_3
720575940617298747,720575940610679876,270,set_3
720575940617298747,720575940611531986,30,set_3
720575940617298747,720575940615500286,105,set_3
720575940617298747,720575940616018956,390,set_3
720575940617298747,720575940616864217,55,set_3
720575940617298747,720575940617494877,40,set_3
720575940617298747,720575940617629841,30,set_3
720575940617298747,720575940617853730,40,set_3
720575940617298747,720575940618028125,100,set_3
720575940617298747,720575940618600246,60,set_3
720575940617298747,720575940619024542,55,set_3
720575940617298747,720575940619973712,30,set_3
720575940617298747,720575940621586854,750,set_3
720575940617298747,720575940621833281,25,set_3
720575940617298747,720575940622879882,45,set_3
720575940617298747,720575940623132621,85,set_3
720575940617298747,720575940623390246,375,set_3
720575940617298747,720575940623918121,180,set_3
720575940617298747,720575940623993015,110,set_3
720575940617298747,720575940624986300,95,set_3
720575940617298747,720575940625861660,25,set_3
720575940617298747,720575940626094350,365,set_3
720575940617298747,720575940626798736,25,set_3
720575940617298747,720575940626890852,50,set_3
720575940617298747,720575940626939737,270,set_3
720575940617298747,720575940626961241,110,set_3
720575940617298747,720575940627062088,25,set_3
720575940617298747,720575940627167516,30,set_3
720575940617298747,720575940627293540,275,set_3
720575940617298747,720575940627410451,40,set_3
720575940617298747,720575940627704392,50,set_3
720575940617298747,720575940628648809,35,set_3
720575940617298747,720575940628826128,195,set_3
720575940617298747,720575940628971779,235,set_3
720575940617298747,720575940628995331,80,set_3
720575940617298747,720575940628997123,255,set_3
720575940617298747,720575940630580854,150,set_3
720575940617298747,720575940630839371,270,set_3
720575940617298747,720575940630964188,25,set_3
720575940617298747,720575940633185567,865,set_3
720575940617298747,720575940633277209,30,set_3
720575940617298747,720575940633293025,65,set_3
720575940617298747,720575940634862943,225,set_3
720575940617298747,720575940636346487,45,set_3
720575940617298747,720575940637656286,50,set_3
720575940617298747,720575940644726432,190,set_3
720575940617298747,720575940645528430,110,set_3
720575940617298747,720575940647010356,240,set_3
720575940617298747,720575940647474979,205,set_3
720575940617298747,720575940652104694,70,set_3
720575940617298747,720575940660224641,45,set_3
720575940617393625,720575940616864217,40,set_3
720575940617393625,720575940618165019,12,set_3
720575940617393625,720575940618539810,156,set_3
720575940617393625,720575940621047632,288,set_3
720575940617393625,720575940621833281,28,set_3
720575940617393625,720575940622500172,30,set_3
720575940617393625,720575940627829064,10,set_3
720575940617393625,720575940627847752,26,set_3
720575940617393625,720575940628780309,10,set_3
720575940617393625,720575940630233404,216,set_3
720575940617393625,720575940631340815,12,set_3
720575940617393625,720575940632134227,60,set_3
720575940617393625,720575940632281927,40,set_3
720575940617393625,720575940633529548,12,set_3
720575940617393625,720575940637360730,28,set_3
720575940617393625,720575940638024794,140,set_3
720575940617393625,720575940661338497,32,set_3
720575940617476379,720575940613426343,96,set_3
720575940617476379,720575940616018956,528,set_3
720575940617476379,720575940623148285,108,set_3
720575940617476379,720575940628743752,132,set_3
720575940617476379,720575940631092943,672,set_3
720575940617476379,720575940632281927,60,set_3
720575940617476379,720575940633639063,60,set_3
720575940617476379,720575940660224641,276,set_3
720575940617636725,720575940612357618,20,set_3
720575940617636725,720575940622195625,44,set_3
720575940617636725,720575940623132621,28,set_3
720575940617636725,720575940626798736,24,set_3
720575940617636725,720575940626919144,24,set_3
720575940617636725,720575940626960536,36,set_3
720575940617636725,720575940629422183,32,set_3
720575940617636725,720575940634093337,52,set_3
720575940617636725,720575940635527322,20,set_3
720575940617636725,720575940635610548,20,set_3
720575940617678566,720575940608735241,210,set_3
720575940617678566,720575940609407939,42,set_3
720575940617678566,720575940610004437,49,set_3
720575940617678566,720575940610482883,35,set_3
720575940617678566,720575940610677828,91,set_3
720575940617678566,720575940611502286,945,set_3
720575940617678566,720575940611531986,49,set_3
720575940617678566,720575940612019569,42,set_3
720575940617678566,720575940612208858,581,set_3
720575940617678566,720575940612443890,2037,set_3
720575940617678566,720575940613154582,910,set_3
720575940617678566,720575940613825814,77,set_3
720575940617678566,720575940613929391,322,set_3
720575940617678566,720575940614660519,119,set_3
720575940617678566,720575940615245107,63,set_3
720575940617678566,720575940615505406,56,set_3
720575940617678566,720575940615583647,798,set_3
720575940617678566,720575940615671106,1337,set_3
720575940617678566,720575940616018956,84,set_3
720575940617678566,720575940616164658,140,set_3
720575940617678566,720575940616298171,126,set_3
720575940617678566,720575940616848214,98,set_3
720575940617678566,720575940616851030,35,set_3
720575940617678566,720575940617031385,658,set_3
720575940617678566,720575940617403622,294,set_3
720575940617678566,720575940617629841,280,set_3
720575940617678566,720575940617819216,42,set_3
720575940617678566,720575940617853730,91,set_3
720575940617678566,720575940618165019,112,set_3
720575940617678566,720575940618238523,49,set_3
720575940617678566,720575940618539810,560,set_3
720575940617678566,720575940618574749,238,set_3
720575940617678566,720575940618600246,917,set_3
720575940617678566,720575940618696989,133,set_3
720575940617678566,720575940618859480,35,set_3
720575940617678566,720575940619155264,490,set_3
720575940617678566,720575940619588568,70,set_3
720575940617678566,720575940619877396,1148,set_3
720575940617678566,720575940619898526,210,set_3
720575940617678566,720575940620497062,147,set_3
720575940617678566,720575940620819659,63,set_3
720575940617678566,720575940621538142,56,set_3
720575940617678566,720575940621573030,63,set_3
720575940617678566,720575940621586854,455,set_3
720575940617678566,720575940621771041,56,set_3
720575940617678566,720575940621833281,1491,set_3
720575940617678566,720575940622026245,392,set_3
720575940617678566,720575940622116705,42,set_3
720575940617678566,720575940622195625,196,set_3
720575940617678566,720575940622863287,56,set_3
720575940617678566,720575940622879882,42,set_3
720575940617678566,720575940622921827,49,set_3
720575940617678566,720575940623008659,77,set_3
720575940617678566,720575940623132621,49,set_3
720575940617678566,720575940623133223,112,set_3
720575940617678566,720575940623164685,210,set_3
720575940617678566,720575940623379750,1113,set_3
720575940617678566,720575940623381286,56,set_3
720575940617678566,720575940623676394,84,set_3
720575940617678566,720575940623918121,287,set_3
720575940617678566,720575940624280066,56,set_3
720575940617678566,720575940624394498,35,set_3
720575940617678566,720575940624484796,161,set_3
720575940617678566,720575940624675988,63,set_3
720575940617678566,720575940624756297,973,set_3
720575940617678566,720575940624986300,203,set_3
720575940617678566,720575940625164176,427,set_3
720575940617678566,720575940626094350,231,set_3
720575940617678566,720575940626229849,98,set_3
720575940617678566,720575940626528252,1428,set_3
720575940617678566,720575940626672058,259,set_3
720575940617678566,720575940626780222,203,set_3
720575940617678566,720575940626860421,427,set_3
720575940617678566,720575940626890852,42,set_3
720575940617678566,720575940626919144,42,set_3
720575940617678566,720575940626960536,504,set_3
720575940617678566,720575940626972056,56,set_3
720575940617678566,720575940627062088,224,set_3
720575940617678566,720575940627107721,119,set_3
720575940617678566,720575940627383685,56,set_3
720575940617678566,720575940627403578,119,set_3
720575940617678566,720575940627410451,301,set_3
720575940617678566,720575940627418387,119,set_3
720575940617678566,720575940627429907,462,set_3
720575940617678566,720575940627739023,77,set_3
720575940617678566,720575940627779983,42,set_3
720575940617678566,720575940627847752,70,set_3
720575940617678566,720575940628345610,63,set_3
720575940617678566,720575940628780309,1463,set_3
720575940617678566,720575940628826128,238,set_3
720575940617678566,720575940628971779,245,set_3
720575940617678566,720575940628997123,315,set_3
720575940617678566,720575940628998659,238,set_3
720575940617678566,720575940629377218,133,set_3
720575940617678566,720575940629805950,189,set_3
720575940617678566,720575940630233404,903,set_3
720575940617678566,720575940630839371,77,set_3
720575940617678566,720575940630868793,42,set_3
720575940617678566,720575940630951424,105,set_3
720575940617678566,720575940630964188,63,set_3
720575940617678566,720575940631919976,49,set_3
720575940617678566,720575940631939432,357,set_3
720575940617678566,720575940631989352,203,set_3
720575940617678566,720575940632134227,483,set_3
720575940617678566,720575940632252743,322,set_3
720575940617678566,720575940632281927,217,set_3
720575940617678566,720575940632486969,455,set_3
720575940617678566,720575940632634532,119,set_3
720575940617678566,720575940632752723,175,set_3
720575940617678566,720575940632960813,378,set_3
720575940617678566,720575940633170969,98,set_3
720575940617678566,720575940633185567,441,set_3
720575940617678566,720575940633218444,266,set_3
720575940617678566,720575940633881848,42,set_3
720575940617678566,720575940634862943,119,set_3
720575940617678566,720575940635596212,336,set_3
720575940617678566,720575940635610548,35,set_3
720575940617678566,720575940636649061,462,set_3
720575940617678566,720575940637184326,42,set_3
720575940617678566,720575940637360730,546,set_3
720575940617678566,720575940637578853,133,set_3
720575940617678566,720575940638024794,42,set_3
720575940617678566,720575940638684248,35,set_3
720575940617678566,720575940638719807,63,set_3
720575940617678566,720575940639785379,35,set_3
720575940617678566,720575940639994456,287,set_3
720575940617678566,720575940641281013,952,set_3
720575940617678566,720575940642884000,91,set_3
720575940617678566,720575940644542880,231,set_3
720575940617678566,720575940645697828,105,set_3
720575940617678566,720575940647560500,1036,set_3
720575940617678566,720575940648180868,308,set_3
720575940617678566,720575940649829241,91,set_3
720575940617678566,720575940661338497,140,set_3
720575940617787963,720575940608735241,585,set_3
720575940617787963,720575940609133269,81,set_3
720575940617787963,720575940609405635,45,set_3
720575940617787963,720575940609407939,162,set_3
720575940617787963,720575940610004437,288,set_3
720575940617787963,720575940610173048,45,set_3
720575940617787963,720575940610258552,72,set_3
720575940617787963,720575940610677828,72,set_3
720575940617787963,720575940611502286,999,set_3
720575940617787963,720575940611531986,81,set_3
720575940617787963,720575940612019569,180,set_3
720575940617787963,720575940612208858,1620,set_3
720575940617787963,720575940612443890,1206,set_3
720575940617787963,720575940612910503,63,set_3
720575940617787963,720575940613154582,1494,set_3
720575940617787963,720575940613825814,81,set_3
720575940617787963,720575940613929391,360,set_3
720575940617787963,720575940614660519,81,set_3
720575940617787963,720575940615500286,117,set_3
720575940617787963,720575940615505406,99,set_3
720575940617787963,720575940615583647,1098,set_3
720575940617787963,720575940615666655,45,set_3
720575940617787963,720575940615671106,1503,set_3
720575940617787963,720575940616018956,63,set_3
720575940617787963,720575940616164658,117,set_3
720575940617787963,720575940616167730,117,set_3
720575940617787963,720575940616298171,171,set_3
720575940617787963,720575940616848214,72,set_3
720575940617787963,720575940616851030,135,set_3
720575940617787963,720575940617031385,999,set_3
720575940617787963,720575940617403622,450,set_3
720575940617787963,720575940617629841,171,set_3
720575940617787963,720575940617853730,90,set_3
720575940617787963,720575940618165019,261,set_3
720575940617787963,720575940618238523,45,set_3
720575940617787963,720575940618539810,648,set_3
720575940617787963,720575940618574749,306,set_3
720575940617787963,720575940618600246,630,set_3
720575940617787963,720575940618696989,135,set_3
720575940617787963,720575940618877531,63,set_3
720575940617787963,720575940619155264,450,set_3
720575940617787963,720575940619588568,117,set_3
720575940617787963,720575940619877396,1647,set_3
720575940617787963,720575940619898526,855,set_3
720575940617787963,720575940620274085,45,set_3
720575940617787963,720575940621586854,243,set_3
720575940617787963,720575940621647238,63,set_3
720575940617787963,720575940621833281,810,set_3
720575940617787963,720575940622026245,1521,set_3
720575940617787963,720575940622195625,468,set_3
720575940617787963,720575940622863287,288,set_3
720575940617787963,720575940622921827,63,set_3
720575940617787963,720575940623008659,189,set_3
720575940617787963,720575940623132621,171,set_3
720575940617787963,720575940623133223,369,set_3
720575940617787963,720575940623164685,180,set_3
720575940617787963,720575940623379750,828,set_3
720575940617787963,720575940623381286,117,set_3
720575940617787963,720575940623676394,288,set_3
720575940617787963,720575940623918121,243,set_3
720575940617787963,720575940624484796,99,set_3
720575940617787963,720575940624623287,45,set_3
720575940617787963,720575940624675988,54,set_3
720575940617787963,720575940624756297,648,set_3
720575940617787963,720575940624986300,225,set_3
720575940617787963,720575940625164176,360,set_3
720575940617787963,720575940626094350,369,set_3
720575940617787963,720575940626229849,108,set_3
720575940617787963,720575940626528252,936,set_3
720575940617787963,720575940626672058,351,set_3
720575940617787963,720575940626780222,216,set_3
720575940617787963,720575940626860421,198,set_3
720575940617787963,720575940626919144,45,set_3
720575940617787963,720575940626960536,1521,set_3
720575940617787963,720575940626972056,90,set_3
720575940617787963,720575940627062088,504,set_3
720575940617787963,720575940627107721,243,set_3
720575940617787963,720575940627403578,369,set_3
720575940617787963,720575940627410451,324,set_3
720575940617787963,720575940627418387,432,set_3
720575940617787963,720575940627429907,198,set_3
720575940617787963,720575940627739023,117,set_3
720575940617787963,720575940627779983,45,set_3
720575940617787963,720575940627847752,108,set_3
720575940617787963,720575940628345610,81,set_3
720575940617787963,720575940628492712,54,set_3
720575940617787963,720575940628780309,747,set_3
720575940617787963,720575940628826128,225,set_3
720575940617787963,720575940628971779,198,set_3
720575940617787963,720575940628997123,468,set_3
720575940617787963,720575940628998659,189,set_3
720575940617787963,720575940629377218,108,set_3
720575940617787963,720575940629398466,72,set_3
720575940617787963,720575940629412682,54,set_3
720575940617787963,720575940629805950,261,set_3
720575940617787963,720575940630122796,45,set_3
720575940617787963,720575940630233404,774,set_3
720575940617787963,720575940630839371,54,set_3
720575940617787963,720575940630867148,81,set_3
720575940617787963,720575940630868793,261,set_3
720575940617787963,720575940630951424,72,set_3
720575940617787963,720575940631662648,135,set_3
720575940617787963,720575940631918649,54,set_3
720575940617787963,720575940631919976,180,set_3
720575940617787963,720575940631939432,513,set_3
720575940617787963,720575940631989352,513,set_3
720575940617787963,720575940632030008,81,set_3
720575940617787963,720575940632134227,873,set_3
720575940617787963,720575940632252743,342,set_3
720575940617787963,720575940632281927,90,set_3
720575940617787963,720575940632486969,351,set_3
720575940617787963,720575940632752723,90,set_3
720575940617787963,720575940632960813,306,set_3
720575940617787963,720575940633170969,63,set_3
720575940617787963,720575940633185567,378,set_3
720575940617787963,720575940633218444,513,set_3
720575940617787963,720575940634617952,45,set_3
720575940617787963,720575940634862943,144,set_3
720575940617787963,720575940635527322,99,set_3
720575940617787963,720575940635596212,711,set_3
720575940617787963,720575940635610548,189,set_3
720575940617787963,720575940636649061,1476,set_3
720575940617787963,720575940637360730,909,set_3
720575940617787963,720575940637578853,369,set_3
720575940617787963,720575940639705808,72,set_3
720575940617787963,720575940639994456,153,set_3
720575940617787963,720575940641281013,2025,set_3
720575940617787963,720575940644542880,108,set_3
720575940617787963,720575940645697828,252,set_3
720575940617787963,720575940647560500,612,set_3
720575940617787963,720575940647606148,54,set_3
720575940617787963,720575940648180868,216,set_3
720575940617787963,720575940649829241,45,set_3
720575940617787963,720575940661338497,279,set_3
720575940617833265,720575940611715813,6,set_3
720575940617833265,720575940614756589,5,set_3
720575940617833265,720575940623449382,7,set_3
720575940617833265,720575940624913959,10,set_3
720575940617833265,720575940625172016,6,set_3
720575940617833265,720575940628885160,15,set_3
720575940617833265,720575940630461660,13,set_3
720575940617833265,720575940630589036,41,set_3
720575940617833265,720575940630995799,5,set_3
720575940617833265,720575940647030324,11,set_3
720575940617917579,720575940609407939,12,set_3
720575940617917579,720575940612208858,20,set_3
720575940617917579,720575940612354034,44,set_3
720575940617917579,720575940618539810,252,set_3
720575940617917579,720575940620741102,20,set_3
720575940617917579,720575940622500172,48,set_3
720575940617917579,720575940627062088,26,set_3
720575940617917579,720575940627410451,16,set_3
720575940617917579,720575940630233404,218,set_3
720575940617917579,720575940631340815,12,set_3
720575940617917579,720575940632134227,22,set_3
720575940617917579,720575940632281927,44,set_3
720575940617917579,720575940633529548,38,set_3
720575940617917579,720575940633772257,272,set_3
720575940617917579,720575940635527322,160,set_3
720575940617917579,720575940637360730,42,set_3
720575940617917579,720575940661338497,100,set_3
720575940617986683,720575940610550830,5,set_3
720575940617986683,720575940614660519,6,set_3
720575940617986683,720575940615292895,38,set_3
720575940617986683,720575940620553094,5,set_3
720575940617986683,720575940621218694,12,set_3
720575940617986683,720575940623381286,26,set_3
720575940617986683,720575940624600840,13,set_3
720575940617986683,720575940626668218,8,set_3
720575940617986683,720575940628023685,18,set_3
720575940617986683,720575940628182910,9,set_3
720575940617986683,720575940628436282,20,set_3
720575940617986683,720575940628885160,15,set_3
720575940617986683,720575940630575943,18,set_3
720575940617986683,720575940631092943,100,set_3
720575940617986683,720575940631507596,8,set_3
720575940617986683,720575940643703831,31,set_3
720575940618166811,720575940607162754,14,set_3
720575940618166811,720575940615671106,30,set_3
720575940618166811,720575940616864217,18,set_3
720575940618166811,720575940618165019,18,set_3
720575940618166811,720575940618539810,370,set_3
720575940618166811,720575940619176094,10,set_3
720575940618166811,720575940620025620,10,set_3
720575940618166811,720575940620274085,14,set_3
720575940618166811,720575940621047632,130,set_3
720575940618166811,720575940621833281,12,set_3
720575940618166811,720575940622500172,14,set_3
720575940618166811,720575940623535044,10,set_3
720575940618166811,720575940628743752,10,set_3
720575940618166811,720575940630233404,352,set_3
720575940618166811,720575940630868793,16,set_3
720575940618166811,720575940632281927,130,set_3
720575940618166811,720575940633529548,10,set_3
720575940618166811,720575940633772257,128,set_3
720575940618166811,720575940661338497,134,set_3
720575940618325302,720575940616018956,19,set_3
720575940618325302,720575940617853730,6,set_3
720575940618325302,720575940625003045,5,set_3
720575940618325302,720575940626668218,5,set_3
720575940618325302,720575940630839371,17,set_3
720575940618325302,720575940636541285,7,set_3
720575940618325302,720575940637360730,8,set_3
720575940618325302,720575940637656286,5,set_3
720575940618325302,720575940638103349,7,set_3
720575940618325302,720575940639786915,6,set_3
720575940618472261,720575940605682790,10,set_3
720575940618472261,720575940609133269,5,set_3
720575940618472261,720575940612357618,23,set_3
720575940618472261,720575940613213615,13,set_3
720575940618472261,720575940614660519,8,set_3
720575940618472261,720575940616018956,14,set_3
720575940618472261,720575940617494877,22,set_3
720575940618472261,720575940618165019,10,set_3
720575940618472261,720575940618539810,17,set_3
720575940618472261,720575940619021726,7,set_3
720575940618472261,720575940620741102,5,set_3
720575940618472261,720575940621169690,9,set_3
720575940618472261,720575940621329328,27,set_3
720575940618472261,720575940623535044,14,set_3
720575940618472261,720575940624906483,5,set_3
720575940618472261,720575940625045180,91,set_3
720575940618472261,720575940625612474,6,set_3
720575940618472261,720575940625867056,8,set_3
720575940618472261,720575940625874992,70,set_3
720575940618472261,720575940626999464,8,set_3
720575940618472261,720575940627101512,7,set_3
720575940618472261,720575940627275795,14,set_3
720575940618472261,720575940628780309,13,set_3
720575940618472261,720575940628995331,27,set_3
720575940618472261,720575940630034231,10,set_3
720575940618472261,720575940630233404,9,set_3
720575940618472261,720575940630868793,8,set_3
720575940618472261,720575940631280721,7,set_3
720575940618472261,720575940631959097,8,set_3
720575940618472261,720575940632047890,13,set_3
720575940618472261,720575940635696279,5,set_3
720575940618472261,720575940636346487,25,set_3
720575940618472261,720575940637360730,16,set_3
720575940618472261,720575940637656286,28,set_3
720575940618472261,720575940639786915,21,set_3
720575940618472261,720575940647024948,6,set_3
720575940618472261,720575940655015329,10,set_3
720575940618963732,720575940612470755,16,set_3
720575940618963732,720575940614660519,44,set_3
720575940618963732,720575940625874992,92,set_3
720575940618963732,720575940626668218,22,set_3
720575940618963732,720575940628995331,14,set_3
720575940618963732,720575940630665210,10,set_3
720575940618963732,720575940631092943,66,set_3
720575940618963732,720575940636346487,14,set_3
720575940618963732,720575940637656286,12,set_3
720575940619016059,720575940607162754,33,set_3
720575940619016059,720575940612208858,183,set_3
720575940619016059,720575940612354034,24,set_3
720575940619016059,720575940613004402,36,set_3
720575940619016059,720575940616864217,18,set_3
720575940619016059,720575940617494877,15,set_3
720575940619016059,720575940618165019,69,set_3
720575940619016059,720575940618165787,147,set_3
720575940619016059,720575940618539810,1203,set_3
720575940619016059,720575940621047632,432,set_3
720575940619016059,720575940621833281,108,set_3
720575940619016059,720575940622026245,144,set_3
720575940619016059,720575940622452715,210,set_3
720575940619016059,720575940623535044,195,set_3
720575940619016059,720575940624906483,18,set_3
720575940619016059,720575940625045180,39,set_3
720575940619016059,720575940628780309,327,set_3
720575940619016059,720575940630233404,1251,set_3
720575940619016059,720575940630691958,30,set_3
720575940619016059,720575940630868793,54,set_3
720575940619016059,720575940631280721,54,set_3
720575940619016059,720575940631918649,15,set_3
720575940619016059,720575940632252743,15,set_3
720575940619016059,720575940632281927,18,set_3
720575940619016059,720575940633277209,21,set_3
720575940619016059,720575940633772257,84,set_3
720575940619016059,720575940636346487,21,set_3
720575940619016059,720575940637656286,21,set_3
720575940619016059,720575940639994456,15,set_3
720575940619016059,720575940641655949,90,set_3
720575940619016059,720575940647518340,27,set_3
720575940619016059,720575940655015329,150,set_3
720575940619058334,720575940612208858,16,set_3
720575940619058334,720575940612354034,71,set_3
720575940619058334,720575940613154582,8,set_3
720575940619058334,720575940616851030,5,set_3
720575940619058334,720575940618165787,39,set_3
720575940619058334,720575940622026245,12,set_3
720575940619058334,720575940622452715,68,set_3
720575940619058334,720575940623128269,11,set_3
720575940619058334,720575940623676394,42,set_3
720575940619058334,720575940623918121,6,set_3
720575940619058334,720575940624986300,7,set_3
720575940619058334,720575940626094350,156,set_3
720575940619058334,720575940626099214,11,set_3
720575940619058334,720575940627107721,7,set_3
720575940619058334,720575940627410451,14,set_3
720575940619058334,720575940628995587,5,set_3
720575940619058334,720575940628997123,119,set_3
720575940619058334,720575940631280721,25,set_3
720575940619058334,720575940641281013,29,set_3
720575940619058334,720575940641655949,19,set_3
720575940619058334,720575940645697828,5,set_3
720575940619058334,720575940655015329,86,set_3
720575940619058334,720575940661338497,6,set_3
720575940619076731,720575940611167842,90,set_3
720575940619076731,720575940615500286,40,set_3
720575940619076731,720575940615582111,80,set_3
720575940619076731,720575940616164658,25,set_3
720575940619076731,720575940616848214,60,set_3
720575940619076731,720575940616864217,500,set_3
720575940619076731,720575940618238523,35,set_3
720575940619076731,720575940618514043,65,set_3
720575940619076731,720575940618539810,25,set_3
720575940619076731,720575940618574749,125,set_3
720575940619076731,720575940618600246,80,set_3
720575940619076731,720575940619682368,30,set_3
720575940619076731,720575940620274085,180,set_3
720575940619076731,720575940620979638,40,set_3
720575940619076731,720575940621047632,180,set_3
720575940619076731,720575940621538142,460,set_3
720575940619076731,720575940621573542,45,set_3
720575940619076731,720575940621586854,935,set_3
720575940619076731,720575940621833281,290,set_3
720575940619076731,720575940623164685,150,set_3
720575940619076731,720575940624623287,40,set_3
720575940619076731,720575940625737776,55,set_3
720575940619076731,720575940625861660,25,set_3
720575940619076731,720575940627062088,50,set_3
720575940619076731,720575940627293540,30,set_3
720575940619076731,720575940627812168,70,set_3
720575940619076731,720575940627847752,40,set_3
720575940619076731,720575940628780309,390,set_3
720575940619076731,720575940628826128,35,set_3
720575940619076731,720575940630233404,50,set_3
720575940619076731,720575940631381007,155,set_3
720575940619076731,720575940631918649,70,set_3
720575940619076731,720575940631989352,45,set_3
720575940619076731,720575940632047890,230,set_3
720575940619076731,720575940632252743,240,set_3
720575940619076731,720575940632281927,45,set_3
720575940619076731,720575940632752723,70,set_3
720575940619076731,720575940633185567,785,set_3
720575940619076731,720575940635055039,120,set_3
720575940619076731,720575940635578303,90,set_3
720575940619076731,720575940638024794,80,set_3
720575940619076731,720575940638719807,400,set_3
720575940619076731,720575940640589171,30,set_3
720575940619076731,720575940644659236,60,set_3
720575940619076731,720575940647010356,40,set_3
720575940619076731,720575940648188548,85,set_3
720575940619097905,720575940607162754,16,set_3
720575940619097905,720575940611167842,83,set_3
720575940619097905,720575940611813842,38,set_3
720575940619097905,720575940611939290,8,set_3
720575940619097905,720575940613154582,56,set_3
720575940619097905,720575940614432918,5,set_3
720575940619097905,720575940614734754,56,set_3
720575940619097905,720575940615970015,22,set_3
720575940619097905,720575940616286175,11,set_3
720575940619097905,720575940617303099,6,set_3
720575940619097905,720575940618028125,18,set_3
720575940619097905,720575940618273241,10,set_3
720575940619097905,720575940618514043,8,set_3
720575940619097905,720575940620082512,7,set_3
720575940619097905,720575940620298772,21,set_3
720575940619097905,720575940621065301,12,set_3
720575940619097905,720575940621573542,5,set_3
720575940619097905,720575940622010373,13,set_3
720575940619097905,720575940622195625,65,set_3
720575940619097905,720575940622248453,8,set_3
720575940619097905,720575940622518092,6,set_3
720575940619097905,720575940623132621,29,set_3
720575940619097905,720575940623164685,19,set_3
720575940619097905,720575940623355114,7,set_3
720575940619097905,720575940623415849,33,set_3
720575940619097905,720575940623993015,9,set_3
720575940619097905,720575940624231143,5,set_3
720575940619097905,720575940624967612,11,set_3
720575940619097905,720575940625502666,12,set_3
720575940619097905,720575940626960536,89,set_3
720575940619097905,720575940626961241,23,set_3
720575940619097905,720575940627062088,9,set_3
720575940619097905,720575940627107721,111,set_3
720575940619097905,720575940627410451,19,set_3
720575940619097905,720575940627826760,5,set_3
720575940619097905,720575940628345610,5,set_3
720575940619097905,720575940628360723,5,set_3
720575940619097905,720575940628881576,10,set_3
720575940619097905,720575940629304702,15,set_3
720575940619097905,720575940629936348,13,set_3
720575940619097905,720575940630808591,6,set_3
720575940619097905,720575940631340815,5,set_3
720575940619097905,720575940632726220,15,set_3
720575940619097905,720575940633529548,5,set_3
720575940619097905,720575940633796252,8,set_3
720575940619097905,720575940634560922,10,set_3
720575940619097905,720575940635596212,26,set_3
720575940619097905,720575940635610548,13,set_3
720575940619097905,720575940636649061,5,set_3
720575940619097905,720575940637607646,6,set_3
720575940619097905,720575940639726141,28,set_3
720575940619097905,720575940641281013,8,set_3
720575940619097905,720575940641832333,6,set_3
720575940619097905,720575940642884000,10,set_3
720575940619097905,720575940644726432,28,set_3
720575940619097905,720575940645697828,32,set_3
720575940619097905,720575940647586948,32,set_3
720575940619097905,720575940660219521,34,set_3
720575940619114048,720575940605890784,297,set_3
720575940619114048,720575940607162754,15,set_3
720575940619114048,720575940607193986,75,set_3
720575940619114048,720575940607272649,780,set_3
720575940619114048,720575940608498780,759,set_3
720575940619114048,720575940608735241,18,set_3
720575940619114048,720575940609405635,36,set_3
720575940619114048,720575940609407939,285,set_3
720575940619114048,720575940610055982,15,set_3
720575940619114048,720575940610677828,18,set_3
720575940619114048,720575940610803554,48,set_3
720575940619114048,720575940611436408,42,set_3
720575940619114048,720575940612208858,129,set_3
720575940619114048,720575940612357618,426,set_3
720575940619114048,720575940613112293,15,set_3
720575940619114048,720575940613347299,324,set_3
720575940619114048,720575940615023535,48,set_3
720575940619114048,720575940615153494,24,set_3
720575940619114048,720575940615582111,42,set_3
720575940619114048,720575940615583650,75,set_3
720575940619114048,720575940615671106,192,set_3
720575940619114048,720575940616038294,345,set_3
720575940619114048,720575940616466260,102,set_3
720575940619114048,720575940616848214,45,set_3
720575940619114048,720575940616864086,21,set_3
720575940619114048,720575940617097684,27,set_3
720575940619114048,720575940617373268,18,set_3
720575940619114048,720575940618291520,30,set_3
720575940619114048,720575940619877396,294,set_3
720575940619114048,720575940619898526,306,set_3
720575940619114048,720575940620819659,18,set_3
720575940619114048,720575940621422518,27,set_3
720575940619114048,720575940621573030,108,set_3
720575940619114048,720575940621833281,72,set_3
720575940619114048,720575940622195625,15,set_3
720575940619114048,720575940622235425,24,set_3
720575940619114048,720575940622734106,120,set_3
720575940619114048,720575940624224253,72,set_3
720575940619114048,720575940624623287,15,set_3
720575940619114048,720575940624906483,135,set_3
720575940619114048,720575940625620888,15,set_3
720575940619114048,720575940625705930,21,set_3
720575940619114048,720575940625867056,15,set_3
720575940619114048,720575940626094350,21,set_3
720575940619114048,720575940626279486,27,set_3
720575940619114048,720575940626826288,72,set_3
720575940619114048,720575940627107721,21,set_3
720575940619114048,720575940627739023,210,set_3
720575940619114048,720575940628345610,75,set_3
720575940619114048,720575940628995331,30,set_3
720575940619114048,720575940628997123,27,set_3
720575940619114048,720575940629561347,150,set_3
720575940619114048,720575940629564688,159,set_3
720575940619114048,720575940630181852,18,set_3
720575940619114048,720575940630233404,33,set_3
720575940619114048,720575940631349335,30,set_3
720575940619114048,720575940631918649,51,set_3
720575940619114048,720575940631939432,15,set_3
720575940619114048,720575940631994728,204,set_3
720575940619114048,720575940632134227,99,set_3
720575940619114048,720575940633218444,72,set_3
720575940619114048,720575940633772257,198,set_3
720575940619114048,720575940634825623,18,set_3
720575940619114048,720575940635527322,21,set_3
720575940619114048,720575940635596212,51,set_3
720575940619114048,720575940636685454,69,set_3
720575940619114048,720575940636809646,27,set_3
720575940619114048,720575940637578853,18,set_3
720575940619114048,720575940637656286,42,set_3
720575940619114048,720575940649829241,39,set_3
720575940619161936,720575940609957315,10,set_3
720575940619161936,720575940614129617,24,set_3
720575940619161936,720575940621530117,24,set_3
720575940619161936,720575940623781611,26,set_3
720575940619161936,720575940626073637,14,set_3
720575940619161936,720575940626527055,10,set_3
720575940619161936,720575940626672058,10,set_3
720575940619161936,720575940627828552,48,set_3
720575940619161936,720575940628125715,20,set_3
720575940619161936,720575940633316307,28,set_3
720575940619161936,720575940636308075,10,set_3
720575940619161936,720575940636552805,10,set_3
720575940619161936,720575940641781133,30,set_3
720575940619549867,720575940607152476,828,set_3
720575940619549867,720575940610103906,108,set_3
720575940619549867,720575940612819763,324,set_3
720575940619549867,720575940612984981,234,set_3
720575940619549867,720575940615879995,774,set_3
720575940619549867,720575940616791067,738,set_3
720575940619549867,720575940616921152,144,set_3
720575940619549867,720575940618156315,108,set_3
720575940619549867,720575940618165019,144,set_3
720575940619549867,720575940620217582,108,set_3
720575940619549867,720575940620528990,126,set_3
720575940619549867,720575940620575579,1026,set_3
720575940619549867,720575940620699162,1098,set_3
720575940619549867,720575940620885342,108,set_3
720575940619549867,720575940621128583,324,set_3
720575940619549867,720575940622406694,108,set_3
720575940619549867,720575940623148285,234,set_3
720575940619549867,720575940623458633,90,set_3
720575940619549867,720575940625173006,270,set_3
720575940619549867,720575940625507870,126,set_3
720575940619549867,720575940627219272,414,set_3
720575940619549867,720575940627275795,216,set_3
720575940619549867,720575940629972215,1062,set_3
720575940619549867,720575940630470391,90,set_3
720575940619549867,720575940630597177,738,set_3
720575940619549867,720575940630734393,108,set_3
720575940619549867,720575940631205580,648,set_3
720575940619549867,720575940631639500,90,set_3
720575940619549867,720575940633639063,270,set_3
720575940619549867,720575940633660314,180,set_3
720575940619549867,720575940634667234,126,set_3
720575940619549867,720575940635005303,234,set_3
720575940619549867,720575940635739504,612,set_3
720575940619549867,720575940638054197,90,set_3
720575940619549867,720575940639786915,486,set_3
720575940619549867,720575940644672548,234,set_3
720575940619601428,720575940612554393,12,set_3
720575940619601428,720575940614660519,8,set_3
720575940619601428,720575940618859480,7,set_3
720575940619601428,720575940619473624,23,set_3
720575940619601428,720575940620359956,15,set_3
720575940619601428,720575940620521350,11,set_3
720575940619601428,720575940623476407,22,set_3
720575940619601428,720575940624530372,7,set_3
720575940619601428,720575940626337479,7,set_3
720575940619601428,720575940626835146,10,set_3
720575940619601428,720575940626968216,5,set_3
720575940619601428,720575940627182217,13,set_3
720575940619601428,720575940627371834,17,set_3
720575940619601428,720575940628802069,11,set_3
720575940619601428,720575940629839947,12,set_3
720575940619601428,720575940630665210,18,set_3
720575940619601428,720575940631349335,7,set_3
720575940619601428,720575940631997032,5,set_3
720575940619601428,720575940634527840,7,set_3
720575940619601428,720575940635596468,7,set_3
720575940619601428,720575940639785379,5,set_3
720575940619601428,720575940639786915,6,set_3
720575940619601428,720575940652580086,12,set_3
720575940619624795,720575940618165787,6,set_3
720575940619624795,720575940618539810,6,set_3
720575940619624795,720575940620025620,27,set_3
720575940619624795,720575940625874992,9,set_3
720575940619624795,720575940627107271,18,set_3
720575940619624795,720575940628743752,63,set_3
720575940619624795,720575940639994456,6,set_3
720575940619624795,720575940661338497,9,set_3
720575940619658576,720575940605707710,5,set_3
720575940619658576,720575940605890784,9,set_3
720575940619658576,720575940607386290,12,set_3
720575940619658576,720575940607387314,38,set_3
720575940619658576,720575940609133269,11,set_3
720575940619658576,720575940609521250,8,set_3
720575940619658576,720575940610584945,42,set_3
720575940619658576,720575940611160930,10,set_3
720575940619658576,720575940611715813,6,set_3
720575940619658576,720575940612235747,9,set_3
720575940619658576,720575940612558061,16,set_3
720575940619658576,720575940612906518,14,set_3
720575940619658576,720575940615811670,89,set_3
720575940619658576,720575940617373268,7,set_3
720575940619658576,720575940617488477,6,set_3
720575940619658576,720575940617494877,11,set_3
720575940619658576,720575940618859480,9,set_3
720575940619658576,720575940620780272,5,set_3
720575940619658576,720575940622391337,48,set_3
720575940619658576,720575940623017989,28,set_3
720575940619658576,720575940623164941,9,set_3
720575940619658576,720575940623314312,55,set_3
720575940619658576,720575940624310857,6,set_3
720575940619658576,720575940625047484,5,set_3
720575940619658576,720575940626557442,25,set_3
720575940619658576,720575940626625813,58,set_3
720575940619658576,720575940626968216,66,set_3
720575940619658576,720575940627083294,15,set_3
720575940619658576,720575940628029180,53,set_3
720575940619658576,720575940628802069,6,set_3
720575940619658576,720575940628936898,7,set_3
720575940619658576,720575940628995331,25,set_3
720575940619658576,720575940629421415,49,set_3
720575940619658576,720575940629773276,6,set_3
720575940619658576,720575940633218444,44,set_3
720575940619658576,720575940633277209,6,set_3
720575940619658576,720575940633813940,8,set_3
720575940619658576,720575940634210155,34,set_3
720575940619658576,720575940634301852,39,set_3
720575940619658576,720575940634900855,63,set_3
720575940619658576,720575940635166571,40,set_3
720575940619658576,720575940635527322,7,set_3
720575940619658576,720575940636346487,6,set_3
720575940619658576,720575940636675214,13,set_3
720575940619658576,720575940637656286,8,set_3
720575940619658576,720575940639285949,23,set_3
720575940619658576,720575940645495587,18,set_3
720575940619658576,720575940647030324,43,set_3
720575940619658576,720575940648864633,10,set_3
720575940619658576,720575940652580086,26,set_3
720575940619671616,720575940605890784,92,set_3
720575940619671616,720575940609915204,66,set_3
720575940619671616,720575940610258552,10,set_3
720575940619671616,720575940610679876,64,set_3
720575940619671616,720575940611151406,26,set_3
720575940619671616,720575940612208858,20,set_3
720575940619671616,720575940612354034,10,set_3
720575940619671616,720575940613825814,12,set_3
720575940619671616,720575940613929391,48,set_3
720575940619671616,720575940614465478,14,set_3
720575940619671616,720575940615671106,30,set_3
720575940619671616,720575940616848214,88,set_3
720575940619671616,720575940617494877,16,set_3
720575940619671616,720575940617629841,118,set_3
720575940619671616,720575940618539810,398,set_3
720575940619671616,720575940619176094,10,set_3
720575940619671616,720575940621047632,260,set_3
720575940619671616,720575940621833281,70,set_3
720575940619671616,720575940623164685,12,set_3
720575940619671616,720575940623164941,34,set_3
720575940619671616,720575940623211725,34,set_3
720575940619671616,720575940624394498,10,set_3
720575940619671616,720575940624600840,10,set_3
720575940619671616,720575940624623287,74,set_3
720575940619671616,720575940624756297,76,set_3
720575940619671616,720575940625164176,28,set_3
720575940619671616,720575940625612474,10,set_3
720575940619671616,720575940625852464,34,set_3
720575940619671616,720575940625861660,20,set_3
720575940619671616,720575940626528252,10,set_3
720575940619671616,720575940626626597,12,set_3
720575940619671616,720575940626860421,78,set_3
720575940619671616,720575940627739023,22,set_3
720575940619671616,720575940627847752,26,set_3
720575940619671616,720575940628709019,36,set_3
720575940619671616,720575940628755815,10,set_3
720575940619671616,720575940628780309,98,set_3
720575940619671616,720575940628815381,38,set_3
720575940619671616,720575940628971779,58,set_3
720575940619671616,720575940628995331,44,set_3
720575940619671616,720575940630233404,404,set_3
720575940619671616,720575940630839371,164,set_3
720575940619671616,720575940631280721,132,set_3
720575940619671616,720575940631959097,10,set_3
720575940619671616,720575940631989352,18,set_3
720575940619671616,720575940631994728,170,set_3
720575940619671616,720575940632134227,14,set_3
720575940619671616,720575940632252743,12,set_3
720575940619671616,720575940632365905,12,set_3
720575940619671616,720575940632486969,62,set_3
720575940619671616,720575940633185567,14,set_3
720575940619671616,720575940633316307,10,set_3
720575940619671616,720575940634862943,20,set_3
720575940619671616,720575940635608312,10,set_3
720575940619671616,720575940636346487,20,set_3
720575940619671616,720575940636828334,10,set_3
720575940619671616,720575940637360730,18,set_3
720575940619671616,720575940637578853,40,set_3
720575940619671616,720575940637656286,12,set_3
720575940619671616,720575940639994456,12,set_3
720575940619671616,720575940641655949,152,set_3
720575940619671616,720575940644542880,12,set_3
720575940619671616,720575940644726432,16,set_3
720575940619671616,720575940647518340,124,set_3
720575940619671616,720575940647560500,32,set_3
720575940619741104,720575940606866377,18,set_3
720575940619741104,720575940607071106,36,set_3
720575940619741104,720575940608239371,33,set_3
720575940619741104,720575940611715813,21,set_3
720575940619741104,720575940611858906,15,set_3
720575940619741104,720575940612261603,66,set_3
720575940619741104,720575940612277090,30,set_3
720575940619741104,720575940612319155,15,set_3
720575940619741104,720575940612339123,15,set_3
720575940619741104,720575940614128691,33,set_3
720575940619741104,720575940614604962,18,set_3
720575940619741104,720575940614736290,21,set_3
720575940619741104,720575940614763666,87,set_3
720575940619741104,720575940616167730,153,set_3
720575940619741104,720575940616921152,30,set_3
720575940619741104,720575940617299515,18,set_3
720575940619741104,720575940617494877,36,set_3
720575940619741104,720575940619310757,15,set_3
720575940619741104,720575940619866059,15,set_3
720575940619741104,720575940619973712,183,set_3
720575940619741104,720575940620031366,21,set_3
720575940619741104,720575940620359956,66,set_3
720575940619741104,720575940620445062,93,set_3
720575940619741104,720575940620550534,18,set_3
720575940619741104,720575940620633070,15,set_3
720575940619741104,720575940621149709,39,set_3
720575940619741104,720575940621218694,30,set_3
720575940619741104,720575940621761729,24,set_3
720575940619741104,720575940621771041,15,set_3
720575940619741104,720575940621827419,84,set_3
720575940619741104,720575940622695448,75,set_3
720575940619741104,720575940622931976,24,set_3
720575940619741104,720575940623476407,42,set_3
720575940619741104,720575940623617973,48,set_3
720575940619741104,720575940624600840,21,set_3
720575940619741104,720575940624988455,78,set_3
720575940619741104,720575940625705930,42,set_3
720575940619741104,720575940626191306,54,set_3
720575940619741104,720575940626826288,48,set_3
720575940619741104,720575940627182217,33,set_3
720575940619741104,720575940627383685,54,set_3
720575940619741104,720575940627812168,24,set_3
720575940619741104,720575940628683063,66,set_3
720575940619741104,720575940628784066,15,set_3
720575940619741104,720575940628802069,24,set_3
720575940619741104,720575940628825210,27,set_3
720575940619741104,720575940628936898,18,set_3
720575940619741104,720575940628995331,42,set_3
720575940619741104,720575940628995587,87,set_3
720575940619741104,720575940629422183,102,set_3
720575940619741104,720575940629822842,54,set_3
720575940619741104,720575940630589036,21,set_3
720575940619741104,720575940630991311,18,set_3
720575940619741104,720575940631065144,15,set_3
720575940619741104,720575940631092943,33,set_3
720575940619741104,720575940631144109,24,set_3
720575940619741104,720575940631314908,33,set_3
720575940619741104,720575940631923304,15,set_3
720575940619741104,720575940631997032,18,set_3
720575940619741104,720575940632365905,18,set_3
720575940619741104,720575940632648612,15,set_3
720575940619741104,720575940632873261,27,set_3
720575940619741104,720575940633170969,384,set_3
720575940619741104,720575940633277209,90,set_3
720575940619741104,720575940634085983,15,set_3
720575940619741104,720575940635179871,36,set_3
720575940619741104,720575940636346487,45,set_3
720575940619741104,720575940636675214,36,set_3
720575940619741104,720575940637296356,33,set_3
720575940619741104,720575940637656286,33,set_3
720575940619741104,720575940639786915,57,set_3
720575940619741104,720575940644750116,18,set_3
720575940619741104,720575940645503854,39,set_3
720575940619741104,720575940647606148,36,set_3
720575940619741104,720575940655011489,15,set_3
720575940619741104,720575940660313729,42,set_3
720575940619771375,720575940605890784,195,set_3
720575940619771375,720575940607272649,33,set_3
720575940619771375,720575940607345586,15,set_3
720575940619771375,720575940608735241,21,set_3
720575940619771375,720575940609407939,30,set_3
720575940619771375,720575940610055982,18,set_3
720575940619771375,720575940612208858,153,set_3
720575940619771375,720575940612558061,30,set_3
720575940619771375,720575940613154582,27,set_3
720575940619771375,720575940616848214,45,set_3
720575940619771375,720575940617031385,42,set_3
720575940619771375,720575940617494877,69,set_3
720575940619771375,720575940617552057,51,set_3
720575940619771375,720575940617629841,30,set_3
720575940619771375,720575940618539810,705,set_3
720575940619771375,720575940619155264,30,set_3
720575940619771375,720575940619176094,30,set_3
720575940619771375,720575940619877396,33,set_3
720575940619771375,720575940619898526,132,set_3
720575940619771375,720575940621422518,126,set_3
720575940619771375,720575940621573030,141,set_3
720575940619771375,720575940621833281,39,set_3
720575940619771375,720575940622026245,93,set_3
720575940619771375,720575940622074206,18,set_3
720575940619771375,720575940622452715,189,set_3
720575940619771375,720575940623128269,15,set_3
720575940619771375,720575940623132621,210,set_3
720575940619771375,720575940623390246,18,set_3
720575940619771375,720575940623676394,18,set_3
720575940619771375,720575940626939737,21,set_3
720575940619771375,720575940627107721,78,set_3
720575940619771375,720575940627739023,102,set_3
720575940619771375,720575940627779983,24,set_3
720575940619771375,720575940628971779,45,set_3
720575940619771375,720575940628995331,24,set_3
720575940619771375,720575940630233404,633,set_3
720575940619771375,720575940631280721,24,set_3
720575940619771375,720575940631349335,15,set_3
720575940619771375,720575940631939432,15,set_3
720575940619771375,720575940631987364,18,set_3
720575940619771375,720575940631994728,114,set_3
720575940619771375,720575940632030008,15,set_3
720575940619771375,720575940632134227,45,set_3
720575940619771375,720575940633218444,21,set_3
720575940619771375,720575940633316307,15,set_3
720575940619771375,720575940633772257,336,set_3
720575940619771375,720575940634862943,78,set_3
720575940619771375,720575940635596212,27,set_3
720575940619771375,720575940636552805,18,set_3
720575940619771375,720575940637578853,195,set_3
720575940619771375,720575940637656286,63,set_3
720575940619771375,720575940641281013,18,set_3
720575940619771375,720575940644726432,117,set_3
720575940619771375,720575940647060532,36,set_3
720575940619771375,720575940655015329,225,set_3
720575940619771375,720575940660219521,15,set_3
720575940619865547,720575940609521250,9,set_3
720575940619865547,720575940611248662,5,set_3
720575940619865547,720575940614998166,7,set_3
720575940619865547,720575940615811670,7,set_3
720575940619865547,720575940617488477,9,set_3
720575940619865547,720575940620359956,16,set_3
720575940619865547,720575940620780272,24,set_3
720575940619865547,720575940623017989,9,set_3
720575940619865547,720575940623476407,10,set_3
720575940619865547,720575940625867056,12,set_3
720575940619865547,720575940626625813,7,set_3
720575940619865547,720575940626968216,7,set_3
720575940619865547,720575940627083294,5,set_3
720575940619865547,720575940627182217,20,set_3
720575940619865547,720575940628995587,23,set_3
720575940619865547,720575940629598935,5,set_3
720575940619865547,720575940629773276,6,set_3
720575940619865547,720575940631349335,10,set_3
720575940619865547,720575940632998028,12,set_3
720575940619865547,720575940634900855,7,set_3
720575940619865547,720575940635184735,17,set_3
720575940619865547,720575940641284853,12,set_3
720575940619865547,720575940647030324,9,set_3
720575940619865547,720575940648864633,7,set_3
720575940619865547,720575940652580086,9,set_3
720575940620156209,720575940607193986,33,set_3
720575940620156209,720575940607272649,24,set_3
720575940620156209,720575940608188427,5,set_3
720575940620156209,720575940608735241,6,set_3
720575940620156209,720575940609407939,23,set_3
720575940620156209,720575940610482883,7,set_3
720575940620156209,720575940611167842,5,set_3
720575940620156209,720575940612357618,13,set_3
720575940620156209,720575940613347299,6,set_3
720575940620156209,720575940613929391,6,set_3
720575940620156209,720575940614386070,33,set_3
720575940620156209,720575940615500030,6,set_3
720575940620156209,720575940615500286,9,set_3
720575940620156209,720575940615582111,17,set_3
720575940620156209,720575940615671106,60,set_3
720575940620156209,720575940618238523,115,set_3
720575940620156209,720575940618574749,9,set_3
720575940620156209,720575940618600246,7,set_3
720575940620156209,720575940619877396,81,set_3
720575940620156209,720575940620746478,7,set_3
720575940620156209,720575940621586854,65,set_3
720575940620156209,720575940622235425,18,set_3
720575940620156209,720575940622734106,15,set_3
720575940620156209,720575940622879882,21,set_3
720575940620156209,720575940623211725,18,set_3
720575940620156209,720575940624906483,8,set_3
720575940620156209,720575940625612474,15,set_3
720575940620156209,720575940625705930,15,set_3
720575940620156209,720575940626094350,83,set_3
720575940620156209,720575940626099214,5,set_3
720575940620156209,720575940627107721,5,set_3
720575940620156209,720575940627410451,8,set_3
720575940620156209,720575940627847752,5,set_3
720575940620156209,720575940628345610,9,set_3
720575940620156209,720575940628780309,5,set_3
720575940620156209,720575940628997123,56,set_3
720575940620156209,720575940629561347,32,set_3
720575940620156209,720575940629810748,26,set_3
720575940620156209,720575940630820919,5,set_3
720575940620156209,720575940630865724,12,set_3
720575940620156209,720575940630964188,8,set_3
720575940620156209,720575940631381007,5,set_3
720575940620156209,720575940631918649,10,set_3
720575940620156209,720575940632252743,33,set_3
720575940620156209,720575940633185567,71,set_3
720575940620156209,720575940635055039,11,set_3
720575940620156209,720575940649829241,5,set_3
720575940620170887,720575940605890784,98,set_3
720575940620170887,720575940609133269,154,set_3
720575940620170887,720575940610594766,77,set_3
720575940620170887,720575940612235747,63,set_3
720575940620170887,720575940612289010,189,set_3
720575940620170887,720575940612952557,448,set_3
720575940620170887,720575940613670893,35,set_3
720575940620170887,720575940614965691,63,set_3
720575940620170887,720575940615811670,497,set_3
720575940620170887,720575940616018956,105,set_3
720575940620170887,720575940616203869,56,set_3
720575940620170887,720575940617494877,448,set_3
720575940620170887,720575940618165787,35,set_3
720575940620170887,720575940619473624,63,set_3
720575940620170887,720575940619973712,56,set_3
720575940620170887,720575940620274085,112,set_3
720575940620170887,720575940620780272,63,set_3
720575940620170887,720575940621573030,56,set_3
720575940620170887,720575940622834411,35,set_3
720575940620170887,720575940623039838,42,set_3
720575940620170887,720575940623056422,105,set_3
720575940620170887,720575940623224555,49,set_3
720575940620170887,720575940623314312,63,set_3
720575940620170887,720575940623535044,70,set_3
720575940620170887,720575940623988733,56,set_3
720575940620170887,720575940624528068,49,set_3
720575940620170887,720575940624906483,42,set_3
720575940620170887,720575940625045180,539,set_3
720575940620170887,720575940625874992,1218,set_3
720575940620170887,720575940626197593,49,set_3
720575940620170887,720575940626798736,98,set_3
720575940620170887,720575940626968216,238,set_3
720575940620170887,720575940626972568,77,set_3
720575940620170887,720575940626999464,280,set_3
720575940620170887,720575940627062088,77,set_3
720575940620170887,720575940628096586,168,set_3
720575940620170887,720575940628995331,119,set_3
720575940620170887,720575940630034231,322,set_3
720575940620170887,720575940630654539,63,set_3
720575940620170887,720575940630868793,105,set_3
720575940620170887,720575940631918649,63,set_3
720575940620170887,720575940633277209,119,set_3
720575940620170887,720575940633518176,42,set_3
720575940620170887,720575940633772257,42,set_3
720575940620170887,720575940634659508,35,set_3
720575940620170887,720575940634900855,35,set_3
720575940620170887,720575940635696279,287,set_3
720575940620170887,720575940636346487,91,set_3
720575940620170887,720575940637578853,56,set_3
720575940620170887,720575940637656286,378,set_3
720575940620170887,720575940639786915,434,set_3
720575940620170887,720575940646274670,112,set_3
720575940620170887,720575940648864633,42,set_3
720575940620182151,720575940605890784,54,set_3
720575940620182151,720575940611436408,10,set_3
720575940620182151,720575940614386070,12,set_3
720575940620182151,720575940616864217,22,set_3
720575940620182151,720575940618165019,116,set_3
720575940620182151,720575940618238523,28,set_3
720575940620182151,720575940618539810,174,set_3
720575940620182151,720575940621771041,20,set_3
720575940620182151,720575940622026245,26,set_3
720575940620182151,720575940623379750,22,set_3
720575940620182151,720575940625045180,16,set_3
720575940620182151,720575940625874992,38,set_3
720575940620182151,720575940628743752,20,set_3
720575940620182151,720575940628780309,70,set_3
720575940620182151,720575940628995331,24,set_3
720575940620182151,720575940629422183,10,set_3
720575940620182151,720575940630233404,154,set_3
720575940620182151,720575940630839371,10,set_3
720575940620182151,720575940630868793,100,set_3
720575940620182151,720575940631918649,14,set_3
720575940620182151,720575940631939432,12,set_3
720575940620182151,720575940631959097,18,set_3
720575940620182151,720575940631989352,18,set_3
720575940620182151,720575940631994728,36,set_3
720575940620182151,720575940632047890,14,set_3
720575940620182151,720575940632252743,18,set_3
720575940620182151,720575940633185567,12,set_3
720575940620182151,720575940636346487,20,set_3
720575940620182151,720575940637360730,12,set_3
720575940620182151,720575940639786915,12,set_3
720575940620182151,720575940647560500,12,set_3
720575940620262465,720575940607386290,5,set_3
720575940620262465,720575940609521250,10,set_3
720575940620262465,720575940610584945,13,set_3
720575940620262465,720575940610615013,6,set_3
720575940620262465,720575940610847973,35,set_3
720575940620262465,720575940610986006,7,set_3
720575940620262465,720575940611160930,41,set_3
720575940620262465,720575940611164770,14,set_3
720575940620262465,720575940611715813,5,set_3
720575940620262465,720575940611812050,11,set_3
720575940620262465,720575940612235747,8,set_3
720575940620262465,720575940612339123,5,set_3
720575940620262465,720575940612599193,9,set_3
720575940620262465,720575940613670893,5,set_3
720575940620262465,720575940615406590,9,set_3
720575940620262465,720575940615811670,100,set_3
720575940620262465,720575940616200790,17,set_3
720575940620262465,720575940617648453,8,set_3
720575940620262465,720575940619176094,5,set_3
720575940620262465,720575940620217582,7,set_3
720575940620262465,720575940621150191,106,set_3
720575940620262465,720575940621256384,29,set_3
720575940620262465,720575940621910399,14,set_3
720575940620262465,720575940622391337,18,set_3
720575940620262465,720575940623017989,13,set_3
720575940620262465,720575940623164941,18,set_3
720575940620262465,720575940623192781,17,set_3
720575940620262465,720575940623314312,55,set_3
720575940620262465,720575940623373606,34,set_3
720575940620262465,720575940623377596,30,set_3
720575940620262465,720575940623847181,35,set_3
720575940620262465,720575940624310857,36,set_3
720575940620262465,720575940624607076,5,set_3
720575940620262465,720575940624950078,32,set_3
720575940620262465,720575940625334349,9,set_3
720575940620262465,720575940626557442,33,set_3
720575940620262465,720575940626625813,13,set_3
720575940620262465,720575940626798736,7,set_3
720575940620262465,720575940626826288,8,set_3
720575940620262465,720575940626856344,36,set_3
720575940620262465,720575940627182217,10,set_3
720575940620262465,720575940627312668,10,set_3
720575940620262465,720575940627404858,8,set_3
720575940620262465,720575940628174848,6,set_3
720575940620262465,720575940628787016,40,set_3
720575940620262465,720575940628953595,6,set_3
720575940620262465,720575940630461404,26,set_3
720575940620262465,720575940630461660,10,set_3
720575940620262465,720575940633813940,12,set_3
720575940620262465,720575940634900855,5,set_3
720575940620262465,720575940635166571,27,set_3
720575940620262465,720575940637656286,6,set_3
720575940620262465,720575940638001498,5,set_3
720575940620262465,720575940639068605,13,set_3
720575940620262465,720575940644672548,6,set_3
720575940620262465,720575940645495587,25,set_3
720575940620262465,720575940647030324,31,set_3
720575940620262465,720575940648864633,36,set_3
720575940620292116,720575940605890784,18,set_3
720575940620292116,720575940612470755,34,set_3
720575940620292116,720575940617494877,54,set_3
720575940620292116,720575940621538142,22,set_3
720575940620292116,720575940621833281,226,set_3
720575940620292116,720575940622452715,12,set_3
720575940620292116,720575940623381286,38,set_3
720575940620292116,720575940625376442,12,set_3
720575940620292116,720575940626075517,50,set_3
720575940620292116,720575940626668218,12,set_3
720575940620292116,720575940627086594,10,set_3
720575940620292116,720575940628995331,48,set_3
720575940620292116,720575940630865724,10,set_3
720575940620292116,720575940631092943,48,set_3
720575940620292116,720575940631280721,28,set_3
720575940620292116,720575940631639500,14,set_3
720575940620292116,720575940631939432,16,set_3
720575940620292116,720575940631989352,28,set_3
720575940620292116,720575940631994728,10,set_3
720575940620292116,720575940632134227,82,set_3
720575940620292116,720575940632281927,14,set_3
720575940620292116,720575940635954879,14,set_3
720575940620292116,720575940636346487,72,set_3
720575940620292116,720575940636541285,28,set_3
720575940620292116,720575940637360730,146,set_3
720575940620292116,720575940637656286,56,set_3
720575940620292116,720575940638719807,10,set_3
720575940620292116,720575940641655949,28,set_3
720575940620335269,720575940610173048,30,set_3
720575940620335269,720575940611885461,18,set_3
720575940620335269,720575940618539810,45,set_3
720575940620335269,720575940620553654,141,set_3
720575940620335269,720575940620983637,90,set_3
720575940620335269,720575940621827419,18,set_3
720575940620335269,720575940622144648,57,set_3
720575940620335269,720575940623056422,27,set_3
720575940620335269,720575940624554170,159,set_3
720575940620335269,720575940625874992,36,set_3
720575940620335269,720575940626399588,15,set_3
720575940620335269,720575940626960536,21,set_3
720575940620335269,720575940627062088,15,set_3
720575940620335269,720575940627723657,51,set_3
720575940620335269,720575940629422183,39,set_3
720575940620335269,720575940630233404,33,set_3
720575940620335269,720575940631918649,27,set_3
720575940620335269,720575940634755041,72,set_3
720575940620335269,720575940645524003,42,set_3
720575940620335269,720575940646274670,312,set_3
720575940620335269,720575940648804217,147,set_3
720575940620353300,720575940605890784,56,set_3
720575940620353300,720575940608188427,26,set_3
720575940620353300,720575940609915204,16,set_3
720575940620353300,720575940610677828,32,set_3
720575940620353300,720575940610679876,156,set_3
720575940620353300,720575940611958994,14,set_3
720575940620353300,720575940612906518,24,set_3
720575940620353300,720575940613004402,16,set_3
720575940620353300,720575940614386070,34,set_3
720575940620353300,720575940615671106,24,set_3
720575940620353300,720575940615970015,20,set_3
720575940620353300,720575940616340639,12,set_3
720575940620353300,720575940616864217,42,set_3
720575940620353300,720575940617629841,14,set_3
720575940620353300,720575940618165019,82,set_3
720575940620353300,720575940618238523,88,set_3
720575940620353300,720575940618539810,696,set_3
720575940620353300,720575940619176094,12,set_3
720575940620353300,720575940619877396,10,set_3
720575940620353300,720575940619973712,10,set_3
720575940620353300,720575940620025620,18,set_3
720575940620353300,720575940620274085,10,set_3
720575940620353300,720575940620359956,142,set_3
720575940620353300,720575940620553654,10,set_3
720575940620353300,720575940620979638,12,set_3
720575940620353300,720575940621047632,280,set_3
720575940620353300,720575940621218694,20,set_3
720575940620353300,720575940621538142,12,set_3
720575940620353300,720575940621586854,58,set_3
720575940620353300,720575940621833281,448,set_3
720575940620353300,720575940622537477,46,set_3
720575940620353300,720575940623164941,10,set_3
720575940620353300,720575940623211725,90,set_3
720575940620353300,720575940623918121,24,set_3
720575940620353300,720575940624530372,10,set_3
720575940620353300,720575940624600840,14,set_3
720575940620353300,720575940624623287,26,set_3
720575940620353300,720575940624986300,16,set_3
720575940620353300,720575940625164176,10,set_3
720575940620353300,720575940625580988,30,set_3
720575940620353300,720575940625612474,14,set_3
720575940620353300,720575940625874992,72,set_3
720575940620353300,720575940626626597,18,set_3
720575940620353300,720575940626835146,36,set_3
720575940620353300,720575940627086594,10,set_3
720575940620353300,720575940627847752,44,set_3
720575940620353300,720575940628743752,62,set_3
720575940620353300,720575940628780309,210,set_3
720575940620353300,720575940628815381,20,set_3
720575940620353300,720575940628826128,56,set_3
720575940620353300,720575940628995587,60,set_3
720575940620353300,720575940628998659,20,set_3
720575940620353300,720575940630233404,760,set_3
720575940620353300,720575940630865724,22,set_3
720575940620353300,720575940630868793,26,set_3
720575940620353300,720575940630964188,42,set_3
720575940620353300,720575940631092943,20,set_3
720575940620353300,720575940631381007,20,set_3
720575940620353300,720575940631406411,14,set_3
720575940620353300,720575940631939432,42,set_3
720575940620353300,720575940631989352,78,set_3
720575940620353300,720575940631994728,118,set_3
720575940620353300,720575940632047890,10,set_3
720575940620353300,720575940632281927,36,set_3
720575940620353300,720575940632486969,232,set_3
720575940620353300,720575940633170969,10,set_3
720575940620353300,720575940633185567,86,set_3
720575940620353300,720575940634782359,22,set_3
720575940620353300,720575940635050638,16,set_3
720575940620353300,720575940635576767,20,set_3
720575940620353300,720575940636685454,10,set_3
720575940620353300,720575940636828334,14,set_3
720575940620353300,720575940637144944,20,set_3
720575940620353300,720575940638024794,40,set_3
720575940620353300,720575940638719807,12,set_3
720575940620353300,720575940639285949,14,set_3
720575940620353300,720575940642884000,10,set_3
720575940620353300,720575940644726432,56,set_3
720575940620353300,720575940646274670,18,set_3
720575940620353300,720575940648180868,18,set_3
720575940620353300,720575940649829241,12,set_3
720575940620353300,720575940655013025,12,set_3
720575940620353300,720575940660220289,12,set_3
720575940620353300,720575940661338497,24,set_3
720575940620626011,720575940612984981,42,set_3
720575940620626011,720575940616018956,108,set_3
720575940620626011,720575940621256384,48,set_3
720575940620626011,720575940625172016,42,set_3
720575940620626011,720575940625454108,36,set_3
720575940620626011,720575940626668218,60,set_3
720575940620626011,720575940626809109,48,set_3
720575940620626011,720575940628743752,84,set_3
720575940620626011,720575940630661164,72,set_3
720575940620626011,720575940631111983,114,set_3
720575940620626011,720575940632636959,30,set_3
720575940620626011,720575940634659508,132,set_3
720575940620626011,720575940637216624,42,set_3
720575940620626011,720575940643823470,42,set_3
720575940620626011,720575940646156420,60,set_3
720575940620627035,720575940607162754,36,set_3
720575940620627035,720575940613213615,24,set_3
720575940620627035,720575940614165201,112,set_3
720575940620627035,720575940614642838,20,set_3
720575940620627035,720575940614660519,10,set_3
720575940620627035,720575940616164658,46,set_3
720575940620627035,720575940617568697,18,set_3
720575940620627035,720575940617853730,22,set_3
720575940620627035,720575940618519454,24,set_3
720575940620627035,720575940620135645,24,set_3
720575940620627035,720575940620359956,20,set_3
720575940620627035,720575940621047632,62,set_3
720575940620627035,720575940621329328,46,set_3
720575940620627035,720575940621833281,54,set_3
720575940620627035,720575940622154266,28,set_3
720575940620627035,720575940622632084,10,set_3
720575940620627035,720575940622933765,12,set_3
720575940620627035,720575940623381286,20,set_3
720575940620627035,720575940623535044,10,set_3
720575940620627035,720575940623918121,28,set_3
720575940620627035,720575940624789652,20,set_3
720575940620627035,720575940624986300,16,set_3
720575940620627035,720575940627429907,14,set_3
720575940620627035,720575940627704392,70,set_3
720575940620627035,720575940627829064,22,set_3
720575940620627035,720575940628378440,22,set_3
720575940620627035,720575940628995587,40,set_3
720575940620627035,720575940630233404,28,set_3
720575940620627035,720575940630691958,82,set_3
720575940620627035,720575940630724652,24,set_3
720575940620627035,720575940630775801,22,set_3
720575940620627035,720575940631742381,10,set_3
720575940620627035,720575940631939415,12,set_3
720575940620627035,720575940632029496,44,set_3
720575940620627035,720575940632134227,10,set_3
720575940620627035,720575940632281927,20,set_3
720575940620627035,720575940632355885,12,set_3
720575940620627035,720575940632752723,46,set_3
720575940620627035,720575940633316307,10,set_3
720575940620627035,720575940635610548,12,set_3
720575940620627035,720575940636541285,48,set_3
720575940620627035,720575940636552805,18,set_3
720575940620627035,720575940637360730,18,set_3
720575940620627035,720575940637530084,14,set_3
720575940620627035,720575940639206077,28,set_3
720575940620627035,720575940644659236,188,set_3
720575940620627035,720575940661338497,14,set_3
720575940620633947,720575940610482883,9,set_3
720575940620633947,720575940611436408,13,set_3
720575940620633947,720575940612208858,9,set_3
720575940620633947,720575940615671106,73,set_3
720575940620633947,720575940617074393,7,set_3
720575940620633947,720575940617629841,15,set_3
720575940620633947,720575940619877396,50,set_3
720575940620633947,720575940620274085,81,set_3
720575940620633947,720575940621573030,13,set_3
720575940620633947,720575940622235425,19,set_3
720575940620633947,720575940623211725,8,set_3
720575940620633947,720575940623847181,8,set_3
720575940620633947,720575940624394498,23,set_3
720575940620633947,720575940624484796,20,set_3
720575940620633947,720575940624623287,14,set_3
720575940620633947,720575940624906483,15,set_3
720575940620633947,720575940625164176,32,set_3
720575940620633947,720575940625705930,19,set_3
720575940620633947,720575940626798736,12,set_3
720575940620633947,720575940627847752,27,set_3
720575940620633947,720575940630691958,5,set_3
720575940620633947,720575940630868793,5,set_3
720575940620633947,720575940631328763,9,set_3
720575940620633947,720575940631918649,66,set_3
720575940620633947,720575940631959097,56,set_3
720575940620633947,720575940633277209,11,set_3
720575940620633947,720575940635055039,13,set_3
720575940620633947,720575940635527322,10,set_3
720575940620633947,720575940637578853,12,set_3
720575940620633947,720575940640589171,6,set_3
720575940620633947,720575940642926702,7,set_3
720575940620673985,720575940604030566,14,set_3
720575940620673985,720575940605890784,80,set_3
720575940620673985,720575940608295689,28,set_3
720575940620673985,720575940608356053,32,set_3
720575940620673985,720575940608498780,82,set_3
720575940620673985,720575940609133269,76,set_3
720575940620673985,720575940609306563,20,set_3
720575940620673985,720575940610055982,20,set_3
720575940620673985,720575940610482883,10,set_3
720575940620673985,720575940610649442,22,set_3
720575940620673985,720575940611106453,30,set_3
720575940620673985,720575940611678181,18,set_3
720575940620673985,720575940612208858,96,set_3
720575940620673985,720575940612357618,18,set_3
720575940620673985,720575940612582514,12,set_3
720575940620673985,720575940612910503,28,set_3
720575940620673985,720575940613112293,20,set_3
720575940620673985,720575940613154582,130,set_3
720575940620673985,720575940614208914,16,set_3
720575940620673985,720575940614734754,10,set_3
720575940620673985,720575940615582111,20,set_3
720575940620673985,720575940615583650,34,set_3
720575940620673985,720575940616038294,468,set_3
720575940620673985,720575940616163701,26,set_3
720575940620673985,720575940616264788,26,set_3
720575940620673985,720575940617031385,44,set_3
720575940620673985,720575940617403622,60,set_3
720575940620673985,720575940618514043,48,set_3
720575940620673985,720575940619155264,20,set_3
720575940620673985,720575940619155403,10,set_3
720575940620673985,720575940619173534,14,set_3
720575940620673985,720575940619793940,32,set_3
720575940620673985,720575940619898526,338,set_3
720575940620673985,720575940622195625,266,set_3
720575940620673985,720575940622585224,16,set_3
720575940620673985,720575940622734106,36,set_3
720575940620673985,720575940622743309,14,set_3
720575940620673985,720575940623133223,40,set_3
720575940620673985,720575940623164685,116,set_3
720575940620673985,720575940623938795,78,set_3
720575940620673985,720575940624139559,32,set_3
720575940620673985,720575940624224253,28,set_3
720575940620673985,720575940624310676,22,set_3
720575940620673985,720575940624756297,14,set_3
720575940620673985,720575940624913959,24,set_3
720575940620673985,720575940625111223,22,set_3
720575940620673985,720575940625320394,80,set_3
720575940620673985,720575940625716357,26,set_3
720575940620673985,720575940626626597,14,set_3
720575940620673985,720575940626703241,34,set_3
720575940620673985,720575940626919144,46,set_3
720575940620673985,720575940626960536,174,set_3
720575940620673985,720575940627167516,20,set_3
720575940620673985,720575940627403578,28,set_3
720575940620673985,720575940627404858,12,set_3
720575940620673985,720575940627418387,116,set_3
720575940620673985,720575940627429907,26,set_3
720575940620673985,720575940627779983,72,set_3
720575940620673985,720575940628616271,28,set_3
720575940620673985,720575940629564688,204,set_3
720575940620673985,720575940630251095,28,set_3
720575940620673985,720575940630702789,30,set_3
720575940620673985,720575940631381007,12,set_3
720575940620673985,720575940631994728,38,set_3
720575940620673985,720575940632134227,18,set_3
720575940620673985,720575940632302161,18,set_3
720575940620673985,720575940632467923,22,set_3
720575940620673985,720575940634093337,20,set_3
720575940620673985,720575940635527322,168,set_3
720575940620673985,720575940635530871,20,set_3
720575940620673985,720575940635596212,10,set_3
720575940620673985,720575940635610548,36,set_3
720575940620673985,720575940636649061,32,set_3
720575940620673985,720575940637360730,14,set_3
720575940620673985,720575940637650522,28,set_3
720575940620673985,720575940639555928,36,set_3
720575940620673985,720575940641281013,60,set_3
720575940620673985,720575940644157988,12,set_3
720575940620673985,720575940644653348,12,set_3
720575940620673985,720575940645611652,16,set_3
720575940620673985,720575940646736772,26,set_3
720575940620673985,720575940647084164,20,set_3
720575940620673985,720575940648188548,28,set_3
720575940620673985,720575940652104694,26,set_3
720575940620673985,720575940660219521,90,set_3
720575940620692974,720575940614998166,18,set_3
720575940620692974,720575940623314312,14,set_3
720575940620692974,720575940623449382,12,set_3
720575940620692974,720575940624913959,10,set_3
720575940620692974,720575940625045180,50,set_3
720575940620692974,720575940630589036,98,set_3
720575940620692974,720575940634659508,14,set_3
720575940620692974,720575940645503854,32,set_3
720575940620692974,720575940647030324,48,set_3
720575940620735258,720575940613361010,78,set_3
720575940620735258,720575940618118485,42,set_3
720575940620735258,720575940619128699,132,set_3
720575940620735258,720575940619473624,36,set_3
720575940620735258,720575940619900507,102,set_3
720575940620735258,720575940622123144,90,set_3
720575940620735258,720575940622457579,54,set_3
720575940620735258,720575940625815562,60,set_3
720575940620735258,720575940626668218,42,set_3
720575940620735258,720575940626809109,66,set_3
720575940620735258,720575940627492866,30,set_3
720575940620735258,720575940628182910,90,set_3
720575940620735258,720575940628462927,84,set_3
720575940620735258,720575940629548107,30,set_3
720575940620735258,720575940630504466,48,set_3
720575940620735258,720575940630661164,114,set_3
720575940620735258,720575940630664556,282,set_3
720575940620735258,720575940631111983,78,set_3
720575940620735258,720575940631619948,132,set_3
720575940620735258,720575940631742381,36,set_3
720575940620735258,720575940631850521,72,set_3
720575940620735258,720575940634659508,42,set_3
720575940620735258,720575940637216624,42,set_3
720575940620735258,720575940646156420,30,set_3
720575940620778223,720575940607345586,24,set_3
720575940620778223,720575940609133269,32,set_3
720575940620778223,720575940615583650,44,set_3
720575940620778223,720575940616298171,32,set_3
720575940620778223,720575940618877531,48,set_3
720575940620778223,720575940621957381,32,set_3
720575940620778223,720575940623132621,80,set_3
720575940620778223,720575940625867056,32,set_3
720575940620778223,720575940626960536,120,set_3
720575940620778223,720575940628686695,20,set_3
720575940620778223,720575940629773276,20,set_3
720575940620778223,720575940630589036,160,set_3
720575940620778223,720575940632134227,60,set_3
720575940620778223,720575940635610548,48,set_3
720575940620778223,720575940637360730,64,set_3
720575940621013640,720575940615292895,20,set_3
720575940621013640,720575940620553094,5,set_3
720575940621013640,720575940621218694,5,set_3
720575940621013640,720575940623210445,5,set_3
720575940621013640,720575940626075517,8,set_3
720575940621013640,720575940626668218,8,set_3
720575940621013640,720575940628023685,23,set_3
720575940621013640,720575940628182910,5,set_3
720575940621013640,720575940630890040,6,set_3
720575940621013640,720575940631092943,66,set_3
720575940621013640,720575940631997032,9,set_3
720575940621013640,720575940638103349,14,set_3
720575940621013640,720575940643703831,8,set_3
720575940621261296,720575940610258552,25,set_3
720575940621261296,720575940610482883,8,set_3
720575940621261296,720575940610679876,10,set_3
720575940621261296,720575940611436408,64,set_3
720575940621261296,720575940614386070,68,set_3
720575940621261296,720575940615582111,32,set_3
720575940621261296,720575940615671106,42,set_3
720575940621261296,720575940616864217,89,set_3
720575940621261296,720575940618238523,321,set_3
720575940621261296,720575940618574749,6,set_3
720575940621261296,720575940618600246,23,set_3
720575940621261296,720575940619877396,13,set_3
720575940621261296,720575940620274085,80,set_3
720575940621261296,720575940621586854,242,set_3
720575940621261296,720575940622734106,13,set_3
720575940621261296,720575940623211725,13,set_3
720575940621261296,720575940624600840,11,set_3
720575940621261296,720575940624906483,18,set_3
720575940621261296,720575940624966840,105,set_3
720575940621261296,720575940625580988,56,set_3
720575940621261296,720575940625612474,31,set_3
720575940621261296,720575940625737776,76,set_3
720575940621261296,720575940626094350,42,set_3
720575940621261296,720575940626860421,29,set_3
720575940621261296,720575940627086594,8,set_3
720575940621261296,720575940627847752,119,set_3
720575940621261296,720575940628648809,80,set_3
720575940621261296,720575940628826128,35,set_3
720575940621261296,720575940628997123,36,set_3
720575940621261296,720575940630695798,16,set_3
720575940621261296,720575940630865724,39,set_3
720575940621261296,720575940630964188,20,set_3
720575940621261296,720575940631918649,40,set_3
720575940621261296,720575940631989352,8,set_3
720575940621261296,720575940632047890,30,set_3
720575940621261296,720575940632134227,24,set_3
720575940621261296,720575940633185567,241,set_3
720575940621261296,720575940634825623,7,set_3
720575940621261296,720575940635055039,40,set_3
720575940621261296,720575940636685454,6,set_3
720575940621261296,720575940637360730,9,set_3
720575940621261296,720575940640589171,17,set_3
720575940621261296,720575940647518340,16,set_3
720575940621261296,720575940655013025,10,set_3
720575940621399899,720575940604852146,8,set_3
720575940621399899,720575940605890784,18,set_3
720575940621399899,720575940607500297,13,set_3
720575940621399899,720575940608296917,14,set_3
720575940621399899,720575940609533230,17,set_3
720575940621399899,720575940610258552,23,set_3
720575940621399899,720575940610474610,22,set_3
720575940621399899,720575940611151406,23,set_3
720575940621399899,720575940611184819,12,set_3
720575940621399899,720575940612443890,31,set_3
720575940621399899,720575940613080751,13,set_3
720575940621399899,720575940613112293,5,set_3
720575940621399899,720575940614465478,13,set_3
720575940621399899,720575940615582111,23,set_3
720575940621399899,720575940616018956,69,set_3
720575940621399899,720575940616038294,151,set_3
720575940621399899,720575940617853730,15,set_3
720575940621399899,720575940618466384,15,set_3
720575940621399899,720575940618514043,19,set_3
720575940621399899,720575940618600246,15,set_3
720575940621399899,720575940619682368,6,set_3
720575940621399899,720575940619847371,13,set_3
720575940621399899,720575940620332404,18,set_3
720575940621399899,720575940620698136,11,set_3
720575940621399899,720575940620979638,18,set_3
720575940621399899,720575940621833281,54,set_3
720575940621399899,720575940622195625,64,set_3
720575940621399899,720575940622313971,12,set_3
720575940621399899,720575940622604109,9,set_3
720575940621399899,720575940622734106,9,set_3
720575940621399899,720575940623164685,184,set_3
720575940621399899,720575940623173470,21,set_3
720575940621399899,720575940623938795,12,set_3
720575940621399899,720575940624311881,7,set_3
720575940621399899,720575940624352643,14,set_3
720575940621399899,720575940624756297,26,set_3
720575940621399899,720575940624792197,14,set_3
720575940621399899,720575940625164176,8,set_3
720575940621399899,720575940625507870,15,set_3
720575940621399899,720575940625580988,14,set_3
720575940621399899,720575940625741114,18,set_3
720575940621399899,720575940626075517,26,set_3
720575940621399899,720575940626284036,13,set_3
720575940621399899,720575940626528252,47,set_3
720575940621399899,720575940626626597,46,set_3
720575940621399899,720575940626780222,10,set_3
720575940621399899,720575940626860421,197,set_3
720575940621399899,720575940626890852,39,set_3
720575940621399899,720575940626919144,7,set_3
720575940621399899,720575940627036746,16,set_3
720575940621399899,720575940627086594,35,set_3
720575940621399899,720575940627110672,7,set_3
720575940621399899,720575940627418387,20,set_3
720575940621399899,720575940627429907,69,set_3
720575940621399899,720575940627829064,5,set_3
720575940621399899,720575940629270339,13,set_3
720575940621399899,720575940629564688,257,set_3
720575940621399899,720575940629623351,7,set_3
720575940621399899,720575940630251095,63,set_3
720575940621399899,720575940630991311,6,set_3
720575940621399899,720575940631020079,8,set_3
720575940621399899,720575940631423263,14,set_3
720575940621399899,720575940631994728,41,set_3
720575940621399899,720575940632134227,5,set_3
720575940621399899,720575940633634199,10,set_3
720575940621399899,720575940633733601,14,set_3
720575940621399899,720575940634093337,19,set_3
720575940621399899,720575940635176366,9,set_3
720575940621399899,720575940635425893,7,set_3
720575940621399899,720575940635576767,20,set_3
720575940621399899,720575940635791167,10,set_3
720575940621399899,720575940635990896,16,set_3
720575940621399899,720575940637184326,9,set_3
720575940621399899,720575940637360730,9,set_3
720575940621399899,720575940638024794,88,set_3
720575940621399899,720575940638682787,6,set_3
720575940621399899,720575940638684248,5,set_3
720575940621399899,720575940638719807,11,set_3
720575940621399899,720575940640589171,6,set_3
720575940621399899,720575940647021620,20,set_3
720575940621399899,720575940647560500,30,set_3
720575940621399899,720575940648180868,10,set_3
720575940621399899,720575940648188548,14,set_3
720575940621569728,720575940605890784,32,set_3
720575940621569728,720575940611436408,16,set_3
720575940621569728,720575940612289010,10,set_3
720575940621569728,720575940613929391,24,set_3
720575940621569728,720575940616864217,24,set_3
720575940621569728,720575940617494877,16,set_3
720575940621569728,720575940618165019,52,set_3
720575940621569728,720575940618238523,44,set_3
720575940621569728,720575940618539810,120,set_3
720575940621569728,720575940621586854,20,set_3
720575940621569728,720575940621771041,28,set_3
720575940621569728,720575940622026245,16,set_3
720575940621569728,720575940622154266,10,set_3
720575940621569728,720575940622933765,14,set_3
720575940621569728,720575940623379750,24,set_3
720575940621569728,720575940624906483,10,set_3
720575940621569728,720575940625874992,28,set_3
720575940621569728,720575940628743752,38,set_3
720575940621569728,720575940628780309,58,set_3
720575940621569728,720575940628995331,14,set_3
720575940621569728,720575940629422183,10,set_3
720575940621569728,720575940630233404,116,set_3
720575940621569728,720575940630868793,44,set_3
720575940621569728,720575940631939432,10,set_3
720575940621569728,720575940631989352,30,set_3
720575940621569728,720575940631994728,32,set_3
720575940621569728,720575940632030008,10,set_3
720575940621569728,720575940632047890,28,set_3
720575940621569728,720575940632252743,26,set_3
720575940621569728,720575940632486969,14,set_3
720575940621569728,720575940632752723,12,set_3
720575940621569728,720575940633185567,18,set_3
720575940621569728,720575940636649061,14,set_3
720575940621569728,720575940637656286,12,set_3
720575940621569728,720575940639786915,24,set_3
720575940621569728,720575940647560500,34,set_3
720575940621755888,720575940609133269,48,set_3
720575940621755888,720575940611351193,204,set_3
720575940621755888,720575940617668662,104,set_3
720575940621755888,720575940622074206,48,set_3
720575940621755888,720575940622406694,64,set_3
720575940621755888,720575940623458633,60,set_3
720575940621755888,720575940626960536,20,set_3
720575940621755888,720575940634667234,124,set_3
720575940621763312,720575940613825814,14,set_3
720575940621763312,720575940620741102,22,set_3
720575940621763312,720575940623449382,42,set_3
720575940621763312,720575940625045180,108,set_3
720575940621763312,720575940625874992,16,set_3
720575940621763312,720575940630589036,28,set_3
720575940621818790,720575940603266592,8,set_3
720575940621818790,720575940604852146,22,set_3
720575940621818790,720575940606866377,5,set_3
720575940621818790,720575940607500297,7,set_3
720575940621818790,720575940608296917,17,set_3
720575940621818790,720575940609533230,20,set_3
720575940621818790,720575940609913042,55,set_3
720575940621818790,720575940610474610,15,set_3
720575940621818790,720575940610683315,10,set_3
720575940621818790,720575940610773090,8,set_3
720575940621818790,720575940610916465,14,set_3
720575940621818790,720575940610981362,143,set_3
720575940621818790,720575940611168921,11,set_3
720575940621818790,720575940611184819,20,set_3
720575940621818790,720575940611211417,19,set_3
720575940621818790,720575940611667173,6,set_3
720575940621818790,720575940612256938,9,set_3
720575940621818790,720575940612277090,16,set_3
720575940621818790,720575940613061118,12,set_3
720575940621818790,720575940613080751,14,set_3
720575940621818790,720575940613361010,6,set_3
720575940621818790,720575940614128691,58,set_3
720575940621818790,720575940614211295,6,set_3
720575940621818790,720575940614273292,6,set_3
720575940621818790,720575940614660519,27,set_3
720575940621818790,720575940615274425,5,set_3
720575940621818790,720575940615296818,15,set_3
720575940621818790,720575940616308921,17,set_3
720575940621818790,720575940616791709,5,set_3
720575940621818790,720575940616921152,214,set_3
720575940621818790,720575940616971035,11,set_3
720575940621818790,720575940617335382,18,set_3
720575940621818790,720575940618118485,9,set_3
720575940621818790,720575940618466384,6,set_3
720575940621818790,720575940618788944,14,set_3
720575940621818790,720575940619072513,9,set_3
720575940621818790,720575940619387814,8,set_3
720575940621818790,720575940619473624,28,set_3
720575940621818790,720575940619652033,9,set_3
720575940621818790,720575940619847371,5,set_3
720575940621818790,720575940619928929,18,set_3
720575940621818790,720575940620177543,6,set_3
720575940621818790,720575940620332404,7,set_3
720575940621818790,720575940620359956,48,set_3
720575940621818790,720575940620445062,9,set_3
720575940621818790,720575940620698136,13,set_3
720575940621818790,720575940620748457,6,set_3
720575940621818790,720575940620780272,6,set_3
720575940621818790,720575940621345012,11,set_3
720575940621818790,720575940621375231,16,set_3
720575940621818790,720575940621736669,6,set_3
720575940621818790,720575940621953285,5,set_3
720575940621818790,720575940622313971,20,set_3
720575940621818790,720575940622457579,22,set_3
720575940621818790,720575940622604109,16,set_3
720575940621818790,720575940623173470,23,set_3
720575940621818790,720575940623660558,22,set_3
720575940621818790,720575940623853837,7,set_3
720575940621818790,720575940624311881,8,set_3
720575940621818790,720575940624352643,10,set_3
720575940621818790,720575940624530372,28,set_3
720575940621818790,720575940624600840,7,set_3
720575940621818790,720575940624604560,7,set_3
720575940621818790,720575940624792197,15,set_3
720575940621818790,720575940625003045,12,set_3
720575940621818790,720575940625102692,36,set_3
720575940621818790,720575940625178768,42,set_3
720575940621818790,720575940625298276,15,set_3
720575940621818790,720575940625741114,12,set_3
720575940621818790,720575940625834132,11,set_3
720575940621818790,720575940626016017,21,set_3
720575940621818790,720575940626241636,10,set_3
720575940621818790,720575940626284036,11,set_3
720575940621818790,720575940626870846,18,set_3
720575940621818790,720575940627036746,26,set_3
720575940621818790,720575940627110672,9,set_3
720575940621818790,720575940627265265,12,set_3
720575940621818790,720575940627274578,5,set_3
720575940621818790,720575940627444490,11,set_3
720575940621818790,720575940627454569,38,set_3
720575940621818790,720575940627578156,6,set_3
720575940621818790,720575940627989609,7,set_3
720575940621818790,720575940628832256,6,set_3
720575940621818790,720575940628995587,8,set_3
720575940621818790,720575940629009468,8,set_3
720575940621818790,720575940629146711,10,set_3
720575940621818790,720575940629211607,10,set_3
720575940621818790,720575940629270339,15,set_3
720575940621818790,720575940629317450,9,set_3
720575940621818790,720575940629358807,18,set_3
720575940621818790,720575940629839947,10,set_3
720575940621818790,720575940630575943,6,set_3
720575940621818790,720575940630893196,17,set_3
720575940621818790,720575940631020079,16,set_3
720575940621818790,720575940631056185,10,set_3
720575940621818790,720575940631082124,12,set_3
720575940621818790,720575940631092943,15,set_3
720575940621818790,720575940631423263,5,set_3
720575940621818790,720575940633165980,5,set_3
720575940621818790,720575940633170969,62,set_3
720575940621818790,720575940633634199,14,set_3
720575940621818790,720575940633733601,28,set_3
720575940621818790,720575940633919992,15,set_3
720575940621818790,720575940634102639,5,set_3
720575940621818790,720575940634462304,19,set_3
720575940621818790,720575940634545634,18,set_3
720575940621818790,720575940635176366,20,set_3
720575940621818790,720575940635425893,6,set_3
720575940621818790,720575940635791167,8,set_3
720575940621818790,720575940635990896,16,set_3
720575940621818790,720575940636541285,6,set_3
720575940621818790,720575940637130985,73,set_3
720575940621818790,720575940637184326,14,set_3
720575940621818790,720575940637216624,22,set_3
720575940621818790,720575940637956698,5,set_3
720575940621818790,720575940638103349,13,set_3
720575940621818790,720575940638218173,16,set_3
720575940621818790,720575940638419534,20,set_3
720575940621818790,720575940638682787,13,set_3
720575940621818790,720575940638684248,11,set_3
720575940621818790,720575940640601563,31,set_3
720575940621818790,720575940646663044,12,set_3
720575940621818790,720575940647033396,6,set_3
720575940621818790,720575940648377209,6,set_3
720575940621818790,720575940658442625,13,set_3
720575940621894750,720575940611056482,342,set_3
720575940621894750,720575940611351193,48,set_3
720575940621894750,720575940612420118,120,set_3
720575940621894750,720575940612642730,36,set_3
720575940621894750,720575940615015976,240,set_3
720575940621894750,720575940616934289,204,set_3
720575940621894750,720575940618877531,108,set_3
720575940621894750,720575940620129182,72,set_3
720575940621894750,720575940620885342,66,set_3
720575940621894750,720575940621848781,42,set_3
720575940621894750,720575940622406694,60,set_3
720575940621894750,720575940622606106,36,set_3
720575940621894750,720575940623458633,30,set_3
720575940621894750,720575940623511795,390,set_3
720575940621894750,720575940624186602,72,set_3
720575940621894750,720575940625972261,438,set_3
720575940621894750,720575940630589036,222,set_3
720575940621894750,720575940630995799,54,set_3
720575940621894750,720575940631092943,30,set_3
720575940621894750,720575940632596449,198,set_3
720575940621894750,720575940634667234,66,set_3
720575940621894750,720575940636541285,60,set_3
720575940621894750,720575940636542565,408,set_3
720575940621894750,720575940636943849,144,set_3
720575940621894750,720575940637019994,450,set_3
720575940621894750,720575940638054197,72,set_3
720575940621894750,720575940640554045,414,set_3
720575940621894750,720575940655071905,312,set_3
720575940621928453,720575940605703456,20,set_3
720575940621928453,720575940609133269,16,set_3
720575940621928453,720575940615583650,12,set_3
720575940621928453,720575940616298171,10,set_3
720575940621928453,720575940620129182,48,set_3
720575940621928453,720575940621957381,10,set_3
720575940621928453,720575940623132621,14,set_3
720575940621928453,720575940623449382,40,set_3
720575940621928453,720575940624913959,16,set_3
720575940621928453,720575940625172016,18,set_3
720575940621928453,720575940625867056,16,set_3
720575940621928453,720575940626555153,14,set_3
720575940621928453,720575940626798736,14,set_3
720575940621928453,720575940630461660,12,set_3
720575940621928453,720575940630589036,26,set_3
720575940621928453,720575940635610548,18,set_3
720575940621928453,720575940647060532,12,set_3
720575940621930710,720575940610103906,45,set_3
720575940621930710,720575940612819763,42,set_3
720575940621930710,720575940616018956,84,set_3
720575940621930710,720575940624906483,15,set_3
720575940621930710,720575940625173006,33,set_3
720575940621930710,720575940627219272,60,set_3
720575940621930710,720575940627371834,24,set_3
720575940621930710,720575940633660314,45,set_3
720575940621930710,720575940635005303,33,set_3
720575940622018309,720575940612208858,295,set_3
720575940622018309,720575940612354034,370,set_3
720575940622018309,720575940612357618,260,set_3
720575940622018309,720575940614734754,50,set_3
720575940622018309,720575940615582111,75,set_3
720575940622018309,720575940616164658,60,set_3
720575940622018309,720575940616864086,105,set_3
720575940622018309,720575940618028125,25,set_3
720575940622018309,720575940618514043,95,set_3
720575940622018309,720575940618539810,25,set_3
720575940622018309,720575940621538142,30,set_3
720575940622018309,720575940621573030,55,set_3
720575940622018309,720575940621573542,420,set_3
720575940622018309,720575940622026245,300,set_3
720575940622018309,720575940622074206,140,set_3
720575940622018309,720575940622195625,160,set_3
720575940622018309,720575940622734106,60,set_3
720575940622018309,720575940623164685,50,set_3
720575940622018309,720575940625716357,25,set_3
720575940622018309,720575940626094350,655,set_3
720575940622018309,720575940626099214,180,set_3
720575940622018309,720575940626960536,110,set_3
720575940622018309,720575940627062088,110,set_3
720575940622018309,720575940628997123,530,set_3
720575940622018309,720575940629805950,65,set_3
720575940622018309,720575940630233404,25,set_3
720575940622018309,720575940631381007,270,set_3
720575940622018309,720575940631918649,140,set_3
720575940622018309,720575940631939432,25,set_3
720575940622018309,720575940632752723,50,set_3
720575940622018309,720575940633772257,90,set_3
720575940622018309,720575940635527322,25,set_3
720575940622018309,720575940638719807,290,set_3
720575940622018309,720575940646274670,30,set_3
720575940622018309,720575940648188548,60,set_3
720575940622018309,720575940661338497,30,set_3
720575940622054753,720575940607162754,98,set_3
720575940622054753,720575940609133269,10,set_3
720575940622054753,720575940609405635,20,set_3
720575940622054753,720575940610803554,18,set_3
720575940622054753,720575940611167842,138,set_3
720575940622054753,720575940612208858,98,set_3
720575940622054753,720575940612443890,24,set_3
720575940622054753,720575940613670893,20,set_3
720575940622054753,720575940613825814,12,set_3
720575940622054753,720575940614660519,96,set_3
720575940622054753,720575940614736290,60,set_3
720575940622054753,720575940616298171,22,set_3
720575940622054753,720575940621256384,16,set_3
720575940622054753,720575940621538142,32,set_3
720575940622054753,720575940621573030,10,set_3
720575940622054753,720575940621833281,110,set_3
720575940622054753,720575940622624214,22,set_3
720575940622054753,720575940623132621,12,set_3
720575940622054753,720575940623164685,38,set_3
720575940622054753,720575940623381286,26,set_3
720575940622054753,720575940623449382,22,set_3
720575940622054753,720575940623535044,10,set_3
720575940622054753,720575940624600840,170,set_3
720575940622054753,720575940624623287,24,set_3
720575940622054753,720575940625867056,76,set_3
720575940622054753,720575940626668218,34,set_3
720575940622054753,720575940626826288,16,set_3
720575940622054753,720575940626890852,16,set_3
720575940622054753,720575940627086594,32,set_3
720575940622054753,720575940627410451,26,set_3
720575940622054753,720575940627429907,18,set_3
720575940622054753,720575940628815381,24,set_3
720575940622054753,720575940629822842,28,set_3
720575940622054753,720575940629888530,12,set_3
720575940622054753,720575940630159616,34,set_3
720575940622054753,720575940630461660,10,set_3
720575940622054753,720575940630589036,14,set_3
720575940622054753,720575940630691958,158,set_3
720575940622054753,720575940630839371,72,set_3
720575940622054753,720575940630991311,28,set_3
720575940622054753,720575940631092943,106,set_3
720575940622054753,720575940631340815,30,set_3
720575940622054753,720575940631349335,14,set_3
720575940622054753,720575940632134227,96,set_3
720575940622054753,720575940632486969,32,set_3
720575940622054753,720575940632659404,38,set_3
720575940622054753,720575940633065901,26,set_3
720575940622054753,720575940633170969,18,set_3
720575940622054753,720575940634210155,14,set_3
720575940622054753,720575940634527840,16,set_3
720575940622054753,720575940635527092,10,set_3
720575940622054753,720575940635610548,22,set_3
720575940622054753,720575940635807130,88,set_3
720575940622054753,720575940636576948,14,set_3
720575940622054753,720575940637216624,18,set_3
720575940622054753,720575940637360730,72,set_3
720575940622054753,720575940637686750,10,set_3
720575940622054753,720575940638103349,18,set_3
720575940622054753,720575940639994456,32,set_3
720575940622054753,720575940640162944,20,set_3
720575940622054753,720575940641655949,24,set_3
720575940622054753,720575940644666148,30,set_3
720575940622054753,720575940660224641,28,set_3
720575940622124833,720575940616018956,28,set_3
720575940622124833,720575940619176094,6,set_3
720575940622124833,720575940623164941,5,set_3
720575940622124833,720575940623535044,6,set_3
720575940622124833,720575940627371834,5,set_3
720575940622124833,720575940628780309,5,set_3
720575940622124833,720575940631918649,5,set_3
720575940622137633,720575940611388595,5,set_3
720575940622137633,720575940612952557,6,set_3
720575940622137633,720575940620506996,20,set_3
720575940622137633,720575940620866544,8,set_3
720575940622137633,720575940621833281,5,set_3
720575940622137633,720575940626999464,9,set_3
720575940622137633,720575940630034231,10,set_3
720575940622137633,720575940635501560,8,set_3
720575940622137633,720575940635696279,14,set_3
720575940622348156,720575940607162754,528,set_3
720575940622348156,720575940610173048,165,set_3
720575940622348156,720575940612208858,605,set_3
720575940622348156,720575940614736290,627,set_3
720575940622348156,720575940616018956,77,set_3
720575940622348156,720575940617663537,66,set_3
720575940622348156,720575940618165787,110,set_3
720575940622348156,720575940619042427,110,set_3
720575940622348156,720575940619473624,99,set_3
720575940622348156,720575940620506996,55,set_3
720575940622348156,720575940620741102,704,set_3
720575940622348156,720575940621047632,66,set_3
720575940622348156,720575940621329328,88,set_3
720575940622348156,720575940621667693,550,set_3
720575940622348156,720575940621833281,209,set_3
720575940622348156,720575940622195625,88,set_3
720575940622348156,720575940622657268,55,set_3
720575940622348156,720575940623137818,55,set_3
720575940622348156,720575940623164685,352,set_3
720575940622348156,720575940623535044,297,set_3
720575940622348156,720575940625045180,154,set_3
720575940622348156,720575940625454108,99,set_3
720575940622348156,720575940626308697,77,set_3
720575940622348156,720575940626919144,242,set_3
720575940622348156,720575940627312668,847,set_3
720575940622348156,720575940628815381,385,set_3
720575940622348156,720575940629266988,66,set_3
720575940622348156,720575940630233404,55,set_3
720575940622348156,720575940630665210,814,set_3
720575940622348156,720575940630691958,715,set_3
720575940622348156,720575940630980559,110,set_3
720575940622348156,720575940631092943,55,set_3
720575940622348156,720575940631742381,264,set_3
720575940622348156,720575940631787693,66,set_3
720575940622348156,720575940632134227,176,set_3
720575940622348156,720575940633195148,77,set_3
720575940622348156,720575940633772257,132,set_3
720575940622348156,720575940634093337,132,set_3
720575940622348156,720575940635527092,110,set_3
720575940622348156,720575940637360730,363,set_3
720575940622348156,720575940638024794,99,set_3
720575940622348156,720575940639813365,66,set_3
720575940622348156,720575940646088068,77,set_3
720575940622348156,720575940648708228,77,set_3
720575940622415948,720575940607152476,45,set_3
720575940622415948,720575940609787256,30,set_3
720575940622415948,720575940610103906,50,set_3
720575940622415948,720575940611056482,235,set_3
720575940622415948,720575940612420118,100,set_3
720575940622415948,720575940612819763,60,set_3
720575940622415948,720575940614393205,65,set_3
720575940622415948,720575940615015976,255,set_3
720575940622415948,720575940615879995,70,set_3
720575940622415948,720575940616791067,70,set_3
720575940622415948,720575940616934289,370,set_3
720575940622415948,720575940620129182,35,set_3
720575940622415948,720575940620575579,80,set_3
720575940622415948,720575940620699162,35,set_3
720575940622415948,720575940622606106,40,set_3
720575940622415948,720575940623511795,165,set_3
720575940622415948,720575940625173006,35,set_3
720575940622415948,720575940625972261,265,set_3
720575940622415948,720575940627219272,45,set_3
720575940622415948,720575940629972215,50,set_3
720575940622415948,720575940630470391,25,set_3
720575940622415948,720575940630597177,45,set_3
720575940622415948,720575940631092943,200,set_3
720575940622415948,720575940631205580,55,set_3
720575940622415948,720575940632596449,400,set_3
720575940622415948,720575940633660314,45,set_3
720575940622415948,720575940635739504,30,set_3
720575940622415948,720575940636541285,55,set_3
720575940622415948,720575940636542565,215,set_3
720575940622415948,720575940636943849,270,set_3
720575940622415948,720575940637019994,230,set_3
720575940622415948,720575940640554045,125,set_3
720575940622415948,720575940655071905,335,set_3
720575940622474899,720575940605647234,11,set_3
720575940622474899,720575940606676572,8,set_3
720575940622474899,720575940609592270,6,set_3
720575940622474899,720575940615824011,6,set_3
720575940622474899,720575940621325150,5,set_3
720575940622474899,720575940621633683,13,set_3
720575940622474899,720575940630504466,7,set_3
720575940622474899,720575940630718511,29,set_3
720575940622474899,720575940634842804,5,set_3
720575940622474899,720575940635322524,10,set_3
720575940622474899,720575940635452570,14,set_3
720575940622474899,720575940639037016,7,set_3
720575940622493260,720575940610173048,10,set_3
720575940622493260,720575940612208858,22,set_3
720575940622493260,720575940612354034,14,set_3
720575940622493260,720575940618539810,280,set_3
720575940622493260,720575940619877396,22,set_3
720575940622493260,720575940621047632,152,set_3
720575940622493260,720575940622074206,20,set_3
720575940622493260,720575940623535044,12,set_3
720575940622493260,720575940630233404,288,set_3
720575940622493260,720575940630691958,10,set_3
720575940622493260,720575940631340815,12,set_3
720575940622493260,720575940631918649,12,set_3
720575940622493260,720575940632281927,106,set_3
720575940622493260,720575940633772257,98,set_3
720575940622493260,720575940636656632,12,set_3
720575940622493260,720575940661338497,100,set_3
720575940622519156,720575940607345586,340,set_3
720575940622519156,720575940609133269,310,set_3
720575940622519156,720575940616497477,50,set_3
720575940622519156,720575940623004552,80,set_3
720575940622519156,720575940625978882,50,set_3
720575940622519156,720575940628743752,300,set_3
720575940622519156,720575940630589036,330,set_3
720575940622519156,720575940630904567,120,set_3
720575940622519156,720575940630995799,60,set_3
720575940622519156,720575940644672548,100,set_3
720575940622519156,720575940661338497,80,set_3
720575940622520908,720575940605707710,8,set_3
720575940622520908,720575940605890784,8,set_3
720575940622520908,720575940607386290,11,set_3
720575940622520908,720575940607387314,33,set_3
720575940622520908,720575940609133269,6,set_3
720575940622520908,720575940609521250,5,set_3
720575940622520908,720575940609939780,9,set_3
720575940622520908,720575940610584945,55,set_3
720575940622520908,720575940611160930,13,set_3
720575940622520908,720575940611715813,7,set_3
720575940622520908,720575940612235747,5,set_3
720575940622520908,720575940612558061,31,set_3
720575940622520908,720575940612906518,22,set_3
720575940622520908,720575940615811670,66,set_3
720575940622520908,720575940617373268,12,set_3
720575940622520908,720575940617488477,8,set_3
720575940622520908,720575940617494877,16,set_3
720575940622520908,720575940618859480,12,set_3
720575940622520908,720575940620780272,6,set_3
720575940622520908,720575940622391337,48,set_3
720575940622520908,720575940623017989,25,set_3
720575940622520908,720575940623164941,6,set_3
720575940622520908,720575940623314312,37,set_3
720575940622520908,720575940624310857,5,set_3
720575940622520908,720575940625334349,6,set_3
720575940622520908,720575940626557442,23,set_3
720575940622520908,720575940626625813,83,set_3
720575940622520908,720575940626968216,58,set_3
720575940622520908,720575940626972568,5,set_3
720575940622520908,720575940627083294,30,set_3
720575940622520908,720575940627182217,5,set_3
720575940622520908,720575940628029180,55,set_3
720575940622520908,720575940628802069,14,set_3
720575940622520908,720575940628936898,5,set_3
720575940622520908,720575940628972048,5,set_3
720575940622520908,720575940628995331,19,set_3
720575940622520908,720575940629421415,35,set_3
720575940622520908,720575940629773276,13,set_3
720575940622520908,720575940630720763,6,set_3
720575940622520908,720575940631299602,6,set_3
720575940622520908,720575940633218444,35,set_3
720575940622520908,720575940633277209,13,set_3
720575940622520908,720575940633813940,9,set_3
720575940622520908,720575940634210155,27,set_3
720575940622520908,720575940634301852,38,set_3
720575940622520908,720575940634900855,65,set_3
720575940622520908,720575940635166571,32,set_3
720575940622520908,720575940635527322,6,set_3
720575940622520908,720575940636346487,13,set_3
720575940622520908,720575940636675214,5,set_3
720575940622520908,720575940637656286,9,set_3
720575940622520908,720575940639285949,28,set_3
720575940622520908,720575940645495587,23,set_3
720575940622520908,720575940647030324,63,set_3
720575940622520908,720575940648864633,12,set_3
720575940622520908,720575940652580086,27,set_3
720575940622661095,720575940616921152,35,set_3
720575940622661095,720575940618118485,35,set_3
720575940622661095,720575940619128699,112,set_3
720575940622661095,720575940622123144,42,set_3
720575940622661095,720575940622457579,35,set_3
720575940622661095,720575940623758377,35,set_3
720575940622661095,720575940623853837,35,set_3
720575940622661095,720575940624454221,42,set_3
720575940622661095,720575940626668218,161,set_3
720575940622661095,720575940626809109,70,set_3
720575940622661095,720575940628182910,140,set_3
720575940622661095,720575940628462927,42,set_3
720575940622661095,720575940630504466,42,set_3
720575940622661095,720575940630661164,105,set_3
720575940622661095,720575940630664556,112,set_3
720575940622661095,720575940631111983,126,set_3
720575940622661095,720575940631619948,70,set_3
720575940622661095,720575940631742381,63,set_3
720575940622661095,720575940631850521,56,set_3
720575940622661095,720575940634659508,49,set_3
720575940622661095,720575940637216624,98,set_3
720575940622661095,720575940639813365,35,set_3
720575940622661095,720575940643823470,49,set_3
720575940622661095,720575940646156420,49,set_3
720575940622661095,720575940660220289,49,set_3
720575940623066893,720575940609133269,18,set_3
720575940623066893,720575940620025620,18,set_3
720575940623066893,720575940623449382,21,set_3
720575940623066893,720575940625172016,30,set_3
720575940623066893,720575940628743752,114,set_3
720575940623066893,720575940631111983,21,set_3
720575940623066893,720575940632281927,36,set_3
720575940623066893,720575940661338497,72,set_3
720575940623149581,720575940613213615,24,set_3
720575940623149581,720575940618539810,456,set_3
720575940623149581,720575940621827419,21,set_3
720575940623149581,720575940625874992,30,set_3
720575940623149581,720575940628780309,33,set_3
720575940623149581,720575940630233404,429,set_3
720575940623149581,720575940630470391,18,set_3
720575940623149581,720575940631918649,66,set_3
720575940623149581,720575940632281927,96,set_3
720575940623149581,720575940635527322,21,set_3
720575940623149581,720575940636346487,15,set_3
720575940623149581,720575940638024794,66,set_3
720575940623149581,720575940661338497,84,set_3
720575940623154712,720575940603266592,13,set_3
720575940623154712,720575940606239666,6,set_3
720575940623154712,720575940606866377,6,set_3
720575940623154712,720575940606867145,6,set_3
720575940623154712,720575940607253170,16,set_3
720575940623154712,720575940608295689,7,set_3
720575940623154712,720575940609306563,15,set_3
720575940623154712,720575940609913042,22,set_3
720575940623154712,720575940610649442,11,set_3
720575940623154712,720575940610916465,8,set_3
720575940623154712,720575940611106453,10,set_3
720575940623154712,720575940611168921,16,set_3
720575940623154712,720575940611211417,21,set_3
720575940623154712,720575940611678181,7,set_3
720575940623154712,720575940611849178,7,set_3
720575940623154712,720575940612019569,36,set_3
720575940623154712,720575940612582514,13,set_3
720575940623154712,720575940612738197,6,set_3
720575940623154712,720575940613106582,9,set_3
720575940623154712,720575940613825814,18,set_3
720575940623154712,720575940614734186,15,set_3
720575940623154712,720575940614830239,121,set_3
720575940623154712,720575940616163701,8,set_3
720575940623154712,720575940616167730,60,set_3
720575940623154712,720575940616264788,12,set_3
720575940623154712,720575940616791709,184,set_3
720575940623154712,720575940617299515,73,set_3
720575940623154712,720575940617854676,12,set_3
720575940623154712,720575940618887217,10,set_3
720575940623154712,720575940619072513,6,set_3
720575940623154712,720575940619103435,15,set_3
720575940623154712,720575940619155403,14,set_3
720575940623154712,720575940619473624,10,set_3
720575940623154712,720575940619793940,6,set_3
720575940623154712,720575940619928929,73,set_3
720575940623154712,720575940620129182,8,set_3
720575940623154712,720575940620359956,17,set_3
720575940623154712,720575940620692833,5,set_3
720575940623154712,720575940620741102,6,set_3
720575940623154712,720575940620780272,35,set_3
720575940623154712,720575940621256384,27,set_3
720575940623154712,720575940621345012,13,set_3
720575940623154712,720575940621647238,5,set_3
720575940623154712,720575940621736669,8,set_3
720575940623154712,720575940621898665,7,set_3
720575940623154712,720575940622335197,8,set_3
720575940623154712,720575940622585224,11,set_3
720575940623154712,720575940622732253,19,set_3
720575940623154712,720575940622743309,11,set_3
720575940623154712,720575940622853011,6,set_3
720575940623154712,720575940622863287,31,set_3
720575940623154712,720575940623183083,6,set_3
720575940623154712,720575940623617973,7,set_3
720575940623154712,720575940623660558,17,set_3
720575940623154712,720575940623843145,9,set_3
720575940623154712,720575940624310676,19,set_3
720575940623154712,720575940624427466,6,set_3
720575940623154712,720575940624528740,36,set_3
720575940623154712,720575940624976572,11,set_3
720575940623154712,720575940625310014,7,set_3
720575940623154712,720575940625450498,21,set_3
720575940623154712,720575940625696601,7,set_3
720575940623154712,720575940625867056,9,set_3
720575940623154712,720575940626217226,22,set_3
720575940623154712,720575940626767152,6,set_3
720575940623154712,720575940626972568,12,set_3
720575940623154712,720575940627004459,28,set_3
720575940623154712,720575940627402568,8,set_3
720575940623154712,720575940627438906,13,set_3
720575940623154712,720575940627443996,20,set_3
720575940623154712,720575940627444490,11,set_3
720575940623154712,720575940627454569,24,set_3
720575940623154712,720575940627815080,17,set_3
720575940623154712,720575940628504081,8,set_3
720575940623154712,720575940628616271,11,set_3
720575940623154712,720575940628825210,5,set_3
720575940623154712,720575940628891774,17,set_3
720575940623154712,720575940628995587,49,set_3
720575940623154712,720575940629112887,6,set_3
720575940623154712,720575940629358807,7,set_3
720575940623154712,720575940629370844,35,set_3
720575940623154712,720575940629598935,8,set_3
720575940623154712,720575940629878479,16,set_3
720575940623154712,720575940630229007,5,set_3
720575940623154712,720575940630589036,11,set_3
720575940623154712,720575940630597839,9,set_3
720575940623154712,720575940630702789,14,set_3
720575940623154712,720575940630867148,7,set_3
720575940623154712,720575940630893196,17,set_3
720575940623154712,720575940631069255,14,set_3
720575940623154712,720575940631204163,25,set_3
720575940623154712,720575940631331855,5,set_3
720575940623154712,720575940631349335,6,set_3
720575940623154712,720575940631622225,5,set_3
720575940623154712,720575940632146340,7,set_3
720575940623154712,720575940632302161,16,set_3
720575940623154712,720575940632467923,11,set_3
720575940623154712,720575940632998028,6,set_3
720575940623154712,720575940633017903,5,set_3
720575940623154712,720575940633165980,10,set_3
720575940623154712,720575940633455073,14,set_3
720575940623154712,720575940633518176,7,set_3
720575940623154712,720575940634085786,8,set_3
720575940623154712,720575940637130985,24,set_3
720575940623154712,720575940637580102,10,set_3
720575940623154712,720575940637650522,9,set_3
720575940623154712,720575940637747519,8,set_3
720575940623154712,720575940638419534,15,set_3
720575940623154712,720575940638638670,5,set_3
720575940623154712,720575940638813016,10,set_3
720575940623154712,720575940639555928,5,set_3
720575940623154712,720575940640601563,60,set_3
720575940623154712,720575940643065032,5,set_3
720575940623154712,720575940644157988,11,set_3
720575940623154712,720575940644676900,13,set_3
720575940623154712,720575940645108936,6,set_3
720575940623154712,720575940645743412,7,set_3
720575940623154712,720575940646736772,17,set_3
720575940623154712,720575940647033396,6,set_3
720575940623154712,720575940647084164,8,set_3
720575940623154712,720575940658442625,43,set_3
720575940623193549,720575940604705312,24,set_3
720575940623193549,720575940608498780,27,set_3
720575940623193549,720575940612427670,15,set_3
720575940623193549,720575940614291181,18,set_3
720575940623193549,720575940616400470,18,set_3
720575940623193549,720575940618519454,66,set_3
720575940623193549,720575940621181066,18,set_3
720575940623193549,720575940624986407,21,set_3
720575940623193549,720575940626626597,63,set_3
720575940623193549,720575940626672058,15,set_3
720575940623193549,720575940627444234,15,set_3
720575940623193549,720575940627500279,21,set_3
720575940623193549,720575940627538690,15,set_3
720575940623193549,720575940628125715,36,set_3
720575940623193549,720575940630964188,15,set_3
720575940623193549,720575940631314908,18,set_3
720575940623193549,720575940632486969,18,set_3
720575940623193549,720575940632960813,15,set_3
720575940623193549,720575940633316307,63,set_3
720575940623193549,720575940634198926,69,set_3
720575940623193549,720575940636552805,60,set_3
720575940623193549,720575940637612974,51,set_3
720575940623193549,720575940647060532,21,set_3
720575940623208141,720575940604027168,8,set_3
720575940623208141,720575940605695665,6,set_3
720575940623208141,720575940608279817,5,set_3
720575940623208141,720575940608292361,12,set_3
720575940623208141,720575940609644498,14,set_3
720575940623208141,720575940610259370,8,set_3
720575940623208141,720575940610716770,17,set_3
720575940623208141,720575940610773090,5,set_3
720575940623208141,720575940611499669,12,set_3
720575940623208141,720575940611672538,10,set_3
720575940623208141,720575940611723473,7,set_3
720575940623208141,720575940613851699,6,set_3
720575940623208141,720575940613915089,21,set_3
720575940623208141,720575940613959391,7,set_3
720575940623208141,720575940614178302,7,set_3
720575940623208141,720575940614336739,15,set_3
720575940623208141,720575940614597644,6,set_3
720575940623208141,720575940614808844,5,set_3
720575940623208141,720575940615050346,9,set_3
720575940623208141,720575940615097275,20,set_3
720575940623208141,720575940615335458,6,set_3
720575940623208141,720575940615555257,11,set_3
720575940623208141,720575940615641798,6,set_3
720575940623208141,720575940615740834,14,set_3
720575940623208141,720575940616183483,9,set_3
720575940623208141,720575940616332381,6,set_3
720575940623208141,720575940617094208,10,set_3
720575940623208141,720575940617239197,6,set_3
720575940623208141,720575940617433830,6,set_3
720575940623208141,720575940617803803,24,set_3
720575940623208141,720575940618165787,5,set_3
720575940623208141,720575940618357126,5,set_3
720575940623208141,720575940618682747,7,set_3
720575940623208141,720575940618887217,7,set_3
720575940623208141,720575940619028208,9,set_3
720575940623208141,720575940619161479,12,set_3
720575940623208141,720575940619360065,10,set_3
720575940623208141,720575940619659861,17,set_3
720575940623208141,720575940619686208,8,set_3
720575940623208141,720575940619934411,13,set_3
720575940623208141,720575940620057502,7,set_3
720575940623208141,720575940620744728,5,set_3
720575940623208141,720575940620998253,6,set_3
720575940623208141,720575940621008895,8,set_3
720575940623208141,720575940621272865,10,set_3
720575940623208141,720575940621573542,7,set_3
720575940623208141,720575940621864060,8,set_3
720575940623208141,720575940622061132,11,set_3
720575940623208141,720575940622204585,9,set_3
720575940623208141,720575940622298631,8,set_3
720575940623208141,720575940622312063,27,set_3
720575940623208141,720575940622340393,6,set_3
720575940623208141,720575940622382285,11,set_3
720575940623208141,720575940622665801,5,set_3
720575940623208141,720575940623017989,5,set_3
720575940623208141,720575940623128269,31,set_3
720575940623208141,720575940623535044,12,set_3
720575940623208141,720575940623988971,5,set_3
720575940623208141,720575940624015543,11,set_3
720575940623208141,720575940624310345,9,set_3
720575940623208141,720575940624333802,15,set_3
720575940623208141,720575940624377579,14,set_3
720575940623208141,720575940624989223,6,set_3
720575940623208141,720575940625836925,11,set_3
720575940623208141,720575940626132508,16,set_3
720575940623208141,720575940626188490,7,set_3
720575940623208141,720575940626287336,9,set_3
720575940623208141,720575940626471185,10,set_3
720575940623208141,720575940626483985,14,set_3
720575940623208141,720575940627116858,17,set_3
720575940623208141,720575940627343125,14,set_3
720575940623208141,720575940628218011,6,set_3
720575940623208141,720575940628225167,6,set_3
720575940623208141,720575940628533591,8,set_3
720575940623208141,720575940628962407,8,set_3
720575940623208141,720575940628977170,9,set_3
720575940623208141,720575940628979218,10,set_3
720575940623208141,720575940629146711,8,set_3
720575940623208141,720575940629152060,5,set_3
720575940623208141,720575940629250775,6,set_3
720575940623208141,720575940629416318,10,set_3
720575940623208141,720575940629486018,6,set_3
720575940623208141,720575940630174223,5,set_3
720575940623208141,720575940630195909,12,set_3
720575940623208141,720575940630960911,15,set_3
720575940623208141,720575940631049002,8,set_3
720575940623208141,720575940631291666,5,set_3
720575940623208141,720575940631381007,5,set_3
720575940623208141,720575940631539001,9,set_3
720575940623208141,720575940631559884,5,set_3
720575940623208141,720575940631966791,7,set_3
720575940623208141,720575940631971911,11,set_3
720575940623208141,720575940632618148,15,set_3
720575940623208141,720575940633228172,45,set_3
720575940623208141,720575940633978207,8,set_3
720575940623208141,720575940634682815,16,set_3
720575940623208141,720575940635247284,17,set_3
720575940623208141,720575940636013966,8,set_3
720575940623208141,720575940636104846,15,set_3
720575940623208141,720575940636241038,7,set_3
720575940623208141,720575940637078591,5,set_3
720575940623208141,720575940637258206,19,set_3
720575940623208141,720575940637616094,18,set_3
720575940623208141,720575940637792233,11,set_3
720575940623208141,720575940638312262,5,set_3
720575940623208141,720575940638909749,8,set_3
720575940623208141,720575940639601752,8,set_3
720575940623208141,720575940641764552,17,set_3
720575940623208141,720575940645035287,8,set_3
720575940623208141,720575940645760820,7,set_3
720575940623208141,720575940647037492,16,set_3
720575940623208141,720575940654562209,16,set_3
720575940623208141,720575940654611617,12,set_3
720575940623209165,720575940609133269,42,set_3
720575940623209165,720575940612357618,60,set_3
720575940623209165,720575940612952557,10,set_3
720575940623209165,720575940613213615,24,set_3
720575940623209165,720575940613347299,10,set_3
720575940623209165,720575940613825814,14,set_3
720575940623209165,720575940616298171,10,set_3
720575940623209165,720575940616466260,10,set_3
720575940623209165,720575940616864086,16,set_3
720575940623209165,720575940617494877,36,set_3
720575940623209165,720575940618165019,16,set_3
720575940623209165,720575940618165787,16,set_3
720575940623209165,720575940618539810,12,set_3
720575940623209165,720575940619021726,14,set_3
720575940623209165,720575940619111515,12,set_3
720575940623209165,720575940621329328,14,set_3
720575940623209165,720575940621771041,16,set_3
720575940623209165,720575940622452715,20,set_3
720575940623209165,720575940624906483,16,set_3
720575940623209165,720575940625045180,122,set_3
720575940623209165,720575940625867056,14,set_3
720575940623209165,720575940625874992,166,set_3
720575940623209165,720575940626999464,12,set_3
720575940623209165,720575940627107271,12,set_3
720575940623209165,720575940628995331,62,set_3
720575940623209165,720575940629561347,10,set_3
720575940623209165,720575940630233404,12,set_3
720575940623209165,720575940631349335,14,set_3
720575940623209165,720575940632047890,50,set_3
720575940623209165,720575940632134227,12,set_3
720575940623209165,720575940636346487,24,set_3
720575940623209165,720575940637360730,22,set_3
720575940623209165,720575940637656286,54,set_3
720575940623209165,720575940639206077,78,set_3
720575940623209165,720575940639786915,12,set_3
720575940623209165,720575940647024948,32,set_3
720575940623209165,720575940655015329,12,set_3
720575940623261675,720575940613004402,45,set_3
720575940623261675,720575940616018956,117,set_3
720575940623261675,720575940628743752,315,set_3
720575940623261675,720575940631092943,216,set_3
720575940623261675,720575940632281927,144,set_3
720575940623261675,720575940660224641,72,set_3
720575940623261675,720575940661338497,63,set_3
720575940623272328,720575940604030566,7,set_3
720575940623272328,720575940615050346,17,set_3
720575940623272328,720575940616298171,30,set_3
720575940623272328,720575940617494877,10,set_3
720575940623272328,720575940617552057,5,set_3
720575940623272328,720575940617559481,15,set_3
720575940623272328,720575940617672093,10,set_3
720575940623272328,720575940618609799,9,set_3
720575940623272328,720575940620953254,5,set_3
720575940623272328,720575940621771041,32,set_3
720575940623272328,720575940622452715,8,set_3
720575940623272328,720575940623017989,5,set_3
720575940623272328,720575940623379750,16,set_3
720575940623272328,720575940623381286,12,set_3
720575940623272328,720575940625047484,5,set_3
720575940623272328,720575940625351461,5,set_3
720575940623272328,720575940626093553,19,set_3
720575940623272328,720575940627209734,5,set_3
720575940623272328,720575940628995331,13,set_3
720575940623272328,720575940629387902,13,set_3
720575940623272328,720575940630775801,10,set_3
720575940623272328,720575940631939415,13,set_3
720575940623272328,720575940632030008,29,set_3
720575940623272328,720575940632080671,9,set_3
720575940623272328,720575940636346487,8,set_3
720575940623272328,720575940636649061,26,set_3
720575940623272328,720575940637656286,8,set_3
720575940623272328,720575940638190414,13,set_3
720575940623272328,720575940638817725,6,set_3
720575940623272328,720575940641655949,6,set_3
720575940623272328,720575940644663332,6,set_3
720575940623525258,720575940610258552,16,set_3
720575940623525258,720575940610677828,14,set_3
720575940623525258,720575940610679876,62,set_3
720575940623525258,720575940615671106,60,set_3
720575940623525258,720575940616038294,14,set_3
720575940623525258,720575940616340639,10,set_3
720575940623525258,720575940616864217,70,set_3
720575940623525258,720575940619682368,32,set_3
720575940623525258,720575940619877396,18,set_3
720575940623525258,720575940620274085,54,set_3
720575940623525258,720575940620359956,12,set_3
720575940623525258,720575940621047632,16,set_3
720575940623525258,720575940621586854,134,set_3
720575940623525258,720575940623164685,34,set_3
720575940623525258,720575940623211725,170,set_3
720575940623525258,720575940623379750,18,set_3
720575940623525258,720575940623473335,18,set_3
720575940623525258,720575940625580988,24,set_3
720575940623525258,720575940626626597,46,set_3
720575940623525258,720575940628780309,24,set_3
720575940623525258,720575940628826128,10,set_3
720575940623525258,720575940628998659,72,set_3
720575940623525258,720575940629000783,48,set_3
720575940623525258,720575940629564688,18,set_3
720575940623525258,720575940631918649,22,set_3
720575940623525258,720575940631939432,10,set_3
720575940623525258,720575940631959097,14,set_3
720575940623525258,720575940632047890,12,set_3
720575940623525258,720575940632134227,12,set_3
720575940623525258,720575940632486969,158,set_3
720575940623525258,720575940633185567,52,set_3
720575940623525258,720575940634825623,30,set_3
720575940623525258,720575940636685454,24,set_3
720575940623525258,720575940638024794,96,set_3
720575940623525258,720575940640589171,26,set_3
720575940623525258,720575940644542880,10,set_3
720575940623525258,720575940647474979,10,set_3
720575940623525258,720575940648188548,14,set_3
720575940623525258,720575940655013025,110,set_3
720575940623609895,720575940616018956,10,set_3
720575940623609895,720575940618859480,5,set_3
720575940623609895,720575940623210445,35,set_3
720575940623609895,720575940623449382,22,set_3
720575940623609895,720575940626191306,14,set_3
720575940623609895,720575940626668218,27,set_3
720575940623609895,720575940628023685,6,set_3
720575940623609895,720575940630890040,7,set_3
720575940623609895,720575940631092943,50,set_3
720575940623609895,720575940631349335,5,set_3
720575940623609895,720575940631997032,90,set_3
720575940623609895,720575940634527840,5,set_3
720575940623609895,720575940638103349,24,set_3
720575940623654804,720575940617853730,96,set_3
720575940623654804,720575940619990357,96,set_3
720575940623654804,720575940621218694,56,set_3
720575940623654804,720575940623390246,72,set_3
720575940623654804,720575940630839371,64,set_3
720575940623654804,720575940631092943,592,set_3
720575940623654804,720575940631349335,64,set_3
720575940623654804,720575940631639500,144,set_3
720575940623654804,720575940632134227,80,set_3
720575940623654804,720575940637360730,168,set_3
720575940623654804,720575940639785379,64,set_3
720575940623654804,720575940639826339,40,set_3
720575940623690474,720575940611630194,84,set_3
720575940623690474,720575940613080751,5,set_3
720575940623690474,720575940616196539,7,set_3
720575940623690474,720575940616934289,30,set_3
720575940623690474,720575940618539810,21,set_3
720575940623690474,720575940625173006,5,set_3
720575940623690474,720575940625874992,9,set_3
720575940623690474,720575940626520402,10,set_3
720575940623690474,720575940627107271,17,set_3
720575940623690474,720575940628743752,11,set_3
720575940623690474,720575940630233404,9,set_3
720575940623690474,720575940632596449,36,set_3
720575940623690474,720575940637019994,22,set_3
720575940623690474,720575940640554045,20,set_3
720575940623861962,720575940612423922,36,set_3
720575940623861962,720575940613361010,33,set_3
720575940623861962,720575940613426343,15,set_3
720575940623861962,720575940618118485,24,set_3
720575940623861962,720575940619128699,51,set_3
720575940623861962,720575940619473624,24,set_3
720575940623861962,720575940619900507,36,set_3
720575940623861962,720575940622123144,60,set_3
720575940623861962,720575940622457579,39,set_3
720575940623861962,720575940626668218,18,set_3
720575940623861962,720575940626809109,39,set_3
720575940623861962,720575940628462927,42,set_3
720575940623861962,720575940630661164,69,set_3
720575940623861962,720575940630664556,174,set_3
720575940623861962,720575940631111983,15,set_3
720575940623861962,720575940631619948,57,set_3
720575940623861962,720575940631742381,15,set_3
720575940623861962,720575940631850521,66,set_3
720575940623861962,720575940637216624,33,set_3
720575940623861962,720575940646156420,27,set_3
720575940624023188,720575940605890784,255,set_3
720575940624023188,720575940608498780,18,set_3
720575940624023188,720575940609405635,75,set_3
720575940624023188,720575940610677828,18,set_3
720575940624023188,720575940610803554,39,set_3
720575940624023188,720575940611151406,36,set_3
720575940624023188,720575940611436408,177,set_3
720575940624023188,720575940611531986,24,set_3
720575940624023188,720575940612208858,87,set_3
720575940624023188,720575940613825814,15,set_3
720575940624023188,720575940613929391,30,set_3
720575940624023188,720575940614386070,129,set_3
720575940624023188,720575940615582111,177,set_3
720575940624023188,720575940615671106,369,set_3
720575940624023188,720575940616018956,21,set_3
720575940624023188,720575940616038294,81,set_3
720575940624023188,720575940616848214,213,set_3
720575940624023188,720575940616864217,21,set_3
720575940624023188,720575940617629841,15,set_3
720575940624023188,720575940618238523,21,set_3
720575940624023188,720575940618539810,18,set_3
720575940624023188,720575940619877396,189,set_3
720575940624023188,720575940620274085,30,set_3
720575940624023188,720575940620473547,21,set_3
720575940624023188,720575940621047632,213,set_3
720575940624023188,720575940621573030,27,set_3
720575940624023188,720575940621586854,30,set_3
720575940624023188,720575940621833281,168,set_3
720575940624023188,720575940622235425,15,set_3
720575940624023188,720575940622734106,66,set_3
720575940624023188,720575940623164685,30,set_3
720575940624023188,720575940623211725,870,set_3
720575940624023188,720575940624600840,54,set_3
720575940624023188,720575940624623287,147,set_3
720575940624023188,720575940624756297,66,set_3
720575940624023188,720575940624906483,90,set_3
720575940624023188,720575940625164176,27,set_3
720575940624023188,720575940625612474,117,set_3
720575940624023188,720575940625705930,18,set_3
720575940624023188,720575940625852464,39,set_3
720575940624023188,720575940625861660,15,set_3
720575940624023188,720575940625867056,21,set_3
720575940624023188,720575940626626597,801,set_3
720575940624023188,720575940626860421,174,set_3
720575940624023188,720575940627086594,72,set_3
720575940624023188,720575940627099338,87,set_3
720575940624023188,720575940627739023,66,set_3
720575940624023188,720575940627847752,339,set_3
720575940624023188,720575940628648809,135,set_3
720575940624023188,720575940628826128,18,set_3
720575940624023188,720575940628995331,33,set_3
720575940624023188,720575940629000783,18,set_3
720575940624023188,720575940629564688,327,set_3
720575940624023188,720575940630233404,18,set_3
720575940624023188,720575940630403031,18,set_3
720575940624023188,720575940631349335,24,set_3
720575940624023188,720575940631918649,15,set_3
720575940624023188,720575940631959097,360,set_3
720575940624023188,720575940631989352,27,set_3
720575940624023188,720575940631994728,360,set_3
720575940624023188,720575940632047890,726,set_3
720575940624023188,720575940632134227,18,set_3
720575940624023188,720575940632252743,78,set_3
720575940624023188,720575940633185567,72,set_3
720575940624023188,720575940634825623,54,set_3
720575940624023188,720575940635055039,18,set_3
720575940624023188,720575940635576767,66,set_3
720575940624023188,720575940636346487,39,set_3
720575940624023188,720575940636685454,15,set_3
720575940624023188,720575940637360730,48,set_3
720575940624023188,720575940637656286,24,set_3
720575940624023188,720575940647518340,33,set_3
720575940624289789,720575940613213615,10,set_3
720575940624289789,720575940617494877,10,set_3
720575940624289789,720575940618539810,278,set_3
720575940624289789,720575940620274085,12,set_3
720575940624289789,720575940622026245,12,set_3
720575940624289789,720575940622933765,14,set_3
720575940624289789,720575940625045180,32,set_3
720575940624289789,720575940626939737,12,set_3
720575940624289789,720575940629422183,16,set_3
720575940624289789,720575940630233404,284,set_3
720575940624289789,720575940630470391,20,set_3
720575940624289789,720575940632281927,28,set_3
720575940624289789,720575940635527322,32,set_3
720575940624289789,720575940638024794,18,set_3
720575940624289789,720575940647024948,18,set_3
720575940624289789,720575940661338497,64,set_3
720575940624352970,720575940611018865,18,set_3
720575940624352970,720575940617488477,7,set_3
720575940624352970,720575940617854676,13,set_3
720575940624352970,720575940620780272,10,set_3
720575940624352970,720575940621256384,20,set_3
720575940624352970,720575940623192781,9,set_3
720575940624352970,720575940623675367,10,set_3
720575940624352970,720575940626809109,17,set_3
720575940624352970,720575940626983684,13,set_3
720575940624352970,720575940627254856,19,set_3
720575940624352970,720575940627312668,62,set_3
720575940624352970,720575940627443996,15,set_3
720575940624352970,720575940630661164,10,set_3
720575940624352970,720575940635229303,9,set_3
720575940624352970,720575940639512192,15,set_3
720575940624352970,720575940642910152,11,set_3
720575940624352970,720575940643823470,6,set_3
720575940624352970,720575940648708228,8,set_3
720575940624466440,720575940613825814,38,set_3
720575940624466440,720575940617494877,12,set_3
720575940624466440,720575940620741102,16,set_3
720575940624466440,720575940623449382,20,set_3
720575940624466440,720575940625045180,86,set_3
720575940624466440,720575940628995331,14,set_3
720575940624466440,720575940630589036,66,set_3
720575940624466440,720575940631349335,12,set_3
720575940624882407,720575940607166731,208,set_3
720575940624882407,720575940610173048,104,set_3
720575940624882407,720575940612208858,988,set_3
720575940624882407,720575940612256938,65,set_3
720575940624882407,720575940612423922,65,set_3
720575940624882407,720575940618165787,104,set_3
720575940624882407,720575940618539810,1573,set_3
720575940624882407,720575940620506996,65,set_3
720575940624882407,720575940622026245,1521,set_3
720575940624882407,720575940623148285,130,set_3
720575940624882407,720575940623535044,65,set_3
720575940624882407,720575940625045180,104,set_3
720575940624882407,720575940625874992,299,set_3
720575940624882407,720575940625941022,195,set_3
720575940624882407,720575940627274578,104,set_3
720575940624882407,720575940627989609,104,set_3
720575940624882407,720575940628743752,91,set_3
720575940624882407,720575940630233404,2457,set_3
720575940624882407,720575940630664556,169,set_3
720575940624882407,720575940631070239,143,set_3
720575940624882407,720575940631572141,247,set_3
720575940624882407,720575940632281927,78,set_3
720575940624882407,720575940633772257,611,set_3
720575940624882407,720575940636541285,117,set_3
720575940624882407,720575940637896245,195,set_3
720575940624882407,720575940648377209,65,set_3
720575940624882407,720575940661338497,130,set_3
720575940624987175,720575940607162754,10,set_3
720575940624987175,720575940607386290,12,set_3
720575940624987175,720575940609407939,5,set_3
720575940624987175,720575940611167842,8,set_3
720575940624987175,720575940612354034,7,set_3
720575940624987175,720575940612357618,24,set_3
720575940624987175,720575940616164658,9,set_3
720575940624987175,720575940620982437,18,set_3
720575940624987175,720575940621586854,10,set_3
720575940624987175,720575940622195625,5,set_3
720575940624987175,720575940622452715,20,set_3
720575940624987175,720575940623132621,7,set_3
720575940624987175,720575940623676394,13,set_3
720575940624987175,720575940624967612,20,set_3
720575940624987175,720575940625164176,17,set_3
720575940624987175,720575940626094350,41,set_3
720575940624987175,720575940626279486,8,set_3
720575940624987175,720575940626826288,6,set_3
720575940624987175,720575940628997123,20,set_3
720575940624987175,720575940630691958,9,set_3
720575940624987175,720575940631280721,25,set_3
720575940624987175,720575940631340815,5,set_3
720575940624987175,720575940631918649,7,set_3
720575940624987175,720575940631939432,5,set_3
720575940624987175,720575940632252743,18,set_3
720575940624987175,720575940633185567,15,set_3
720575940624987175,720575940634825623,19,set_3
720575940624987175,720575940635596212,35,set_3
720575940624987175,720575940636685454,29,set_3
720575940624987175,720575940638001498,12,set_3
720575940624987175,720575940641655949,16,set_3
720575940624987175,720575940655015329,24,set_3
720575940625002936,720575940607162754,52,set_3
720575940625002936,720575940607193986,44,set_3
720575940625002936,720575940617403622,24,set_3
720575940625002936,720575940618238523,68,set_3
720575940625002936,720575940618539810,428,set_3
720575940625002936,720575940619877396,20,set_3
720575940625002936,720575940622074206,36,set_3
720575940625002936,720575940626094350,24,set_3
720575940625002936,720575940626960536,232,set_3
720575940625002936,720575940627410451,184,set_3
720575940625002936,720575940628826128,28,set_3
720575940625002936,720575940629810748,68,set_3
720575940625002936,720575940630233404,500,set_3
720575940625002936,720575940630691958,28,set_3
720575940625002936,720575940630865724,28,set_3
720575940625002936,720575940631918649,48,set_3
720575940625002936,720575940632281927,316,set_3
720575940625002936,720575940633772257,100,set_3
720575940625002936,720575940661338497,392,set_3
720575940625004034,720575940612470755,6,set_3
720575940625004034,720575940614660519,30,set_3
720575940625004034,720575940617494877,7,set_3
720575940625004034,720575940625867056,9,set_3
720575940625004034,720575940625874992,33,set_3
720575940625004034,720575940626668218,19,set_3
720575940625004034,720575940628995331,6,set_3
720575940625004034,720575940631092943,43,set_3
720575940625004034,720575940636346487,8,set_3
720575940625004034,720575940637656286,7,set_3
720575940625081290,720575940611018865,75,set_3
720575940625081290,720575940617854676,50,set_3
720575940625081290,720575940620780272,55,set_3
720575940625081290,720575940621256384,55,set_3
720575940625081290,720575940623192781,35,set_3
720575940625081290,720575940623675367,35,set_3
720575940625081290,720575940626735100,30,set_3
720575940625081290,720575940626809109,80,set_3
720575940625081290,720575940626983684,25,set_3
720575940625081290,720575940627254856,75,set_3
720575940625081290,720575940627312668,345,set_3
720575940625081290,720575940627443996,25,set_3
720575940625081290,720575940627936515,30,set_3
720575940625081290,720575940628504849,30,set_3
720575940625081290,720575940630661164,45,set_3
720575940625081290,720575940634659508,35,set_3
720575940625081290,720575940635229303,85,set_3
720575940625081290,720575940639512192,30,set_3
720575940625081290,720575940642910152,90,set_3
720575940625081290,720575940643823470,60,set_3
720575940625081290,720575940646156420,25,set_3
720575940625081290,720575940648708228,75,set_3
720575940625167886,720575940608368818,9,set_3
720575940625167886,720575940610001220,21,set_3
720575940625167886,720575940613935535,6,set_3
720575940625167886,720575940616791709,5,set_3
720575940625167886,720575940616921152,10,set_3
720575940625167886,720575940617629841,17,set_3
720575940625167886,720575940619176094,30,set_3
720575940625167886,720575940620025620,31,set_3
720575940625167886,720575940620031366,14,set_3
720575940625167886,720575940620274085,6,set_3
720575940625167886,720575940621256384,44,set_3
720575940625167886,720575940621827419,37,set_3
720575940625167886,720575940622624214,8,set_3
720575940625167886,720575940623164941,26,set_3
720575940625167886,720575940623476407,18,set_3
720575940625167886,720575940625867056,30,set_3
720575940625167886,720575940627429907,6,set_3
720575940625167886,720575940627814728,26,set_3
720575940625167886,720575940628743752,37,set_3
720575940625167886,720575940628815381,10,set_3
720575940625167886,720575940629422183,18,set_3
720575940625167886,720575940629822842,48,set_3
720575940625167886,720575940630461404,30,set_3
720575940625167886,720575940630579574,38,set_3
720575940625167886,720575940630991311,13,set_3
720575940625167886,720575940631092943,7,set_3
720575940625167886,720575940631349335,17,set_3
720575940625167886,720575940631918649,9,set_3
720575940625167886,720575940631997032,6,set_3
720575940625167886,720575940632134227,7,set_3
720575940625167886,720575940632252743,25,set_3
720575940625167886,720575940632365905,18,set_3
720575940625167886,720575940632659404,90,set_3
720575940625167886,720575940633170969,57,set_3
720575940625167886,720575940634825623,66,set_3
720575940625167886,720575940635050638,5,set_3
720575940625167886,720575940636685454,14,set_3
720575940625167886,720575940637216624,39,set_3
720575940625167886,720575940637360730,7,set_3
720575940625167886,720575940637578853,10,set_3
720575940625167886,720575940639786915,5,set_3
720575940625175054,720575940605890784,32,set_3
720575940625175054,720575940612208858,220,set_3
720575940625175054,720575940616018956,88,set_3
720575940625175054,720575940618165019,120,set_3
720575940625175054,720575940618165787,32,set_3
720575940625175054,720575940618539810,312,set_3
720575940625175054,720575940620741102,28,set_3
720575940625175054,720575940620819659,52,set_3
720575940625175054,720575940622026245,88,set_3
720575940625175054,720575940623535044,24,set_3
720575940625175054,720575940625045180,176,set_3
720575940625175054,720575940627704392,56,set_3
720575940625175054,720575940628755815,32,set_3
720575940625175054,720575940628815381,28,set_3
720575940625175054,720575940630233404,392,set_3
720575940625175054,720575940630579574,32,set_3
720575940625175054,720575940630868793,76,set_3
720575940625175054,720575940631703608,40,set_3
720575940625175054,720575940631994728,36,set_3
720575940625175054,720575940632134227,24,set_3
720575940625175054,720575940633772257,160,set_3
720575940625175054,720575940636346487,24,set_3
720575940625175054,720575940637144944,84,set_3
720575940625175054,720575940661338497,20,set_3
720575940625304094,720575940616018956,16,set_3
720575940625304094,720575940617671285,12,set_3
720575940625304094,720575940621218694,20,set_3
720575940625304094,720575940623210445,14,set_3
720575940625304094,720575940623449382,16,set_3
720575940625304094,720575940625874992,34,set_3
720575940625304094,720575940626191306,54,set_3
720575940625304094,720575940626668218,68,set_3
720575940625304094,720575940628023685,10,set_3
720575940625304094,720575940631092943,26,set_3
720575940625304094,720575940631703608,22,set_3
720575940625304094,720575940631997032,158,set_3
720575940625304094,720575940637216624,32,set_3
720575940625304094,720575940638103349,44,set_3
720575940625339981,720575940616200790,65,set_3
720575940625339981,720575940617488477,80,set_3
720575940625339981,720575940617854676,200,set_3
720575940625339981,720575940618165787,50,set_3
720575940625339981,720575940619473624,40,set_3
720575940625339981,720575940620031366,25,set_3
720575940625339981,720575940620780272,350,set_3
720575940625339981,720575940621332092,35,set_3
720575940625339981,720575940623004552,30,set_3
720575940625339981,720575940623017989,60,set_3
720575940625339981,720575940624528740,45,set_3
720575940625339981,720575940626809109,235,set_3
720575940625339981,720575940626983684,195,set_3
720575940625339981,720575940627312668,25,set_3
720575940625339981,720575940627443996,190,set_3
720575940625339981,720575940628787016,55,set_3
720575940625339981,720575940630461660,100,set_3
720575940625339981,720575940630661164,105,set_3
720575940625339981,720575940630904567,35,set_3
720575940625339981,720575940631111983,25,set_3
720575940625339981,720575940634659508,30,set_3
720575940625339981,720575940643823470,30,set_3
720575940625339981,720575940646156420,45,set_3
720575940625339981,720575940647030324,385,set_3
720575940625408796,720575940616018956,20,set_3
720575940625408796,720575940617853730,14,set_3
720575940625408796,720575940618777684,12,set_3
720575940625408796,720575940619990357,24,set_3
720575940625408796,720575940620129182,14,set_3
720575940625408796,720575940625867056,14,set_3
720575940625408796,720575940626668218,48,set_3
720575940625408796,720575940627086594,24,set_3
720575940625408796,720575940630575943,12,set_3
720575940625408796,720575940630775801,12,set_3
720575940625408796,720575940630839371,28,set_3
720575940625408796,720575940631092943,82,set_3
720575940625408796,720575940631787693,10,set_3
720575940625408796,720575940636541285,28,set_3
720575940625408796,720575940637360730,18,set_3
720575940625807152,720575940610004437,195,set_3
720575940625807152,720575940610615013,65,set_3
720575940625807152,720575940611157746,45,set_3
720575940625807152,720575940611958994,25,set_3
720575940625807152,720575940612019569,225,set_3
720575940625807152,720575940616167730,25,set_3
720575940625807152,720575940616497477,40,set_3
720575940625807152,720575940616791709,115,set_3
720575940625807152,720575940618165787,40,set_3
720575940625807152,720575940618889931,60,set_3
720575940625807152,720575940620129182,95,set_3
720575940625807152,720575940621827419,25,set_3
720575940625807152,720575940622853258,40,set_3
720575940625807152,720575940622863287,270,set_3
720575940625807152,720575940623004552,25,set_3
720575940625807152,720575940623133223,190,set_3
720575940625807152,720575940624404872,30,set_3
720575940625807152,720575940624607076,65,set_3
720575940625807152,720575940624913959,35,set_3
720575940625807152,720575940626555153,160,set_3
720575940625807152,720575940626583836,35,set_3
720575940625807152,720575940626960536,165,set_3
720575940625807152,720575940627275795,45,set_3
720575940625807152,720575940627418387,35,set_3
720575940625807152,720575940628436282,75,set_3
720575940625807152,720575940628885160,25,set_3
720575940625807152,720575940629422183,45,set_3
720575940625807152,720575940630470391,55,set_3
720575940625807152,720575940630904567,30,set_3
720575940625807152,720575940632596449,25,set_3
720575940625807152,720575940634699119,30,set_3
720575940625807152,720575940640554045,25,set_3
720575940625807152,720575940641284853,40,set_3
720575940625807152,720575940647060532,30,set_3
720575940625813140,720575940605682790,95,set_3
720575940625813140,720575940607152476,209,set_3
720575940625813140,720575940611351193,361,set_3
720575940625813140,720575940612819763,114,set_3
720575940625813140,720575940613120721,95,set_3
720575940625813140,720575940613747734,171,set_3
720575940625813140,720575940615879995,228,set_3
720575940625813140,720575940616203869,95,set_3
720575940625813140,720575940616791067,209,set_3
720575940625813140,720575940617668662,190,set_3
720575940625813140,720575940618156315,722,set_3
720575940625813140,720575940618165019,95,set_3
720575940625813140,720575940620217582,380,set_3
720575940625813140,720575940620575579,152,set_3
720575940625813140,720575940620699162,95,set_3
720575940625813140,720575940620885342,855,set_3
720575940625813140,720575940621128583,114,set_3
720575940625813140,720575940621848781,817,set_3
720575940625813140,720575940622406694,475,set_3
720575940625813140,720575940623458633,437,set_3
720575940625813140,720575940624186602,836,set_3
720575940625813140,720575940625173006,114,set_3
720575940625813140,720575940626583836,133,set_3
720575940625813140,720575940627219272,95,set_3
720575940625813140,720575940628743752,114,set_3
720575940625813140,720575940629972215,190,set_3
720575940625813140,720575940630597177,209,set_3
720575940625813140,720575940630734393,798,set_3
720575940625813140,720575940631205580,247,set_3
720575940625813140,720575940633660314,171,set_3
720575940625813140,720575940634667234,342,set_3
720575940625813140,720575940635739504,285,set_3
720575940625813140,720575940638054197,817,set_3
720575940625813140,720575940638086256,171,set_3
720575940625813140,720575940639786915,114,set_3
720575940625813140,720575940640611803,931,set_3
720575940625813140,720575940644672548,114,set_3
720575940625813140,720575940661338497,133,set_3
720575940625873560,720575940616018956,21,set_3
720575940625873560,720575940619473624,39,set_3
720575940625873560,720575940620177543,21,set_3
720575940625873560,720575940621218694,36,set_3
720575940625873560,720575940623449382,24,set_3
720575940625873560,720575940625874992,102,set_3
720575940625873560,720575940626191306,84,set_3
720575940625873560,720575940626668218,57,set_3
720575940625873560,720575940631349335,18,set_3
720575940625873560,720575940631997032,183,set_3
720575940625873560,720575940633881848,18,set_3
720575940625873560,720575940637216624,48,set_3
720575940625873560,720575940638103349,129,set_3
720575940625873560,720575940639786915,18,set_3
720575940625875504,720575940607162754,20,set_3
720575940625875504,720575940611167842,64,set_3
720575940625875504,720575940612019569,48,set_3
720575940625875504,720575940612910503,28,set_3
720575940625875504,720575940613426343,20,set_3
720575940625875504,720575940615245107,24,set_3
720575940625875504,720575940616497477,24,set_3
720575940625875504,720575940616848214,76,set_3
720575940625875504,720575940617799253,48,set_3
720575940625875504,720575940618165019,408,set_3
720575940625875504,720575940619847371,56,set_3
720575940625875504,720575940621586854,20,set_3
720575940625875504,720575940622195625,24,set_3
720575940625875504,720575940622863287,52,set_3
720575940625875504,720575940623133223,124,set_3
720575940625875504,720575940623390246,20,set_3
720575940625875504,720575940623676394,64,set_3
720575940625875504,720575940625045180,200,set_3
720575940625875504,720575940625164176,20,set_3
720575940625875504,720575940625874992,316,set_3
720575940625875504,720575940626939737,56,set_3
720575940625875504,720575940626960536,208,set_3
720575940625875504,720575940627739023,152,set_3
720575940625875504,720575940628971779,20,set_3
720575940625875504,720575940630233404,20,set_3
720575940625875504,720575940630867148,28,set_3
720575940625875504,720575940630868793,412,set_3
720575940625875504,720575940630904567,48,set_3
720575940625875504,720575940633185567,52,set_3
720575940625875504,720575940639994456,44,set_3
720575940625875504,720575940644726432,32,set_3
720575940625875504,720575940647474979,28,set_3
720575940626163658,720575940611502286,18,set_3
720575940626163658,720575940616018956,36,set_3
720575940626163658,720575940616864217,24,set_3
720575940626163658,720575940618165019,15,set_3
720575940626163658,720575940618539810,150,set_3
720575940626163658,720575940619682368,18,set_3
720575940626163658,720575940625852464,33,set_3
720575940626163658,720575940630233404,165,set_3
720575940626163658,720575940630579574,132,set_3
720575940626163658,720575940630839371,201,set_3
720575940626163658,720575940631280721,33,set_3
720575940626163658,720575940631328763,63,set_3
720575940626163658,720575940631939432,15,set_3
720575940626163658,720575940631989352,21,set_3
720575940626163658,720575940632252743,75,set_3
720575940626163658,720575940632281927,117,set_3
720575940626163658,720575940632486969,45,set_3
720575940626163658,720575940641655949,63,set_3
720575940626163658,720575940661338497,66,set_3
720575940626185353,720575940607345586,56,set_3
720575940626185353,720575940609133269,168,set_3
720575940626185353,720575940613433519,40,set_3
720575940626185353,720575940621116073,48,set_3
720575940626185353,720575940623132621,40,set_3
720575940626185353,720575940626826288,72,set_3
720575940626185353,720575940626960536,408,set_3
720575940626185353,720575940628686695,128,set_3
720575940626185353,720575940628743752,64,set_3
720575940626185353,720575940630589036,568,set_3
720575940626185353,720575940631588772,40,set_3
720575940626185353,720575940631983464,40,set_3
720575940626185353,720575940632134227,64,set_3
720575940626185353,720575940637360730,56,set_3
720575940626185353,720575940639826339,48,set_3
720575940626185353,720575940661338497,80,set_3
720575940626243428,720575940606866377,78,set_3
720575940626243428,720575940610846306,14,set_3
720575940626243428,720575940612261603,12,set_3
720575940626243428,720575940612423922,32,set_3
720575940626243428,720575940612692889,22,set_3
720575940626243428,720575940614635175,16,set_3
720575940626243428,720575940614660519,42,set_3
720575940626243428,720575940614736290,20,set_3
720575940626243428,720575940616018956,14,set_3
720575940626243428,720575940619011494,14,set_3
720575940626243428,720575940619990357,12,set_3
720575940626243428,720575940620025620,14,set_3
720575940626243428,720575940620359956,12,set_3
720575940626243428,720575940620467115,10,set_3
720575940626243428,720575940620553094,20,set_3
720575940626243428,720575940620627803,16,set_3
720575940626243428,720575940620819659,54,set_3
720575940626243428,720575940621218694,24,set_3
720575940626243428,720575940621662332,86,set_3
720575940626243428,720575940621833281,42,set_3
720575940626243428,720575940622122083,10,set_3
720575940626243428,720575940623696362,10,set_3
720575940626243428,720575940625164558,56,set_3
720575940626243428,720575940626279742,46,set_3
720575940626243428,720575940627086594,64,set_3
720575940626243428,720575940628995587,14,set_3
720575940626243428,720575940629548107,10,set_3
720575940626243428,720575940629822842,70,set_3
720575940626243428,720575940630664556,160,set_3
720575940626243428,720575940630667372,104,set_3
720575940626243428,720575940631092943,28,set_3
720575940626243428,720575940631742381,22,set_3
720575940626243428,720575940631787693,34,set_3
720575940626243428,720575940631923304,18,set_3
720575940626243428,720575940631994728,10,set_3
720575940626243428,720575940632659404,142,set_3
720575940626243428,720575940632732217,52,set_3
720575940626243428,720575940634085983,12,set_3
720575940626243428,720575940635179871,120,set_3
720575940626243428,720575940635210859,22,set_3
720575940626243428,720575940635642725,10,set_3
720575940626243428,720575940637144944,18,set_3
720575940626243428,720575940639813365,10,set_3
720575940626243428,720575940655011489,16,set_3
720575940626456081,720575940607386290,8,set_3
720575940626456081,720575940609939780,5,set_3
720575940626456081,720575940610001220,15,set_3
720575940626456081,720575940610232274,13,set_3
720575940626456081,720575940611988197,8,set_3
720575940626456081,720575940612479205,74,set_3
720575940626456081,720575940612554393,6,set_3
720575940626456081,720575940612906518,16,set_3
720575940626456081,720575940614763666,22,set_3
720575940626456081,720575940615742353,12,set_3
720575940626456081,720575940616018956,20,set_3
720575940626456081,720575940617494877,11,set_3
720575940626456081,720575940617593233,27,set_3
720575940626456081,720575940618859480,36,set_3
720575940626456081,720575940620374693,70,set_3
720575940626456081,720575940621218694,11,set_3
720575940626456081,720575940621332092,7,set_3
720575940626456081,720575940622391337,5,set_3
720575940626456081,720575940623476407,6,set_3
720575940626456081,720575940625047484,22,set_3
720575940626456081,720575940625834132,12,set_3
720575940626456081,720575940625861660,10,set_3
720575940626456081,720575940626337479,6,set_3
720575940626456081,720575940626835146,92,set_3
720575940626456081,720575940626968216,10,set_3
720575940626456081,720575940627083294,16,set_3
720575940626456081,720575940627182217,5,set_3
720575940626456081,720575940627704392,7,set_3
720575940626456081,720575940628755815,13,set_3
720575940626456081,720575940628802069,58,set_3
720575940626456081,720575940628972048,57,set_3
720575940626456081,720575940628995331,20,set_3
720575940626456081,720575940629623351,6,set_3
720575940626456081,720575940629839947,6,set_3
720575940626456081,720575940630579574,49,set_3
720575940626456081,720575940630674038,7,set_3
720575940626456081,720575940631168057,26,set_3
720575940626456081,720575940631406411,20,set_3
720575940626456081,720575940631703608,68,set_3
720575940626456081,720575940631997032,70,set_3
720575940626456081,720575940634527840,17,set_3
720575940626456081,720575940635596468,37,set_3
720575940626456081,720575940637144944,9,set_3
720575940626456081,720575940639285949,23,set_3
720575940626456081,720575940639785379,7,set_3
720575940626456081,720575940644542880,8,set_3
720575940626456081,720575940652580086,113,set_3
720575940626456081,720575940655011489,5,set_3
720575940626456081,720575940660223873,96,set_3
720575940626468178,720575940609133269,10,set_3
720575940626468178,720575940610590869,16,set_3
720575940626468178,720575940617494877,22,set_3
720575940626468178,720575940620741102,20,set_3
720575940626468178,720575940625045180,308,set_3
720575940626468178,720575940625874992,48,set_3
720575940626468178,720575940628995331,12,set_3
720575940626468178,720575940630589036,42,set_3
720575940626468178,720575940646274670,18,set_3
720575940626507346,720575940611018865,20,set_3
720575940626507346,720575940616497477,64,set_3
720575940626507346,720575940617854676,16,set_3
720575940626507346,720575940620741102,18,set_3
720575940626507346,720575940621256384,136,set_3
720575940626507346,720575940622433799,12,set_3
720575940626507346,720575940623004552,60,set_3
720575940626507346,720575940623675367,12,set_3
720575940626507346,720575940625045180,10,set_3
720575940626507346,720575940625172016,12,set_3
720575940626507346,720575940626809109,24,set_3
720575940626507346,720575940626983684,28,set_3
720575940626507346,720575940627254856,24,set_3
720575940626507346,720575940627312668,92,set_3
720575940626507346,720575940627443996,34,set_3
720575940626507346,720575940628743752,26,set_3
720575940626507346,720575940629595633,10,set_3
720575940626507346,720575940630661164,12,set_3
720575940626507346,720575940630904567,74,set_3
720575940626507346,720575940630995799,14,set_3
720575940626507346,720575940632998028,10,set_3
720575940626507346,720575940635229303,60,set_3
720575940626507346,720575940646274670,14,set_3
720575940626507346,720575940648708228,34,set_3
720575940626557186,720575940609133269,198,set_3
720575940626557186,720575940612208858,198,set_3
720575940626557186,720575940616018956,55,set_3
720575940626557186,720575940620217582,77,set_3
720575940626557186,720575940621128583,66,set_3
720575940626557186,720575940621573030,66,set_3
720575940626557186,720575940621833281,55,set_3
720575940626557186,720575940622074206,451,set_3
720575940626557186,720575940622853258,143,set_3
720575940626557186,720575940623390246,572,set_3
720575940626557186,720575940624263655,275,set_3
720575940626557186,720575940626939737,814,set_3
720575940626557186,720575940626960536,913,set_3
720575940626557186,720575940628743752,99,set_3
720575940626557186,720575940633772257,297,set_3
720575940626557186,720575940640348149,88,set_3
720575940626557186,720575940644672548,66,set_3
720575940626705497,720575940606867145,252,set_3
720575940626705497,720575940609133269,90,set_3
720575940626705497,720575940613828202,288,set_3
720575940626705497,720575940616497477,432,set_3
720575940626705497,720575940618165019,90,set_3
720575940626705497,720575940618165787,162,set_3
720575940626705497,720575940620025620,90,set_3
720575940626705497,720575940620129182,1368,set_3
720575940626705497,720575940620451866,198,set_3
720575940626705497,720575940620741102,1242,set_3
720575940626705497,720575940622026245,288,set_3
720575940626705497,720575940623004552,432,set_3
720575940626705497,720575940625045180,108,set_3
720575940626705497,720575940625172016,342,set_3
720575940626705497,720575940625867056,216,set_3
720575940626705497,720575940626960536,144,set_3
720575940626705497,720575940627815080,108,set_3
720575940626705497,720575940628504849,306,set_3
720575940626705497,720575940628743752,1278,set_3
720575940626705497,720575940630868793,90,set_3
720575940626705497,720575940630904567,612,set_3
720575940626705497,720575940630995799,342,set_3
720575940626705497,720575940633017903,162,set_3
720575940626705497,720575940635229303,216,set_3
720575940626705497,720575940635527322,90,set_3
720575940626705497,720575940639206077,468,set_3
720575940626705497,720575940648708228,90,set_3
720575940626847765,720575940615034408,11,set_3
720575940626847765,720575940616921152,17,set_3
720575940626847765,720575940617853730,14,set_3
720575940626847765,720575940621218694,8,set_3
720575940626847765,720575940623381286,39,set_3
720575940626847765,720575940624600840,24,set_3
720575940626847765,720575940624988455,6,set_3
720575940626847765,720575940625298276,13,set_3
720575940626847765,720575940625867056,8,set_3
720575940626847765,720575940626780222,8,set_3
720575940626847765,720575940628436282,21,set_3
720575940626847765,720575940630665210,7,set_3
720575940626847765,720575940631092943,18,set_3
720575940626847765,720575940631349335,11,set_3
720575940626847765,720575940631507596,21,set_3
720575940626847765,720575940632556831,5,set_3
720575940626847765,720575940633170969,12,set_3
720575940626847765,720575940638103349,6,set_3
720575940626847765,720575940641536987,6,set_3
720575940626847765,720575940649812857,5,set_3
720575940626847765,720575940655014049,13,set_3
720575940626847765,720575940660281217,5,set_3
720575940626953561,720575940616018956,24,set_3
720575940626953561,720575940616328705,5,set_3
720575940626953561,720575940617494877,5,set_3
720575940626953561,720575940624454221,5,set_3
720575940626953561,720575940625874992,25,set_3
720575940626953561,720575940626191306,8,set_3
720575940626953561,720575940628743752,11,set_3
720575940626953561,720575940630470391,7,set_3
720575940626953561,720575940631111983,5,set_3
720575940626953561,720575940631349335,7,set_3
720575940626953561,720575940631901409,5,set_3
720575940626953561,720575940631997032,15,set_3
720575940626953561,720575940636346487,8,set_3
720575940626953561,720575940637216624,14,set_3
720575940626953561,720575940637656286,12,set_3
720575940626953561,720575940638103349,5,set_3
720575940627040549,720575940616018956,21,set_3
720575940627040549,720575940620025620,27,set_3
720575940627040549,720575940628743752,75,set_3
720575940627040549,720575940630661164,27,set_3
720575940627040549,720575940632281927,54,set_3
720575940627040549,720575940638103349,24,set_3
720575940627040549,720575940643823470,15,set_3
720575940627040549,720575940661338497,24,set_3
720575940627047400,720575940616018956,12,set_3
720575940627047400,720575940617853730,8,set_3
720575940627047400,720575940626668218,6,set_3
720575940627047400,720575940627704392,5,set_3
720575940627047400,720575940630839371,17,set_3
720575940627047400,720575940631092943,18,set_3
720575940627047400,720575940636541285,25,set_3
720575940627047400,720575940638103349,6,set_3
720575940627117193,720575940607345586,52,set_3
720575940627117193,720575940610004437,20,set_3
720575940627117193,720575940615583650,52,set_3
720575940627117193,720575940617853730,24,set_3
720575940627117193,720575940620129182,296,set_3
720575940627117193,720575940621116073,20,set_3
720575940627117193,720575940621957381,56,set_3
720575940627117193,720575940623132621,156,set_3
720575940627117193,720575940623449382,24,set_3
720575940627117193,720575940625172016,20,set_3
720575940627117193,720575940625867056,32,set_3
720575940627117193,720575940626798736,52,set_3
720575940627117193,720575940626939737,28,set_3
720575940627117193,720575940626960536,40,set_3
720575940627117193,720575940627815080,44,set_3
720575940627117193,720575940630589036,284,set_3
720575940627117193,720575940631939415,68,set_3
720575940627117193,720575940632134227,28,set_3
720575940627117193,720575940635610548,156,set_3
720575940627117193,720575940637360730,32,set_3
720575940627177115,720575940607386290,14,set_3
720575940627177115,720575940609521250,10,set_3
720575940627177115,720575940611248662,12,set_3
720575940627177115,720575940612235747,12,set_3
720575940627177115,720575940613825814,14,set_3
720575940627177115,720575940615811670,20,set_3
720575940627177115,720575940617494877,12,set_3
720575940627177115,720575940620359956,20,set_3
720575940627177115,720575940620780272,38,set_3
720575940627177115,720575940625334349,10,set_3
720575940627177115,720575940625867056,20,set_3
720575940627177115,720575940626625813,12,set_3
720575940627177115,720575940626968216,12,set_3
720575940627177115,720575940627182217,36,set_3
720575940627177115,720575940628936898,10,set_3
720575940627177115,720575940628995587,16,set_3
720575940627177115,720575940629878479,12,set_3
720575940627177115,720575940631349335,12,set_3
720575940627177115,720575940632998028,14,set_3
720575940627177115,720575940635184735,18,set_3
720575940627177115,720575940647030324,10,set_3
720575940627177115,720575940652580086,20,set_3
720575940627206074,720575940612354034,288,set_3
720575940627206074,720575940618165019,678,set_3
720575940627206074,720575940618539810,102,set_3
720575940627206074,720575940620025620,192,set_3
720575940627206074,720575940620553654,42,set_3
720575940627206074,720575940623993015,36,set_3
720575940627206074,720575940624554170,42,set_3
720575940627206074,720575940625045180,654,set_3
720575940627206074,720575940626939737,54,set_3
720575940627206074,720575940628743752,516,set_3
720575940627206074,720575940630233404,72,set_3
720575940627206074,720575940630868793,702,set_3
720575940627206074,720575940632281927,570,set_3
720575940627206074,720575940633772257,30,set_3
720575940627206074,720575940646274670,474,set_3
720575940627206074,720575940661338497,726,set_3
720575940627210502,720575940616018956,60,set_3
720575940627210502,720575940620025620,100,set_3
720575940627210502,720575940626668218,70,set_3
720575940627210502,720575940628743752,690,set_3
720575940627210502,720575940631092943,50,set_3
720575940627210502,720575940631111983,50,set_3
720575940627210502,720575940632281927,320,set_3
720575940627210502,720575940643823470,70,set_3
720575940627210502,720575940661338497,360,set_3
720575940627356459,720575940611630194,142,set_3
720575940627356459,720575940612289010,18,set_3
720575940627356459,720575940615215922,20,set_3
720575940627356459,720575940616196539,16,set_3
720575940627356459,720575940616328705,24,set_3
720575940627356459,720575940616934289,36,set_3
720575940627356459,720575940618165787,18,set_3
720575940627356459,720575940618539810,38,set_3
720575940627356459,720575940623535044,30,set_3
720575940627356459,720575940625874992,48,set_3
720575940627356459,720575940627107271,30,set_3
720575940627356459,720575940630233404,52,set_3
720575940627356459,720575940630470391,10,set_3
720575940627356459,720575940632596449,28,set_3
720575940627356459,720575940637019994,16,set_3
720575940627356459,720575940640554045,18,set_3
720575940627359109,720575940613213615,15,set_3
720575940627359109,720575940618539810,354,set_3
720575940627359109,720575940620274085,15,set_3
720575940627359109,720575940623390246,18,set_3
720575940627359109,720575940625874992,42,set_3
720575940627359109,720575940628780309,33,set_3
720575940627359109,720575940629422183,15,set_3
720575940627359109,720575940630233404,354,set_3
720575940627359109,720575940630470391,30,set_3
720575940627359109,720575940631918649,24,set_3
720575940627359109,720575940632281927,57,set_3
720575940627359109,720575940635527322,15,set_3
720575940627359109,720575940638024794,33,set_3
720575940627359109,720575940661338497,90,set_3
720575940627419962,720575940615245107,30,set_3
720575940627419962,720575940621827419,60,set_3
720575940627419962,720575940627704392,45,set_3
720575940627419962,720575940632047890,80,set_3
720575940627419962,720575940632252743,45,set_3
720575940627419962,720575940634093337,75,set_3
720575940627419962,720575940638024794,50,set_3
720575940627828040,720575940607162754,38,set_3
720575940627828040,720575940612208858,44,set_3
720575940627828040,720575940614165201,144,set_3
720575940627828040,720575940614642838,24,set_3
720575940627828040,720575940616164658,42,set_3
720575940627828040,720575940616298171,20,set_3
720575940627828040,720575940617568697,14,set_3
720575940627828040,720575940617853730,20,set_3
720575940627828040,720575940618519454,22,set_3
720575940627828040,720575940618539810,48,set_3
720575940627828040,720575940619530187,10,set_3
720575940627828040,720575940620129182,80,set_3
720575940627828040,720575940620135645,14,set_3
720575940627828040,720575940620359956,36,set_3
720575940627828040,720575940620741102,14,set_3
720575940627828040,720575940621329328,50,set_3
720575940627828040,720575940621827419,14,set_3
720575940627828040,720575940622154266,46,set_3
720575940627828040,720575940622632084,22,set_3
720575940627828040,720575940623381286,12,set_3
720575940627828040,720575940623449382,18,set_3
720575940627828040,720575940623918121,30,set_3
720575940627828040,720575940623993015,14,set_3
720575940627828040,720575940624789652,16,set_3
720575940627828040,720575940624986300,40,set_3
720575940627828040,720575940625616521,10,set_3
720575940627828040,720575940625642302,18,set_3
720575940627828040,720575940626798736,72,set_3
720575940627828040,720575940626960536,18,set_3
720575940627828040,720575940627595772,12,set_3
720575940627828040,720575940627704392,18,set_3
720575940627828040,720575940627829064,14,set_3
720575940627828040,720575940628345610,24,set_3
720575940627828040,720575940628378440,20,set_3
720575940627828040,720575940628659049,18,set_3
720575940627828040,720575940628995587,36,set_3
720575940627828040,720575940630233404,30,set_3
720575940627828040,720575940630691958,62,set_3
720575940627828040,720575940630724652,10,set_3
720575940627828040,720575940630775801,20,set_3
720575940627828040,720575940632029496,18,set_3
720575940627828040,720575940632281927,12,set_3
720575940627828040,720575940632303441,14,set_3
720575940627828040,720575940632355885,16,set_3
720575940627828040,720575940632752723,40,set_3
720575940627828040,720575940633316307,14,set_3
720575940627828040,720575940633772257,36,set_3
720575940627828040,720575940635610548,48,set_3
720575940627828040,720575940636541285,22,set_3
720575940627828040,720575940636552805,10,set_3
720575940627828040,720575940637360730,10,set_3
720575940627828040,720575940637530084,12,set_3
720575940627828040,720575940639206077,30,set_3
720575940627828040,720575940641281013,12,set_3
720575940627828040,720575940644659236,118,set_3
720575940627828040,720575940647024948,14,set_3
720575940627828040,720575940661338497,20,set_3
720575940627828296,720575940615245107,88,set_3
720575940627828296,720575940616848214,40,set_3
720575940627828296,720575940618539810,1048,set_3
720575940627828296,720575940620274085,88,set_3
720575940627828296,720575940621047632,1528,set_3
720575940627828296,720575940624623287,64,set_3
720575940627828296,720575940625874992,96,set_3
720575940627828296,720575940628780309,320,set_3
720575940627828296,720575940630233404,1168,set_3
720575940627828296,720575940632281927,240,set_3
720575940627828296,720575940633772257,104,set_3
720575940627828296,720575940638024794,1728,set_3
720575940627828296,720575940646274670,88,set_3
720575940627828296,720575940661338497,216,set_3
720575940627916331,720575940611018865,36,set_3
720575940627916331,720575940615292895,10,set_3
720575940627916331,720575940616851030,22,set_3
720575940627916331,720575940617335382,14,set_3
720575940627916331,720575940619128699,46,set_3
720575940627916331,720575940620025620,12,set_3
720575940627916331,720575940620553094,10,set_3
720575940627916331,720575940620741102,12,set_3
720575940627916331,720575940621329328,10,set_3
720575940627916331,720575940621662332,58,set_3
720575940627916331,720575940622123144,32,set_3
720575940627916331,720575940622154266,12,set_3
720575940627916331,720575940623432918,12,set_3
720575940627916331,720575940623449382,32,set_3
720575940627916331,720575940624176312,12,set_3
720575940627916331,720575940624600840,88,set_3
720575940627916331,720575940624928284,12,set_3
720575940627916331,720575940625172016,30,set_3
720575940627916331,720575940626668218,28,set_3
720575940627916331,720575940626826288,86,set_3
720575940627916331,720575940626960536,16,set_3
720575940627916331,720575940627667530,14,set_3
720575940627916331,720575940628743752,16,set_3
720575940627916331,720575940628885160,12,set_3
720575940627916331,720575940630589036,120,set_3
720575940627916331,720575940631092943,160,set_3
720575940627916331,720575940631111983,16,set_3
720575940627916331,720575940631619948,10,set_3
720575940627916331,720575940631742381,30,set_3
720575940627916331,720575940634090777,28,set_3
720575940627916331,720575940639512192,48,set_3
720575940628070419,720575940609133269,16,set_3
720575940628070419,720575940610173048,122,set_3
720575940628070419,720575940611496165,16,set_3
720575940628070419,720575940618165787,22,set_3
720575940628070419,720575940620672432,68,set_3
720575940628070419,720575940620833901,12,set_3
720575940628070419,720575940621126384,10,set_3
720575940628070419,720575940621667693,174,set_3
720575940628070419,720575940623137818,166,set_3
720575940628070419,720575940624994568,10,set_3
720575940628070419,720575940625047479,10,set_3
720575940628070419,720575940625489160,40,set_3
720575940628070419,720575940627244200,48,set_3
720575940628070419,720575940630589036,10,set_3
720575940628070419,720575940630665210,146,set_3
720575940628070419,720575940630980559,148,set_3
720575940628070419,720575940633195148,158,set_3
720575940628070419,720575940636574388,18,set_3
720575940628070419,720575940648654468,14,set_3
720575940628095593,720575940607386290,64,set_3
720575940628095593,720575940607672003,48,set_3
720575940628095593,720575940609939780,168,set_3
720575940628095593,720575940612906518,136,set_3
720575940628095593,720575940618859480,48,set_3
720575940628095593,720575940620374693,216,set_3
720575940628095593,720575940621128583,432,set_3
720575940628095593,720575940623211725,72,set_3
720575940628095593,720575940623476407,560,set_3
720575940628095593,720575940625047484,520,set_3
720575940628095593,720575940626835146,112,set_3
720575940628095593,720575940627083294,200,set_3
720575940628095593,720575940627182217,384,set_3
720575940628095593,720575940627429907,64,set_3
720575940628095593,720575940628998659,80,set_3
720575940628095593,720575940631168057,96,set_3
720575940628095593,720575940632486969,40,set_3
720575940628095593,720575940639285949,240,set_3
720575940628095593,720575940640589171,120,set_3
720575940628095593,720575940647560500,136,set_3
720575940628095593,720575940652580086,280,set_3
720575940628119127,720575940611715813,6,set_3
720575940628119127,720575940614756589,7,set_3
720575940628119127,720575940615292895,5,set_3
720575940628119127,720575940624913959,9,set_3
720575940628119127,720575940625172016,9,set_3
720575940628119127,720575940628885160,34,set_3
720575940628119127,720575940630589036,62,set_3
720575940628119127,720575940630995799,6,set_3
720575940628119127,720575940647030324,5,set_3
720575940628211499,720575940622195625,52,set_3
720575940628211499,720575940623164685,20,set_3
720575940628211499,720575940626939737,24,set_3
720575940628211499,720575940628743752,144,set_3
720575940628211499,720575940635527322,28,set_3
720575940628211499,720575940661338497,48,set_3
720575940628319899,720575940611496165,16,set_3
720575940628319899,720575940612376805,18,set_3
720575940628319899,720575940612572723,18,set_3
720575940628319899,720575940614165201,36,set_3
720575940628319899,720575940618165787,28,set_3
720575940628319899,720575940620129182,34,set_3
720575940628319899,720575940620497062,20,set_3
720575940628319899,720575940620741102,38,set_3
720575940628319899,720575940622021637,16,set_3
720575940628319899,720575940622921827,10,set_3
720575940628319899,720575940623535044,34,set_3
720575940628319899,720575940626073637,22,set_3
720575940628319899,720575940626229849,16,set_3
720575940628319899,720575940627828552,14,set_3
720575940628319899,720575940628125715,36,set_3
720575940628319899,720575940629412682,12,set_3
720575940628319899,720575940629806974,20,set_3
720575940628319899,720575940630159616,14,set_3
720575940628319899,720575940632029496,10,set_3
720575940628319899,720575940632407826,14,set_3
720575940628319899,720575940632524559,16,set_3
720575940628319899,720575940633198284,20,set_3
720575940628319899,720575940633316307,60,set_3
720575940628319899,720575940634229871,12,set_3
720575940628319899,720575940636541285,40,set_3
720575940628319899,720575940636552805,70,set_3
720575940628319899,720575940644659236,40,set_3
720575940628319899,720575940644666148,14,set_3
720575940628463042,720575940620025620,13,set_3
720575940628463042,720575940625874992,19,set_3
720575940628463042,720575940627107271,10,set_3
720575940628463042,720575940628743752,55,set_3
720575940628463042,720575940638024794,6,set_3
720575940628598121,720575940613004402,18,set_3
720575940628598121,720575940618165019,828,set_3
720575940628598121,720575940620025620,66,set_3
720575940628598121,720575940625045180,240,set_3
720575940628598121,720575940625874992,300,set_3
720575940628598121,720575940628743752,184,set_3
720575940628598121,720575940630868793,690,set_3
720575940628644218,720575940609133269,13,set_3
720575940628644218,720575940611351193,5,set_3
720575940628644218,720575940617668662,7,set_3
720575940628644218,720575940618165019,6,set_3
720575940628644218,720575940622026245,6,set_3
720575940628668009,720575940607162754,770,set_3
720575940628668009,720575940612208858,1232,set_3
720575940628668009,720575940613825814,154,set_3
720575940628668009,720575940618135419,110,set_3
720575940628668009,720575940618165787,572,set_3
720575940628668009,720575940620129182,396,set_3
720575940628668009,720575940620135645,110,set_3
720575940628668009,720575940621047632,638,set_3
720575940628668009,720575940621329328,220,set_3
720575940628668009,720575940621833281,638,set_3
720575940628668009,720575940623137818,264,set_3
720575940628668009,720575940623535044,418,set_3
720575940628668009,720575940624913959,352,set_3
720575940628668009,720575940626798736,154,set_3
720575940628668009,720575940626826288,132,set_3
720575940628668009,720575940626960536,638,set_3
720575940628668009,720575940627829064,418,set_3
720575940628668009,720575940628815381,242,set_3
720575940628668009,720575940630589036,154,set_3
720575940628668009,720575940630691958,858,set_3
720575940628668009,720575940631092943,154,set_3
720575940628668009,720575940631939415,550,set_3
720575940628668009,720575940631994728,176,set_3
720575940628668009,720575940632134227,242,set_3
720575940628668009,720575940632281927,110,set_3
720575940628668009,720575940633195148,132,set_3
720575940628668009,720575940633772257,286,set_3
720575940628668009,720575940635527322,506,set_3
720575940628668009,720575940635596212,154,set_3
720575940628668009,720575940637360730,572,set_3
720575940628668009,720575940637530084,198,set_3
720575940628668009,720575940638024794,528,set_3
720575940628668009,720575940639206077,682,set_3
720575940628668009,720575940661338497,176,set_3
720575940628676457,720575940611643033,21,set_3
720575940628676457,720575940616018956,15,set_3
720575940628676457,720575940616848214,18,set_3
720575940628676457,720575940622026245,36,set_3
720575940628676457,720575940623192781,15,set_3
720575940628676457,720575940625045180,96,set_3
720575940628676457,720575940625874992,15,set_3
720575940628676457,720575940630868793,15,set_3
720575940628676457,720575940631092943,57,set_3
720575940628676457,720575940633639063,27,set_3
720575940628676457,720575940639994456,18,set_3
720575940628676457,720575940646274670,15,set_3
720575940628680553,720575940609133269,15,set_3
720575940628680553,720575940621256384,10,set_3
720575940628680553,720575940623132621,10,set_3
720575940628680553,720575940625045180,45,set_3
720575940628680553,720575940625172016,8,set_3
720575940628680553,720575940625867056,13,set_3
720575940628680553,720575940626798736,9,set_3
720575940628680553,720575940632900503,7,set_3
720575940628680553,720575940643823470,6,set_3
720575940628680553,720575940645503854,8,set_3
720575940628680553,720575940647030324,13,set_3
720575940628684023,720575940613170385,63,set_3
720575940628684023,720575940615292895,81,set_3
720575940628684023,720575940616018956,99,set_3
720575940628684023,720575940616896257,45,set_3
720575940628684023,720575940620521350,72,set_3
720575940628684023,720575940621218694,90,set_3
720575940628684023,720575940621256384,126,set_3
720575940628684023,720575940621329328,45,set_3
720575940628684023,720575940623449382,45,set_3
720575940628684023,720575940624273149,90,set_3
720575940628684023,720575940625172016,135,set_3
720575940628684023,720575940626197593,117,set_3
720575940628684023,720575940626668218,189,set_3
720575940628684023,720575940628209801,45,set_3
720575940628684023,720575940629317450,63,set_3
720575940628684023,720575940629987587,99,set_3
720575940628684023,720575940630504466,54,set_3
720575940628684023,720575940630575943,126,set_3
720575940628684023,720575940630661164,99,set_3
720575940628684023,720575940631111983,171,set_3
720575940628684023,720575940631850521,126,set_3
720575940628684023,720575940633639063,63,set_3
720575940628684023,720575940634527840,72,set_3
720575940628684023,720575940634659508,63,set_3
720575940628684023,720575940637216624,234,set_3
720575940628684023,720575940643823470,81,set_3
720575940628684023,720575940646156420,144,set_3
720575940628973827,720575940620217582,300,set_3
720575940628973827,720575940622026245,200,set_3
720575940628973827,720575940630470391,125,set_3
720575940628973827,720575940644672548,250,set_3
720575940628973827,720575940661338497,325,set_3
720575940629024591,720575940607345586,81,set_3
720575940629024591,720575940609133269,252,set_3
720575940629024591,720575940610173048,45,set_3
720575940629024591,720575940612208858,54,set_3
720575940629024591,720575940614061930,45,set_3
720575940629024591,720575940614099818,45,set_3
720575940629024591,720575940615480370,45,set_3
720575940629024591,720575940616018956,234,set_3
720575940629024591,720575940618165019,1674,set_3
720575940629024591,720575940618539810,1080,set_3
720575940629024591,720575940618936710,72,set_3
720575940629024591,720575940620819659,45,set_3
720575940629024591,720575940621047632,1629,set_3
720575940629024591,720575940621827419,207,set_3
720575940629024591,720575940622074206,108,set_3
720575940629024591,720575940622933765,45,set_3
720575940629024591,720575940623044103,54,set_3
720575940629024591,720575940623097853,63,set_3
720575940629024591,720575940625045180,900,set_3
720575940629024591,720575940625874992,2673,set_3
720575940629024591,720575940626015640,63,set_3
720575940629024591,720575940626434822,81,set_3
720575940629024591,720575940628149763,108,set_3
720575940629024591,720575940628659049,72,set_3
720575940629024591,720575940629422183,45,set_3
720575940629024591,720575940630233404,999,set_3
720575940629024591,720575940630868793,1701,set_3
720575940629024591,720575940632281927,189,set_3
720575940629024591,720575940632636959,45,set_3
720575940629024591,720575940633772257,171,set_3
720575940629024591,720575940638024794,81,set_3
720575940629024591,720575940639206077,63,set_3
720575940629024591,720575940639786915,225,set_3
720575940629024591,720575940644666660,108,set_3
720575940629024591,720575940646274670,153,set_3
720575940629024591,720575940661338497,270,set_3
720575940629098028,720575940605703456,24,set_3
720575940629098028,720575940611715813,12,set_3
720575940629098028,720575940613527789,36,set_3
720575940629098028,720575940613825814,10,set_3
720575940629098028,720575940616298171,42,set_3
720575940629098028,720575940616791709,16,set_3
720575940629098028,720575940620451866,14,set_3
720575940629098028,720575940622688765,12,set_3
720575940629098028,720575940624015287,10,set_3
720575940629098028,720575940624404872,10,set_3
720575940629098028,720575940626826288,12,set_3
720575940629098028,720575940628885160,26,set_3
720575940629098028,720575940630589036,154,set_3
720575940629098028,720575940630995799,18,set_3
720575940629098028,720575940635610548,18,set_3
720575940629098028,720575940641284853,70,set_3
720575940629111490,720575940609787256,1157,set_3
720575940629111490,720575940611643033,117,set_3
720575940629111490,720575940613426343,481,set_3
720575940629111490,720575940613527789,143,set_3
720575940629111490,720575940615015976,780,set_3
720575940629111490,720575940615245107,507,set_3
720575940629111490,720575940616308921,104,set_3
720575940629111490,720575940616497477,403,set_3
720575940629111490,720575940617799253,351,set_3
720575940629111490,720575940621116073,65,set_3
720575940629111490,720575940621329328,390,set_3
720575940629111490,720575940623004552,585,set_3
720575940629111490,720575940623042539,156,set_3
720575940629111490,720575940623137818,91,set_3
720575940629111490,720575940623511795,689,set_3
720575940629111490,720575940625972261,702,set_3
720575940629111490,720575940626075517,208,set_3
720575940629111490,720575940626520402,520,set_3
720575940629111490,720575940626919144,507,set_3
720575940629111490,720575940628344074,1664,set_3
720575940629111490,720575940630470391,65,set_3
720575940629111490,720575940630589036,507,set_3
720575940629111490,720575940630904567,702,set_3
720575940629111490,720575940630995799,221,set_3
720575940629111490,720575940631092943,468,set_3
720575940629111490,720575940631280721,65,set_3
720575940629111490,720575940633195148,156,set_3
720575940629111490,720575940634093337,689,set_3
720575940629111490,720575940634826135,1677,set_3
720575940629111490,720575940639206077,312,set_3
720575940629111490,720575940655071905,754,set_3
720575940629112258,720575940613426343,6,set_3
720575940629112258,720575940615292895,52,set_3
720575940629112258,720575940618859480,5,set_3
720575940629112258,720575940621218694,5,set_3
720575940629112258,720575940622123144,8,set_3
720575940629112258,720575940624600840,6,set_3
720575940629112258,720575940626075517,14,set_3
720575940629112258,720575940628023685,12,set_3
720575940629112258,720575940630575943,6,set_3
720575940629112258,720575940631092943,75,set_3
720575940629112258,720575940631997032,6,set_3
720575940629112258,720575940634739886,7,set_3
720575940629112258,720575940638103349,9,set_3
720575940629112258,720575940643703831,5,set_3
720575940629207963,720575940604247985,8,set_3
720575940629207963,720575940607345586,60,set_3
720575940629207963,720575940609133269,36,set_3
720575940629207963,720575940610708430,7,set_3
720575940629207963,720575940610986006,5,set_3
720575940629207963,720575940613170385,16,set_3
720575940629207963,720575940613356851,9,set_3
720575940629207963,720575940614099818,9,set_3
720575940629207963,720575940614965691,15,set_3
720575940629207963,720575940616203869,11,set_3
720575940629207963,720575940616921152,56,set_3
720575940629207963,720575940617494877,19,set_3
720575940629207963,720575940619042427,6,set_3
720575940629207963,720575940619111515,12,set_3
720575940629207963,720575940619453831,6,set_3
720575940629207963,720575940620008112,24,set_3
720575940629207963,720575940620177543,5,set_3
720575940629207963,720575940620819659,10,set_3
720575940629207963,720575940620833901,12,set_3
720575940629207963,720575940622466027,5,set_3
720575940629207963,720575940623097853,24,set_3
720575940629207963,720575940623132621,16,set_3
720575940629207963,720575940623137818,8,set_3
720575940629207963,720575940623988733,5,set_3
720575940629207963,720575940624994568,5,set_3
720575940629207963,720575940625799513,24,set_3
720575940629207963,720575940625874992,65,set_3
720575940629207963,720575940626308697,18,set_3
720575940629207963,720575940626434822,12,set_3
720575940629207963,720575940627062088,6,set_3
720575940629207963,720575940630181852,5,set_3
720575940629207963,720575940630548751,49,set_3
720575940629207963,720575940631056185,8,set_3
720575940629207963,720575940631299602,6,set_3
720575940629207963,720575940631394920,37,set_3
720575940629207963,720575940631459923,5,set_3
720575940629207963,720575940631595603,8,set_3
720575940629207963,720575940632524559,5,set_3
720575940629207963,720575940633195148,11,set_3
720575940629207963,720575940633571020,6,set_3
720575940629207963,720575940633639063,16,set_3
720575940629207963,720575940634210155,5,set_3
720575940629207963,720575940635527092,12,set_3
720575940629207963,720575940637578853,7,set_3
720575940629207963,720575940637656286,19,set_3
720575940629207963,720575940639786915,14,set_3
720575940629207963,720575940640681680,17,set_3
720575940629207963,720575940654057889,31,set_3
720575940629207963,720575940655015329,5,set_3
720575940629207963,720575940660224641,12,set_3
720575940629470838,720575940610524339,20,set_3
720575940629470838,720575940611475698,56,set_3
720575940629470838,720575940612692889,32,set_3
720575940629470838,720575940615076162,32,set_3
720575940629470838,720575940616065254,72,set_3
720575940629470838,720575940616921152,68,set_3
720575940629470838,720575940617663537,28,set_3
720575940629470838,720575940618165787,108,set_3
720575940629470838,720575940619473624,176,set_3
720575940629470838,720575940619781814,24,set_3
720575940629470838,720575940619866059,24,set_3
720575940629470838,720575940620008112,24,set_3
720575940629470838,720575940620780272,44,set_3
720575940629470838,720575940621667693,28,set_3
720575940629470838,720575940622284947,40,set_3
720575940629470838,720575940622657268,24,set_3
720575940629470838,720575940623535044,296,set_3
720575940629470838,720575940624222205,108,set_3
720575940629470838,720575940624994568,20,set_3
720575940629470838,720575940625178768,20,set_3
720575940629470838,720575940626197593,24,set_3
720575940629470838,720575940627304424,32,set_3
720575940629470838,720575940627312668,24,set_3
720575940629470838,720575940627704392,20,set_3
720575940629470838,720575940628182910,28,set_3
720575940629470838,720575940629987587,108,set_3
720575940629470838,720575940630605881,32,set_3
720575940629470838,720575940630664556,316,set_3
720575940629470838,720575940630665210,24,set_3
720575940629470838,720575940631595603,20,set_3
720575940629470838,720575940634093337,20,set_3
720575940629470838,720575940635954879,64,set_3
720575940629470838,720575940636541285,40,set_3
720575940629470838,720575940640681680,28,set_3
720575940629576451,720575940609939780,12,set_3
720575940629576451,720575940610258552,13,set_3
720575940629576451,720575940613825814,28,set_3
720575940629576451,720575940614128593,5,set_3
720575940629576451,720575940614186449,29,set_3
720575940629576451,720575940614465478,7,set_3
720575940629576451,720575940614660519,5,set_3
720575940629576451,720575940615323298,5,set_3
720575940629576451,720575940616018956,10,set_3
720575940629576451,720575940616298171,10,set_3
720575940629576451,720575940616864086,5,set_3
720575940629576451,720575940617373268,9,set_3
720575940629576451,720575940617629841,16,set_3
720575940629576451,720575940618574749,7,set_3
720575940629576451,720575940618777684,7,set_3
720575940629576451,720575940619530187,9,set_3
720575940629576451,720575940620094366,5,set_3
720575940629576451,720575940620473547,8,set_3
720575940629576451,720575940621573030,5,set_3
720575940629576451,720575940621586854,7,set_3
720575940629576451,720575940621771041,23,set_3
720575940629576451,720575940622195625,39,set_3
720575940629576451,720575940623164685,80,set_3
720575940629576451,720575940623210445,20,set_3
720575940629576451,720575940623381286,7,set_3
720575940629576451,720575940623453959,22,set_3
720575940629576451,720575940625047484,11,set_3
720575940629576451,720575940625737776,7,set_3
720575940629576451,720575940625861660,12,set_3
720575940629576451,720575940626279742,5,set_3
720575940629576451,720575940626780222,30,set_3
720575940629576451,720575940626835146,5,set_3
720575940629576451,720575940627099338,9,set_3
720575940629576451,720575940627167516,9,set_3
720575940629576451,720575940628024107,5,set_3
720575940629576451,720575940629377218,7,set_3
720575940629576451,720575940629792060,13,set_3
720575940629576451,720575940630839371,81,set_3
720575940629576451,720575940631041956,5,set_3
720575940629576451,720575940631168057,8,set_3
720575940629576451,720575940631703608,13,set_3
720575940629576451,720575940632030008,16,set_3
720575940629576451,720575940632486969,34,set_3
720575940629576451,720575940633185567,6,set_3
720575940629576451,720575940635578303,16,set_3
720575940629576451,720575940636828334,61,set_3
720575940629576451,720575940637578853,9,set_3
720575940629576451,720575940640589171,24,set_3
720575940629576451,720575940645866292,13,set_3
720575940629576451,720575940647023156,18,set_3
720575940629576451,720575940655013025,6,set_3
720575940629677417,720575940617799253,36,set_3
720575940629677417,720575940620819659,40,set_3
720575940629677417,720575940621827419,28,set_3
720575940629677417,720575940623390246,28,set_3
720575940629677417,720575940627704392,44,set_3
720575940629677417,720575940634093337,40,set_3
720575940629677417,720575940638024794,48,set_3
720575940629717370,720575940611411057,54,set_3
720575940629717370,720575940616217403,48,set_3
720575940629717370,720575940619414321,30,set_3
720575940629717370,720575940621256384,72,set_3
720575940629717370,720575940623449382,42,set_3
720575940629717370,720575940624404872,30,set_3
720575940629717370,720575940625172016,180,set_3
720575940629717370,720575940626197593,36,set_3
720575940629717370,720575940627254856,42,set_3
720575940629717370,720575940628743752,48,set_3
720575940629717370,720575940630589036,48,set_3
720575940629717370,720575940631111983,66,set_3
720575940629717370,720575940634659508,78,set_3
720575940629717370,720575940643823470,30,set_3
720575940629778554,720575940610173048,24,set_3
720575940629778554,720575940610590869,66,set_3
720575940629778554,720575940616848214,30,set_3
720575940629778554,720575940617493597,51,set_3
720575940629778554,720575940617494877,84,set_3
720575940629778554,720575940618165019,24,set_3
720575940629778554,720575940618165787,102,set_3
720575940629778554,720575940618539810,879,set_3
720575940629778554,720575940620274085,42,set_3
720575940629778554,720575940620819659,30,set_3
720575940629778554,720575940621047632,348,set_3
720575940629778554,720575940621329328,18,set_3
720575940629778554,720575940622026245,375,set_3
720575940629778554,720575940622452715,150,set_3
720575940629778554,720575940623535044,66,set_3
720575940629778554,720575940625045180,36,set_3
720575940629778554,720575940626960536,24,set_3
720575940629778554,720575940627739023,57,set_3
720575940629778554,720575940628780309,342,set_3
720575940629778554,720575940628995331,252,set_3
720575940629778554,720575940630233404,1188,set_3
720575940629778554,720575940630868793,30,set_3
720575940629778554,720575940631280721,90,set_3
720575940629778554,720575940633772257,495,set_3
720575940629778554,720575940636346487,171,set_3
720575940629778554,720575940637656286,93,set_3
720575940629778554,720575940639206077,15,set_3
720575940629778554,720575940641655949,99,set_3
720575940629778554,720575940646274670,171,set_3
720575940629778554,720575940655015329,183,set_3
720575940629804158,720575940610482883,25,set_3
720575940629804158,720575940614386070,55,set_3
720575940629804158,720575940616018956,190,set_3
720575940629804158,720575940616864217,70,set_3
720575940629804158,720575940618238523,205,set_3
720575940629804158,720575940618600246,130,set_3
720575940629804158,720575940619682368,30,set_3
720575940629804158,720575940620274085,95,set_3
720575940629804158,720575940621047632,225,set_3
720575940629804158,720575940621586854,175,set_3
720575940629804158,720575940621833281,630,set_3
720575940629804158,720575940625612474,30,set_3
720575940629804158,720575940628826128,45,set_3
720575940629804158,720575940630865724,85,set_3
720575940629804158,720575940631918649,25,set_3
720575940629804158,720575940631989352,90,set_3
720575940629804158,720575940632281927,1020,set_3
720575940629804158,720575940633185567,150,set_3
720575940629804158,720575940638024794,25,set_3
720575940629804158,720575940646274670,115,set_3
720575940629804158,720575940661338497,655,set_3
720575940629865319,720575940614965691,16,set_3
720575940629865319,720575940616018956,36,set_3
720575940629865319,720575940617494877,12,set_3
720575940629865319,720575940619453831,12,set_3
720575940629865319,720575940620866544,12,set_3
720575940629865319,720575940621833281,10,set_3
720575940629865319,720575940625045180,18,set_3
720575940629865319,720575940625874992,298,set_3
720575940629865319,720575940626999464,10,set_3
720575940629865319,720575940628149763,14,set_3
720575940629865319,720575940628743752,16,set_3
720575940629865319,720575940631092943,62,set_3
720575940629865319,720575940636346487,12,set_3
720575940629865319,720575940638024794,18,set_3
720575940629865319,720575940639786915,26,set_3
720575940629865319,720575940646274670,22,set_3
720575940630054735,720575940615100211,7,set_3
720575940630054735,720575940617440395,6,set_3
720575940630054735,720575940620097985,9,set_3
720575940630054735,720575940624788372,7,set_3
720575940630054735,720575940627015196,5,set_3
720575940630054735,720575940630440645,17,set_3
720575940630054735,720575940631153194,9,set_3
720575940630054735,720575940634528864,16,set_3
720575940630059052,720575940606254002,15,set_3
720575940630059052,720575940612256938,66,set_3
720575940630059052,720575940612289010,84,set_3
720575940630059052,720575940619652033,42,set_3
720575940630059052,720575940619847371,18,set_3
720575940630059052,720575940621827419,48,set_3
720575940630059052,720575940622236671,15,set_3
720575940630059052,720575940624928284,30,set_3
720575940630059052,720575940627274578,57,set_3
720575940630059052,720575940627989609,45,set_3
720575940630059052,720575940628182910,15,set_3
720575940630059052,720575940631092943,27,set_3
720575940630059052,720575940634090777,15,set_3
720575940630059052,720575940637184326,30,set_3
720575940630059052,720575940638684248,15,set_3
720575940630059052,720575940648377209,48,set_3
720575940630182972,720575940604791217,8,set_3
720575940630182972,720575940605443017,8,set_3
720575940630182972,720575940606867145,14,set_3
720575940630182972,720575940610173048,10,set_3
720575940630182972,720575940613828202,7,set_3
720575940630182972,720575940616497477,11,set_3
720575940630182972,720575940616791709,8,set_3
720575940630182972,720575940618135419,9,set_3
720575940630182972,720575940618165787,32,set_3
720575940630182972,720575940620129182,9,set_3
720575940630182972,720575940620451866,11,set_3
720575940630182972,720575940620780272,25,set_3
720575940630182972,720575940621126384,5,set_3
720575940630182972,720575940621169690,14,set_3
720575940630182972,720575940622433799,5,set_3
720575940630182972,720575940623004552,7,set_3
720575940630182972,720575940623017989,7,set_3
720575940630182972,720575940623029395,8,set_3
720575940630182972,720575940623192781,8,set_3
720575940630182972,720575940623535044,5,set_3
720575940630182972,720575940624528068,5,set_3
720575940630182972,720575940624913959,8,set_3
720575940630182972,720575940626229849,5,set_3
720575940630182972,720575940627312668,76,set_3
720575940630182972,720575940628781333,24,set_3
720575940630182972,720575940629954872,7,set_3
720575940630182972,720575940630664556,5,set_3
720575940630182972,720575940630904567,7,set_3
720575940630182972,720575940631595603,7,set_3
720575940630182972,720575940633195148,10,set_3
720575940630182972,720575940633824864,6,set_3
720575940630182972,720575940640348149,7,set_3
720575940630232380,720575940605890784,33,set_3
720575940630232380,720575940607162754,48,set_3
720575940630232380,720575940610173048,24,set_3
720575940630232380,720575940612208858,114,set_3
720575940630232380,720575940615582111,15,set_3
720575940630232380,720575940616864217,27,set_3
720575940630232380,720575940618165019,36,set_3
720575940630232380,720575940618165787,45,set_3
720575940630232380,720575940618539810,1086,set_3
720575940630232380,720575940619973712,15,set_3
720575940630232380,720575940620274085,15,set_3
720575940630232380,720575940621047632,111,set_3
720575940630232380,720575940621329328,18,set_3
720575940630232380,720575940621422518,21,set_3
720575940630232380,720575940621833281,150,set_3
720575940630232380,720575940622026245,243,set_3
720575940630232380,720575940622452715,66,set_3
720575940630232380,720575940623535044,117,set_3
720575940630232380,720575940627739023,15,set_3
720575940630232380,720575940628780309,174,set_3
720575940630232380,720575940630233404,1158,set_3
720575940630232380,720575940630691958,54,set_3
720575940630232380,720575940630868793,39,set_3
720575940630232380,720575940631280721,141,set_3
720575940630232380,720575940631994728,30,set_3
720575940630232380,720575940633772257,276,set_3
720575940630232380,720575940641655949,186,set_3
720575940630232380,720575940655015329,60,set_3
720575940630488540,720575940605890784,48,set_3
720575940630488540,720575940612208858,846,set_3
720575940630488540,720575940615583650,36,set_3
720575940630488540,720575940616298171,90,set_3
720575940630488540,720575940616851030,36,set_3
720575940630488540,720575940617494877,126,set_3
720575940630488540,720575940620129182,42,set_3
720575940630488540,720575940620741102,30,set_3
720575940630488540,720575940621573542,60,set_3
720575940630488540,720575940622452715,78,set_3
720575940630488540,720575940624913959,132,set_3
720575940630488540,720575940627667530,66,set_3
720575940630488540,720575940628995331,120,set_3
720575940630488540,720575940630589036,90,set_3
720575940630488540,720575940631939432,90,set_3
720575940630488540,720575940631989352,42,set_3
720575940630488540,720575940632134227,180,set_3
720575940630488540,720575940636346487,54,set_3
720575940630488540,720575940637360730,348,set_3
720575940630488540,720575940637656286,150,set_3
720575940630488540,720575940655015329,48,set_3
720575940630488540,720575940661338497,72,set_3
720575940630506344,720575940610103906,144,set_3
720575940630506344,720575940611436408,15,set_3
720575940630506344,720575940612819763,66,set_3
720575940630506344,720575940616018956,48,set_3
720575940630506344,720575940620819659,30,set_3
720575940630506344,720575940625173006,45,set_3
720575940630506344,720575940627219272,81,set_3
720575940630506344,720575940633660314,87,set_3
720575940630506344,720575940635005303,72,set_3
720575940630506344,720575940638024794,36,set_3
720575940630670454,720575940607162754,18,set_3
720575940630670454,720575940610482883,6,set_3
720575940630670454,720575940611167842,45,set_3
720575940630670454,720575940611531986,6,set_3
720575940630670454,720575940614386070,5,set_3
720575940630670454,720575940615671106,17,set_3
720575940630670454,720575940618238523,34,set_3
720575940630670454,720575940618600246,20,set_3
720575940630670454,720575940619176094,12,set_3
720575940630670454,720575940619682368,35,set_3
720575940630670454,720575940619877396,6,set_3
720575940630670454,720575940620497062,16,set_3
720575940630670454,720575940621586854,16,set_3
720575940630670454,720575940623164941,7,set_3
720575940630670454,720575940626626597,16,set_3
720575940630670454,720575940627847752,5,set_3
720575940630670454,720575940628995331,7,set_3
720575940630670454,720575940630691958,92,set_3
720575940630670454,720575940632047890,27,set_3
720575940630670454,720575940632252743,86,set_3
720575940630670454,720575940632752723,20,set_3
720575940630670454,720575940633185567,9,set_3
720575940630670454,720575940636346487,5,set_3
720575940630670454,720575940636552805,12,set_3
720575940630679801,720575940607162754,86,set_3
720575940630679801,720575940608451420,5,set_3
720575940630679801,720575940608498780,15,set_3
720575940630679801,720575940611167842,15,set_3
720575940630679801,720575940612357618,13,set_3
720575940630679801,720575940613154582,7,set_3
720575940630679801,720575940614734754,34,set_3
720575940630679801,720575940616164658,24,set_3
720575940630679801,720575940617403622,5,set_3
720575940630679801,720575940617432065,5,set_3
720575940630679801,720575940619176094,12,set_3
720575940630679801,720575940619877396,30,set_3
720575940630679801,720575940626094350,6,set_3
720575940630679801,720575940628997123,7,set_3
720575940630679801,720575940629412682,20,set_3
720575940630679801,720575940629561347,6,set_3
720575940630679801,720575940630691958,25,set_3
720575940630679801,720575940631429707,5,set_3
720575940630679801,720575940633316307,11,set_3
720575940630679801,720575940636552805,9,set_3
720575940630679801,720575940655015329,7,set_3
720575940630683385,720575940610173048,168,set_3
720575940630683385,720575940610590869,120,set_3
720575940630683385,720575940616497477,72,set_3
720575940630683385,720575940617493597,88,set_3
720575940630683385,720575940618165019,96,set_3
720575940630683385,720575940618539810,2064,set_3
720575940630683385,720575940621329328,72,set_3
720575940630683385,720575940622026245,608,set_3
720575940630683385,720575940622452715,200,set_3
720575940630683385,720575940625045180,48,set_3
720575940630683385,720575940627062088,40,set_3
720575940630683385,720575940627739023,48,set_3
720575940630683385,720575940628780309,696,set_3
720575940630683385,720575940628995331,176,set_3
720575940630683385,720575940630159616,104,set_3
720575940630683385,720575940630233404,2104,set_3
720575940630683385,720575940630868793,48,set_3
720575940630683385,720575940630904567,40,set_3
720575940630683385,720575940632281927,56,set_3
720575940630683385,720575940633065901,184,set_3
720575940630683385,720575940633772257,1640,set_3
720575940630683385,720575940636346487,136,set_3
720575940630683385,720575940639206077,264,set_3
720575940630683385,720575940640162944,280,set_3
720575940630683385,720575940646274670,1168,set_3
720575940630683385,720575940655015329,168,set_3
720575940630683385,720575940661338497,96,set_3
720575940630771449,720575940604470956,5,set_3
720575940630771449,720575940605890784,10,set_3
720575940630771449,720575940607162754,10,set_3
720575940630771449,720575940609133269,21,set_3
720575940630771449,720575940609407939,6,set_3
720575940630771449,720575940610173048,32,set_3
720575940630771449,720575940610482883,11,set_3
720575940630771449,720575940611015122,8,set_3
720575940630771449,720575940611160930,50,set_3
720575940630771449,720575940611812050,12,set_3
720575940630771449,720575940612208858,9,set_3
720575940630771449,720575940612470755,5,set_3
720575940630771449,720575940613670893,11,set_3
720575940630771449,720575940613687789,10,set_3
720575940630771449,720575940614998166,9,set_3
720575940630771449,720575940615811670,42,set_3
720575940630771449,720575940616018956,21,set_3
720575940630771449,720575940616200790,13,set_3
720575940630771449,720575940617488477,35,set_3
720575940630771449,720575940617835313,6,set_3
720575940630771449,720575940619847371,7,set_3
720575940630771449,720575940620031366,16,set_3
720575940630771449,720575940620274085,44,set_3
720575940630771449,720575940620467115,7,set_3
720575940630771449,720575940620593243,6,set_3
720575940630771449,720575940620874757,14,set_3
720575940630771449,720575940621116073,25,set_3
720575940630771449,720575940621150191,11,set_3
720575940630771449,720575940621667693,29,set_3
720575940630771449,720575940621957381,7,set_3
720575940630771449,720575940623164941,7,set_3
720575940630771449,720575940623192781,15,set_3
720575940630771449,720575940623224555,9,set_3
720575940630771449,720575940623718380,21,set_3
720575940630771449,720575940623737525,11,set_3
720575940630771449,720575940623847181,10,set_3
720575940630771449,720575940625164558,9,set_3
720575940630771449,720575940625716357,8,set_3
720575940630771449,720575940626279742,11,set_3
720575940630771449,720575940627359228,8,set_3
720575940630771449,720575940628815381,8,set_3
720575940630771449,720575940629266988,21,set_3
720575940630771449,720575940629764906,8,set_3
720575940630771449,720575940629773276,7,set_3
720575940630771449,720575940629888530,9,set_3
720575940630771449,720575940630159616,15,set_3
720575940630771449,720575940630461660,65,set_3
720575940630771449,720575940630665210,19,set_3
720575940630771449,720575940630720763,12,set_3
720575940630771449,720575940630980559,49,set_3
720575940630771449,720575940631787693,8,set_3
720575940630771449,720575940631918649,70,set_3
720575940630771449,720575940631997032,51,set_3
720575940630771449,720575940632873261,16,set_3
720575940630771449,720575940633065901,14,set_3
720575940630771449,720575940633824864,5,set_3
720575940630771449,720575940635166571,7,set_3
720575940630771449,720575940635527322,28,set_3
720575940630771449,720575940636675214,5,set_3
720575940630771449,720575940638024794,18,set_3
720575940630771449,720575940638103349,46,set_3
720575940630771449,720575940639068605,9,set_3
720575940630771449,720575940640162944,14,set_3
720575940630771449,720575940644666148,18,set_3
720575940630771449,720575940647030324,150,set_3
720575940630771449,720575940648864633,7,set_3
720575940630773495,720575940607162754,25,set_3
720575940630773495,720575940610482883,5,set_3
720575940630773495,720575940611167842,48,set_3
720575940630773495,720575940615671106,23,set_3
720575940630773495,720575940618238523,29,set_3
720575940630773495,720575940618600246,10,set_3
720575940630773495,720575940619176094,6,set_3
720575940630773495,720575940619682368,31,set_3
720575940630773495,720575940619877396,9,set_3
720575940630773495,720575940620497062,20,set_3
720575940630773495,720575940621586854,18,set_3
720575940630773495,720575940623164941,22,set_3
720575940630773495,720575940625164176,6,set_3
720575940630773495,720575940626626597,13,set_3
720575940630773495,720575940627847752,5,set_3
720575940630773495,720575940628780309,7,set_3
720575940630773495,720575940630461404,5,set_3
720575940630773495,720575940630691958,101,set_3
720575940630773495,720575940632047890,28,set_3
720575940630773495,720575940632252743,98,set_3
720575940630773495,720575940632752723,21,set_3
720575940630773495,720575940633185567,16,set_3
720575940630773495,720575940633316307,7,set_3
720575940630773495,720575940636552805,7,set_3
720575940630806267,720575940610173048,12,set_3
720575940630806267,720575940616497477,10,set_3
720575940630806267,720575940618165019,180,set_3
720575940630806267,720575940622026245,10,set_3
720575940630806267,720575940623004552,14,set_3
720575940630806267,720575940623133223,50,set_3
720575940630806267,720575940625045180,88,set_3
720575940630806267,720575940625874992,22,set_3
720575940630806267,720575940628743752,10,set_3
720575940630806267,720575940630868793,186,set_3
720575940631108303,720575940605890784,60,set_3
720575940631108303,720575940609915204,12,set_3
720575940631108303,720575940613929391,38,set_3
720575940631108303,720575940616164658,30,set_3
720575940631108303,720575940617494877,118,set_3
720575940631108303,720575940617629841,10,set_3
720575940631108303,720575940618028125,20,set_3
720575940631108303,720575940619176094,20,set_3
720575940631108303,720575940619973712,22,set_3
720575940631108303,720575940620359956,44,set_3
720575940631108303,720575940620687707,66,set_3
720575940631108303,720575940621329328,20,set_3
720575940631108303,720575940621833281,82,set_3
720575940631108303,720575940622452715,42,set_3
720575940631108303,720575940622933765,12,set_3
720575940631108303,720575940623164941,22,set_3
720575940631108303,720575940623379750,30,set_3
720575940631108303,720575940623676394,72,set_3
720575940631108303,720575940626075517,30,set_3
720575940631108303,720575940626826288,36,set_3
720575940631108303,720575940626961241,16,set_3
720575940631108303,720575940627062088,10,set_3
720575940631108303,720575940627293540,30,set_3
720575940631108303,720575940627812168,22,set_3
720575940631108303,720575940628659049,10,set_3
720575940631108303,720575940628780309,58,set_3
720575940631108303,720575940628995331,170,set_3
720575940631108303,720575940628995587,80,set_3
720575940631108303,720575940630839371,38,set_3
720575940631108303,720575940630964188,10,set_3
720575940631108303,720575940631280721,38,set_3
720575940631108303,720575940631288850,64,set_3
720575940631108303,720575940631994728,32,set_3
720575940631108303,720575940632134227,12,set_3
720575940631108303,720575940632252743,92,set_3
720575940631108303,720575940632752723,38,set_3
720575940631108303,720575940633185567,10,set_3
720575940631108303,720575940633277209,20,set_3
720575940631108303,720575940634825623,12,set_3
720575940631108303,720575940636346487,106,set_3
720575940631108303,720575940636649061,36,set_3
720575940631108303,720575940637360730,18,set_3
720575940631108303,720575940637578853,22,set_3
720575940631108303,720575940637656286,110,set_3
720575940631108303,720575940639206077,30,set_3
720575940631108303,720575940639994456,78,set_3
720575940631108303,720575940641655949,48,set_3
720575940631108303,720575940647010356,46,set_3
720575940631108303,720575940648180868,12,set_3
720575940631108303,720575940655015329,34,set_3
720575940631179831,720575940612423922,30,set_3
720575940631179831,720575940616196539,25,set_3
720575940631179831,720575940618165019,30,set_3
720575940631179831,720575940620217582,30,set_3
720575940631179831,720575940621047632,40,set_3
720575940631179831,720575940623676394,95,set_3
720575940631179831,720575940625045180,80,set_3
720575940631179831,720575940625874992,125,set_3
720575940631179831,720575940626583836,25,set_3
720575940631179831,720575940628780309,75,set_3
720575940631179831,720575940630589036,110,set_3
720575940631179831,720575940644672548,40,set_3
720575940631299090,720575940607345586,240,set_3
720575940631299090,720575940609133269,380,set_3
720575940631299090,720575940616018956,70,set_3
720575940631299090,720575940622074206,160,set_3
720575940631299090,720575940623132621,90,set_3
720575940631299090,720575940626826288,150,set_3
720575940631299090,720575940626939737,240,set_3
720575940631299090,720575940626960536,2380,set_3
720575940631299090,720575940627062088,110,set_3
720575940631299090,720575940627739023,50,set_3
720575940631299090,720575940630589036,160,set_3
720575940631299090,720575940631939415,70,set_3
720575940631299090,720575940632281927,120,set_3
720575940631299090,720575940639206077,100,set_3
720575940631299090,720575940661338497,220,set_3
720575940631319311,720575940608188427,12,set_3
720575940631319311,720575940608451420,5,set_3
720575940631319311,720575940610679876,23,set_3
720575940631319311,720575940611167842,122,set_3
720575940631319311,720575940611531986,6,set_3
720575940631319311,720575940611813842,45,set_3
720575940631319311,720575940612443890,12,set_3
720575940631319311,720575940613408552,9,set_3
720575940631319311,720575940613935535,14,set_3
720575940631319311,720575940615500030,29,set_3
720575940631319311,720575940615970015,33,set_3
720575940631319311,720575940616286175,9,set_3
720575940631319311,720575940616340639,27,set_3
720575940631319311,720575940617853730,30,set_3
720575940631319311,720575940618273241,5,set_3
720575940631319311,720575940618514043,7,set_3
720575940631319311,720575940618726171,8,set_3
720575940631319311,720575940619682368,76,set_3
720575940631319311,720575940620082512,7,set_3
720575940631319311,720575940620298772,39,set_3
720575940631319311,720575940621065301,13,set_3
720575940631319311,720575940621538142,7,set_3
720575940631319311,720575940622010373,8,set_3
720575940631319311,720575940622195625,30,set_3
720575940631319311,720575940622518092,8,set_3
720575940631319311,720575940623164685,77,set_3
720575940631319311,720575940623355114,6,set_3
720575940631319311,720575940623379750,10,set_3
720575940631319311,720575940624231143,12,set_3
720575940631319311,720575940624394498,6,set_3
720575940631319311,720575940624967463,9,set_3
720575940631319311,720575940625164176,50,set_3
720575940631319311,720575940625502666,9,set_3
720575940631319311,720575940626528252,47,set_3
720575940631319311,720575940626890852,23,set_3
720575940631319311,720575940627062088,7,set_3
720575940631319311,720575940627293540,23,set_3
720575940631319311,720575940628102652,13,set_3
720575940631319311,720575940628360723,10,set_3
720575940631319311,720575940628826128,32,set_3
720575940631319311,720575940628881576,5,set_3
720575940631319311,720575940628998659,27,set_3
720575940631319311,720575940629304702,10,set_3
720575940631319311,720575940630580854,8,set_3
720575940631319311,720575940630691958,37,set_3
720575940631319311,720575940630808591,12,set_3
720575940631319311,720575940630839371,28,set_3
720575940631319311,720575940630964188,5,set_3
720575940631319311,720575940631293202,8,set_3
720575940631319311,720575940631328763,50,set_3
720575940631319311,720575940631340815,18,set_3
720575940631319311,720575940632134227,7,set_3
720575940631319311,720575940632252743,5,set_3
720575940631319311,720575940632486969,165,set_3
720575940631319311,720575940637607646,11,set_3
720575940631319311,720575940639726141,30,set_3
720575940631319311,720575940641832333,5,set_3
720575940631319311,720575940642884000,10,set_3
720575940631319311,720575940647010356,27,set_3
720575940631319311,720575940647474979,11,set_3
720575940631319311,720575940647586948,30,set_3
720575940631319311,720575940648188548,5,set_3
720575940631319311,720575940660233601,11,set_3
720575940631365340,720575940605890784,56,set_3
720575940631365340,720575940612354034,14,set_3
720575940631365340,720575940612357618,24,set_3
720575940631365340,720575940616164658,10,set_3
720575940631365340,720575940617031385,30,set_3
720575940631365340,720575940617494877,30,set_3
720575940631365340,720575940618165019,42,set_3
720575940631365340,720575940618539810,154,set_3
720575940631365340,720575940620274085,12,set_3
720575940631365340,720575940621771041,24,set_3
720575940631365340,720575940621827419,14,set_3
720575940631365340,720575940622026245,48,set_3
720575940631365340,720575940623132621,14,set_3
720575940631365340,720575940624906483,14,set_3
720575940631365340,720575940625045180,38,set_3
720575940631365340,720575940626960536,12,set_3
720575940631365340,720575940628743752,20,set_3
720575940631365340,720575940628780309,10,set_3
720575940631365340,720575940628995331,14,set_3
720575940631365340,720575940630233404,184,set_3
720575940631365340,720575940630868793,56,set_3
720575940631365340,720575940631918649,14,set_3
720575940631365340,720575940631939432,12,set_3
720575940631365340,720575940631989352,14,set_3
720575940631365340,720575940631994728,44,set_3
720575940631365340,720575940632030008,10,set_3
720575940631365340,720575940636346487,12,set_3
720575940631365340,720575940636649061,12,set_3
720575940631365340,720575940637656286,22,set_3
720575940631365340,720575940647060532,14,set_3
720575940631366061,720575940604308401,5,set_3
720575940631366061,720575940608883780,10,set_3
720575940631366061,720575940608884693,5,set_3
720575940631366061,720575940609719250,5,set_3
720575940631366061,720575940611780648,5,set_3
720575940631366061,720575940614388447,6,set_3
720575940631366061,720575940619695750,6,set_3
720575940631366061,720575940620610881,7,set_3
720575940631366061,720575940622129321,13,set_3
720575940631366061,720575940622779263,8,set_3
720575940631366061,720575940625310014,7,set_3
720575940631366061,720575940629701451,9,set_3
720575940631366061,720575940629783158,10,set_3
720575940631366061,720575940629933559,9,set_3
720575940631366061,720575940630564712,15,set_3
720575940631366061,720575940630644807,5,set_3
720575940631366061,720575940631319371,6,set_3
720575940631366061,720575940631783507,11,set_3
720575940631366061,720575940632501668,9,set_3
720575940631366061,720575940632588748,6,set_3
720575940631366061,720575940634702967,11,set_3
720575940631366061,720575940638412928,6,set_3
720575940631366061,720575940640073600,9,set_3
720575940631366061,720575940640258101,17,set_3
720575940631999080,720575940611167842,42,set_3
720575940631999080,720575940616848214,144,set_3
720575940631999080,720575940617799253,15,set_3
720575940631999080,720575940618165019,279,set_3
720575940631999080,720575940621047632,21,set_3
720575940631999080,720575940621833281,18,set_3
720575940631999080,720575940622195625,24,set_3
720575940631999080,720575940623133223,30,set_3
720575940631999080,720575940623676394,48,set_3
720575940631999080,720575940625045180,102,set_3
720575940631999080,720575940625874992,201,set_3
720575940631999080,720575940626960536,147,set_3
720575940631999080,720575940627739023,120,set_3
720575940631999080,720575940630868793,282,set_3
720575940631999080,720575940638684248,21,set_3
720575940631999080,720575940639994456,60,set_3
720575940632028216,720575940609133269,45,set_3
720575940632028216,720575940612354034,21,set_3
720575940632028216,720575940618539810,129,set_3
720575940632028216,720575940622452715,96,set_3
720575940632028216,720575940623132621,294,set_3
720575940632028216,720575940627107721,42,set_3
720575940632028216,720575940630181852,18,set_3
720575940632028216,720575940630233404,153,set_3
720575940632028216,720575940631939432,21,set_3
720575940632028216,720575940631989352,18,set_3
720575940632028216,720575940632281927,78,set_3
720575940632028216,720575940634210155,138,set_3
720575940632028216,720575940644653348,30,set_3
720575940632028216,720575940655015329,33,set_3
720575940632028216,720575940661338497,117,set_3
720575940632118156,720575940613004402,20,set_3
720575940632118156,720575940618165019,1312,set_3
720575940632118156,720575940620025620,116,set_3
720575940632118156,720575940625045180,468,set_3
720575940632118156,720575940625874992,620,set_3
720575940632118156,720575940628743752,296,set_3
720575940632118156,720575940630868793,1188,set_3
720575940632118156,720575940661338497,20,set_3
720575940632274914,720575940606239666,30,set_3
720575940632274914,720575940612910503,18,set_3
720575940632274914,720575940624928284,32,set_3
720575940632274914,720575940626767152,26,set_3
720575940632274914,720575940629422183,20,set_3
720575940632274914,720575940630589036,14,set_3
720575940632274914,720575940630867148,22,set_3
720575940632274914,720575940632341452,10,set_3
720575940632274914,720575940634085786,46,set_3
720575940632274914,720575940634090777,42,set_3
720575940632274914,720575940644676900,40,set_3
720575940632274914,720575940645108936,42,set_3
720575940632304711,720575940611167842,22,set_3
720575940632304711,720575940612019569,16,set_3
720575940632304711,720575940612910503,10,set_3
720575940632304711,720575940616848214,50,set_3
720575940632304711,720575940617799253,10,set_3
720575940632304711,720575940618165019,138,set_3
720575940632304711,720575940621047632,12,set_3
720575940632304711,720575940622195625,10,set_3
720575940632304711,720575940622863287,14,set_3
720575940632304711,720575940623133223,24,set_3
720575940632304711,720575940623676394,24,set_3
720575940632304711,720575940625045180,84,set_3
720575940632304711,720575940625874992,56,set_3
720575940632304711,720575940626960536,114,set_3
720575940632304711,720575940627739023,56,set_3
720575940632304711,720575940630868793,158,set_3
720575940632304711,720575940637184326,12,set_3
720575940632304711,720575940638684248,14,set_3
720575940632304711,720575940639994456,10,set_3
720575940632602532,720575940605890784,81,set_3
720575940632602532,720575940609133269,135,set_3
720575940632602532,720575940610524339,45,set_3
720575940632602532,720575940612289010,504,set_3
720575940632602532,720575940612554393,72,set_3
720575940632602532,720575940612952557,441,set_3
720575940632602532,720575940613670893,63,set_3
720575940632602532,720575940614099818,63,set_3
720575940632602532,720575940614950194,72,set_3
720575940632602532,720575940614965691,153,set_3
720575940632602532,720575940615742353,45,set_3
720575940632602532,720575940616018956,342,set_3
720575940632602532,720575940616848214,54,set_3
720575940632602532,720575940616921152,63,set_3
720575940632602532,720575940617494877,315,set_3
720575940632602532,720575940617629841,63,set_3
720575940632602532,720575940618165019,63,set_3
720575940632602532,720575940618165787,63,set_3
720575940632602532,720575940618539810,45,set_3
720575940632602532,720575940619453831,108,set_3
720575940632602532,720575940619473624,81,set_3
720575940632602532,720575940619973712,117,set_3
720575940632602532,720575940620274085,81,set_3
720575940632602532,720575940620780272,81,set_3
720575940632602532,720575940621047632,45,set_3
720575940632602532,720575940621332092,72,set_3
720575940632602532,720575940623535044,45,set_3
720575940632602532,720575940624530372,99,set_3
720575940632602532,720575940624623287,243,set_3
720575940632602532,720575940624906483,108,set_3
720575940632602532,720575940625045180,1449,set_3
720575940632602532,720575940625874992,531,set_3
720575940632602532,720575940626337479,63,set_3
720575940632602532,720575940626434822,81,set_3
720575940632602532,720575940626835146,45,set_3
720575940632602532,720575940626974737,81,set_3
720575940632602532,720575940626999464,405,set_3
720575940632602532,720575940627113544,117,set_3
720575940632602532,720575940627371834,45,set_3
720575940632602532,720575940627704392,171,set_3
720575940632602532,720575940628096586,45,set_3
720575940632602532,720575940628209152,45,set_3
720575940632602532,720575940628971779,63,set_3
720575940632602532,720575940628995331,468,set_3
720575940632602532,720575940629839947,99,set_3
720575940632602532,720575940630034231,477,set_3
720575940632602532,720575940630579574,117,set_3
720575940632602532,720575940631394920,45,set_3
720575940632602532,720575940631703608,135,set_3
720575940632602532,720575940631901409,72,set_3
720575940632602532,720575940631918649,54,set_3
720575940632602532,720575940631994728,180,set_3
720575940632602532,720575940633017903,45,set_3
720575940632602532,720575940633277209,54,set_3
720575940632602532,720575940633919992,63,set_3
720575940632602532,720575940635501560,117,set_3
720575940632602532,720575940635696279,450,set_3
720575940632602532,720575940636346487,423,set_3
720575940632602532,720575940637656286,198,set_3
720575940632602532,720575940639786915,666,set_3
720575940632602532,720575940646274670,189,set_3
720575940632602532,720575940652580086,108,set_3
720575940632602532,720575940660223873,666,set_3
720575940632640287,720575940607193986,15,set_3
720575940632640287,720575940609133269,11,set_3
720575940632640287,720575940611160930,6,set_3
720575940632640287,720575940612354034,6,set_3
720575940632640287,720575940612357618,20,set_3
720575940632640287,720575940612470755,5,set_3
720575940632640287,720575940614386070,35,set_3
720575940632640287,720575940614660519,6,set_3
720575940632640287,720575940616018956,10,set_3
720575940632640287,720575940616298171,5,set_3
720575940632640287,720575940616864217,16,set_3
720575940632640287,720575940617494877,18,set_3
720575940632640287,720575940617629841,9,set_3
720575940632640287,720575940618539810,16,set_3
720575940632640287,720575940618696989,5,set_3
720575940632640287,720575940620274085,11,set_3
720575940632640287,720575940621047632,21,set_3
720575940632640287,720575940621586854,51,set_3
720575940632640287,720575940622026245,49,set_3
720575940632640287,720575940623008659,5,set_3
720575940632640287,720575940623381286,10,set_3
720575940632640287,720575940625612474,50,set_3
720575940632640287,720575940625737776,6,set_3
720575940632640287,720575940626075517,5,set_3
720575940632640287,720575940626094350,23,set_3
720575940632640287,720575940626099214,10,set_3
720575940632640287,720575940627086594,9,set_3
720575940632640287,720575940627847752,5,set_3
720575940632640287,720575940628755815,11,set_3
720575940632640287,720575940628780309,117,set_3
720575940632640287,720575940628815381,5,set_3
720575940632640287,720575940628995331,25,set_3
720575940632640287,720575940628997123,28,set_3
720575940632640287,720575940629561347,9,set_3
720575940632640287,720575940629792060,10,set_3
720575940632640287,720575940629810748,13,set_3
720575940632640287,720575940630233404,12,set_3
720575940632640287,720575940630865724,53,set_3
720575940632640287,720575940631939432,13,set_3
720575940632640287,720575940631989352,23,set_3
720575940632640287,720575940632047890,12,set_3
720575940632640287,720575940632134227,36,set_3
720575940632640287,720575940633185567,69,set_3
720575940632640287,720575940633772257,5,set_3
720575940632640287,720575940634825623,6,set_3
720575940632640287,720575940635527322,8,set_3
720575940632640287,720575940636346487,22,set_3
720575940632640287,720575940637360730,44,set_3
720575940632640287,720575940637656286,21,set_3
720575940632640287,720575940638024794,10,set_3
720575940632727756,720575940618165019,1330,set_3
720575940632727756,720575940620025620,609,set_3
720575940632727756,720575940620129182,35,set_3
720575940632727756,720575940622026245,42,set_3
720575940632727756,720575940622074206,182,set_3
720575940632727756,720575940625045180,70,set_3
720575940632727756,720575940625874992,133,set_3
720575940632727756,720575940628743752,714,set_3
720575940632727756,720575940628780309,126,set_3
720575940632727756,720575940630868793,1288,set_3
720575940632727756,720575940636541285,112,set_3
720575940632727756,720575940661338497,56,set_3
720575940632839763,720575940607272649,18,set_3
720575940632839763,720575940609407939,68,set_3
720575940632839763,720575940610482883,38,set_3
720575940632839763,720575940611436408,28,set_3
720575940632839763,720575940611939290,22,set_3
720575940632839763,720575940613347299,102,set_3
720575940632839763,720575940615671106,134,set_3
720575940632839763,720575940616018956,32,set_3
720575940632839763,720575940617629841,26,set_3
720575940632839763,720575940619877396,104,set_3
720575940632839763,720575940619973712,14,set_3
720575940632839763,720575940620274085,156,set_3
720575940632839763,720575940621573030,52,set_3
720575940632839763,720575940621833281,24,set_3
720575940632839763,720575940622235425,32,set_3
720575940632839763,720575940623211725,20,set_3
720575940632839763,720575940624623287,32,set_3
720575940632839763,720575940624906483,54,set_3
720575940632839763,720575940626099214,32,set_3
720575940632839763,720575940626399588,32,set_3
720575940632839763,720575940626919144,10,set_3
720575940632839763,720575940626960536,16,set_3
720575940632839763,720575940627847752,64,set_3
720575940632839763,720575940631662648,52,set_3
720575940632839763,720575940631703608,14,set_3
720575940632839763,720575940631918649,164,set_3
720575940632839763,720575940631959097,24,set_3
720575940632839763,720575940631987364,34,set_3
720575940632839763,720575940632659404,36,set_3
720575940632839763,720575940633277209,26,set_3
720575940632839763,720575940635596212,42,set_3
720575940632839763,720575940637578853,26,set_3
720575940632839763,720575940638024794,12,set_3
720575940632839763,720575940644653348,18,set_3
720575940633213792,720575940613004402,24,set_3
720575940633213792,720575940618539810,24,set_3
720575940633213792,720575940623164685,36,set_3
720575940633213792,720575940623535044,24,set_3
720575940633213792,720575940628743752,120,set_3
720575940633213792,720575940632047890,20,set_3
720575940633213792,720575940632252743,28,set_3
720575940633213792,720575940632281927,24,set_3
720575940633213792,720575940634093337,32,set_3
720575940633213792,720575940638024794,80,set_3
720575940633213792,720575940661338497,36,set_3
720575940633315921,720575940609915204,12,set_3
720575940633315921,720575940611167842,12,set_3
720575940633315921,720575940612572723,16,set_3
720575940633315921,720575940614165201,42,set_3
720575940633315921,720575940616353675,14,set_3
720575940633315921,720575940620274085,46,set_3
720575940633315921,720575940621181066,12,set_3
720575940633315921,720575940622624214,12,set_3
720575940633315921,720575940622933765,18,set_3
720575940633315921,720575940623390246,16,set_3
720575940633315921,720575940623535044,12,set_3
720575940633315921,720575940623993015,12,set_3
720575940633315921,720575940624966840,28,set_3
720575940633315921,720575940624991495,28,set_3
720575940633315921,720575940626939737,22,set_3
720575940633315921,720575940627062088,32,set_3
720575940633315921,720575940627083294,10,set_3
720575940633315921,720575940628445169,12,set_3
720575940633315921,720575940628659049,38,set_3
720575940633315921,720575940629422183,10,set_3
720575940633315921,720575940630119532,14,set_3
720575940633315921,720575940630122796,26,set_3
720575940633315921,720575940630580854,62,set_3
720575940633315921,720575940630640804,12,set_3
720575940633315921,720575940631918649,40,set_3
720575940633315921,720575940632835155,36,set_3
720575940633315921,720575940633316307,16,set_3
720575940633315921,720575940636809646,24,set_3
720575940633315921,720575940644659236,34,set_3
720575940633315921,720575940645528430,46,set_3
720575940633315921,720575940647474979,38,set_3
720575940633373651,720575940615505406,84,set_3
720575940633373651,720575940618539810,896,set_3
720575940633373651,720575940621047632,133,set_3
720575940633373651,720575940621573030,112,set_3
720575940633373651,720575940622026245,308,set_3
720575940633373651,720575940622452715,35,set_3
720575940633373651,720575940625045180,147,set_3
720575940633373651,720575940630233404,861,set_3
720575940633373651,720575940632281927,140,set_3
720575940633373651,720575940633772257,952,set_3
720575940633373651,720575940635527322,959,set_3
720575940633373651,720575940646274670,56,set_3
720575940633373651,720575940661338497,182,set_3
720575940633762714,720575940607272649,231,set_3
720575940633762714,720575940608498780,66,set_3
720575940633762714,720575940610677828,15,set_3
720575940633762714,720575940612354034,57,set_3
720575940633762714,720575940612357618,24,set_3
720575940633762714,720575940612558061,18,set_3
720575940633762714,720575940613347299,21,set_3
720575940633762714,720575940614734754,36,set_3
720575940633762714,720575940615153494,27,set_3
720575940633762714,720575940615671106,45,set_3
720575940633762714,720575940616038294,24,set_3
720575940633762714,720575940618514043,15,set_3
720575940633762714,720575940619173534,66,set_3
720575940633762714,720575940619877396,66,set_3
720575940633762714,720575940620274085,27,set_3
720575940633762714,720575940620805046,81,set_3
720575940633762714,720575940622026245,36,set_3
720575940633762714,720575940622195625,72,set_3
720575940633762714,720575940623164685,21,set_3
720575940633762714,720575940626094350,69,set_3
720575940633762714,720575940627107721,267,set_3
720575940633762714,720575940627410451,21,set_3
720575940633762714,720575940628997123,120,set_3
720575940633762714,720575940631918649,42,set_3
720575940633762714,720575940633218444,48,set_3
720575940633762714,720575940633772257,18,set_3
720575940633762714,720575940634825623,21,set_3
720575940633762714,720575940635527322,105,set_3
720575940633762714,720575940635596212,15,set_3
720575940633762714,720575940636649061,15,set_3
720575940633762714,720575940636685454,69,set_3
720575940633762714,720575940644726432,36,set_3
720575940633762714,720575940645697828,45,set_3
720575940633762714,720575940649829241,33,set_3
720575940633941293,720575940605707710,18,set_3
720575940633941293,720575940607386290,15,set_3
720575940633941293,720575940610001220,72,set_3
720575940633941293,720575940610232274,147,set_3
720575940633941293,720575940611858906,48,set_3
720575940633941293,720575940611988197,108,set_3
720575940633941293,720575940612277090,24,set_3
720575940633941293,720575940612289010,24,set_3
720575940633941293,720575940612423922,81,set_3
720575940633941293,720575940612554393,42,set_3
720575940633941293,720575940612692889,15,set_3
720575940633941293,720575940613170385,24,set_3
720575940633941293,720575940613670893,48,set_3
720575940633941293,720575940615052812,51,set_3
720575940633941293,720575940615083439,27,set_3
720575940633941293,720575940615742353,36,set_3
720575940633941293,720575940616328705,21,set_3
720575940633941293,720575940617593233,30,set_3
720575940633941293,720575940618859480,51,set_3
720575940633941293,720575940619176094,63,set_3
720575940633941293,720575940620177543,48,set_3
720575940633941293,720575940620751231,15,set_3
720575940633941293,720575940621218694,18,set_3
720575940633941293,720575940621332092,150,set_3
720575940633941293,720575940621651327,33,set_3
720575940633941293,720575940622624214,18,set_3
720575940633941293,720575940623164941,33,set_3
720575940633941293,720575940623476407,21,set_3
720575940633941293,720575940624310857,27,set_3
720575940633941293,720575940624600840,27,set_3
720575940633941293,720575940624623287,15,set_3
720575940633941293,720575940625047484,18,set_3
720575940633941293,720575940625874992,18,set_3
720575940633941293,720575940625967132,81,set_3
720575940633941293,720575940626572802,27,set_3
720575940633941293,720575940626835146,42,set_3
720575940633941293,720575940627113544,60,set_3
720575940633941293,720575940627814728,84,set_3
720575940633941293,720575940627847752,39,set_3
720575940633941293,720575940628028163,114,set_3
720575940633941293,720575940628755815,108,set_3
720575940633941293,720575940628780309,18,set_3
720575940633941293,720575940628802069,105,set_3
720575940633941293,720575940629081849,42,set_3
720575940633941293,720575940629839947,21,set_3
720575940633941293,720575940630579574,24,set_3
720575940633941293,720575940630664556,48,set_3
720575940633941293,720575940631056185,15,set_3
720575940633941293,720575940631092943,18,set_3
720575940633941293,720575940631168057,84,set_3
720575940633941293,720575940631299602,15,set_3
720575940633941293,720575940631406411,18,set_3
720575940633941293,720575940631703608,180,set_3
720575940633941293,720575940631997032,144,set_3
720575940633941293,720575940632587932,111,set_3
720575940633941293,720575940632659404,132,set_3
720575940633941293,720575940633316563,54,set_3
720575940633941293,720575940634527840,33,set_3
720575940633941293,720575940635596468,36,set_3
720575940633941293,720575940636345463,27,set_3
720575940633941293,720575940636390542,18,set_3
720575940633941293,720575940636828334,81,set_3
720575940633941293,720575940637144944,567,set_3
720575940633941293,720575940637216624,75,set_3
720575940633941293,720575940638103349,45,set_3
720575940633941293,720575940639785379,15,set_3
720575940633941293,720575940642399648,75,set_3
720575940633941293,720575940648864633,18,set_3
720575940633941293,720575940655011489,87,set_3
720575940633941293,720575940660223873,369,set_3
720575940634105439,720575940611496165,10,set_3
720575940634105439,720575940614165201,22,set_3
720575940634105439,720575940616018956,10,set_3
720575940634105439,720575940618165787,16,set_3
720575940634105439,720575940618859480,14,set_3
720575940634105439,720575940620129182,28,set_3
720575940634105439,720575940620497062,18,set_3
720575940634105439,720575940620741102,24,set_3
720575940634105439,720575940621329328,20,set_3
720575940634105439,720575940622021637,24,set_3
720575940634105439,720575940623535044,64,set_3
720575940634105439,720575940626073637,54,set_3
720575940634105439,720575940626092302,12,set_3
720575940634105439,720575940627371834,10,set_3
720575940634105439,720575940627828552,38,set_3
720575940634105439,720575940628125715,38,set_3
720575940634105439,720575940628669545,14,set_3
720575940634105439,720575940629412682,10,set_3
720575940634105439,720575940629806974,10,set_3
720575940634105439,720575940630159616,16,set_3
720575940634105439,720575940632365905,10,set_3
720575940634105439,720575940632407826,12,set_3
720575940634105439,720575940633198284,18,set_3
720575940634105439,720575940633316307,88,set_3
720575940634105439,720575940636541285,64,set_3
720575940634105439,720575940636552805,84,set_3
720575940634105439,720575940639206077,10,set_3
720575940634105439,720575940644659236,50,set_3
720575940634105439,720575940644666148,10,set_3
720575940634105439,720575940647060532,12,set_3
720575940634645600,720575940613004402,56,set_3
720575940634645600,720575940618165019,1444,set_3
720575940634645600,720575940620025620,96,set_3
720575940634645600,720575940625045180,544,set_3
720575940634645600,720575940625874992,616,set_3
720575940634645600,720575940628743752,388,set_3
720575940634645600,720575940630868793,1244,set_3
720575940635202155,720575940605890784,132,set_3
720575940635202155,720575940607162754,836,set_3
720575940635202155,720575940612208858,880,set_3
720575940635202155,720575940615292895,132,set_3
720575940635202155,720575940616018956,132,set_3
720575940635202155,720575940617568697,264,set_3
720575940635202155,720575940618165787,132,set_3
720575940635202155,720575940620129182,242,set_3
720575940635202155,720575940620135645,286,set_3
720575940635202155,720575940620819659,132,set_3
720575940635202155,720575940621047632,308,set_3
720575940635202155,720575940621329328,1430,set_3
720575940635202155,720575940621667693,154,set_3
720575940635202155,720575940621833281,946,set_3
720575940635202155,720575940622154266,484,set_3
720575940635202155,720575940622632084,110,set_3
720575940635202155,720575940623133223,110,set_3
720575940635202155,720575940623535044,1078,set_3
720575940635202155,720575940624600840,462,set_3
720575940635202155,720575940626075517,176,set_3
720575940635202155,720575940626668218,154,set_3
720575940635202155,720575940626960536,462,set_3
720575940635202155,720575940627704392,132,set_3
720575940635202155,720575940627829064,374,set_3
720575940635202155,720575940628815381,1078,set_3
720575940635202155,720575940628885160,176,set_3
720575940635202155,720575940630579574,220,set_3
720575940635202155,720575940630665210,110,set_3
720575940635202155,720575940630691958,1100,set_3
720575940635202155,720575940630775801,506,set_3
720575940635202155,720575940631092943,286,set_3
720575940635202155,720575940631939415,286,set_3
720575940635202155,720575940631994728,132,set_3
720575940635202155,720575940632029496,264,set_3
720575940635202155,720575940632134227,220,set_3
720575940635202155,720575940632281927,286,set_3
720575940635202155,720575940632524559,110,set_3
720575940635202155,720575940633195148,198,set_3
720575940635202155,720575940633198284,154,set_3
720575940635202155,720575940633772257,726,set_3
720575940635202155,720575940635527322,308,set_3
720575940635202155,720575940636541285,814,set_3
720575940635202155,720575940637360730,770,set_3
720575940635202155,720575940638024794,330,set_3
720575940635202155,720575940639206077,484,set_3
720575940635202155,720575940644659236,198,set_3
720575940635202155,720575940661338497,286,set_3
720575940635212143,720575940618877531,28,set_3
720575940635212143,720575940620741102,20,set_3
720575940635212143,720575940620819659,24,set_3
720575940635212143,720575940623132621,20,set_3
720575940635212143,720575940626798736,160,set_3
720575940635212143,720575940626919144,44,set_3
720575940635212143,720575940626939737,32,set_3
720575940635212143,720575940626960536,64,set_3
720575940635212143,720575940629422183,32,set_3
720575940635212143,720575940634093337,28,set_3
720575940635212143,720575940635610548,80,set_3
720575940635239672,720575940613747734,198,set_3
720575940635239672,720575940618216862,88,set_3
720575940635239672,720575940620506996,198,set_3
720575940635239672,720575940630981906,55,set_3
720575940635239672,720575940635527092,77,set_3
720575940635297911,720575940608239371,85,set_3
720575940635297911,720575940610079957,306,set_3
720575940635297911,720575940613426343,408,set_3
720575940635297911,720575940615245107,714,set_3
720575940635297911,720575940616018956,170,set_3
720575940635297911,720575940616921152,153,set_3
720575940635297911,720575940617799253,493,set_3
720575940635297911,720575940618165787,204,set_3
720575940635297911,720575940619900507,204,set_3
720575940635297911,720575940620025620,170,set_3
720575940635297911,720575940620933835,153,set_3
720575940635297911,720575940621329328,867,set_3
720575940635297911,720575940622466027,85,set_3
720575940635297911,720575940622657268,85,set_3
720575940635297911,720575940623535044,408,set_3
720575940635297911,720575940624222205,221,set_3
720575940635297911,720575940625454108,85,set_3
720575940635297911,720575940627275795,85,set_3
720575940635297911,720575940628743752,1156,set_3
720575940635297911,720575940628780309,391,set_3
720575940635297911,720575940629987587,272,set_3
720575940635297911,720575940631619948,119,set_3
720575940635297911,720575940635954879,510,set_3
720575940635297911,720575940636541285,1241,set_3
720575940635297911,720575940643703831,238,set_3
720575940635360924,720575940610173048,120,set_3
720575940635360924,720575940611885461,96,set_3
720575940635360924,720575940613004402,108,set_3
720575940635360924,720575940618165019,1824,set_3
720575940635360924,720575940618539810,192,set_3
720575940635360924,720575940620025620,108,set_3
720575940635360924,720575940622026245,60,set_3
720575940635360924,720575940623056422,72,set_3
720575940635360924,720575940625045180,348,set_3
720575940635360924,720575940625874992,132,set_3
720575940635360924,720575940627723657,192,set_3
720575940635360924,720575940630233404,192,set_3
720575940635360924,720575940630868793,1776,set_3
720575940635625367,720575940609133269,56,set_3
720575940635625367,720575940620025620,40,set_3
720575940635625367,720575940625867056,40,set_3
720575940635625367,720575940628743752,504,set_3
720575940635625367,720575940630589036,40,set_3
720575940635625367,720575940631111983,64,set_3
720575940635625367,720575940632281927,112,set_3
720575940635625367,720575940643823470,88,set_3
720575940635625367,720575940661338497,264,set_3
720575940635751269,720575940616018956,15,set_3
720575940635751269,720575940617853730,27,set_3
720575940635751269,720575940619990357,33,set_3
720575940635751269,720575940623390246,27,set_3
720575940635751269,720575940630839371,21,set_3
720575940635751269,720575940631092943,186,set_3
720575940635751269,720575940631349335,15,set_3
720575940635751269,720575940631787693,27,set_3
720575940635751269,720575940632134227,33,set_3
720575940635751269,720575940637360730,60,set_3
720575940635816926,720575940611018865,154,set_3
720575940635816926,720575940611715813,35,set_3
720575940635816926,720575940617854676,56,set_3
720575940635816926,720575940620780272,70,set_3
720575940635816926,720575940621256384,126,set_3
720575940635816926,720575940622688765,35,set_3
720575940635816926,720575940623449382,70,set_3
720575940635816926,720575940623675367,35,set_3
720575940635816926,720575940625172016,49,set_3
720575940635816926,720575940626809109,105,set_3
720575940635816926,720575940626983684,42,set_3
720575940635816926,720575940627254856,70,set_3
720575940635816926,720575940627312668,231,set_3
720575940635816926,720575940627443996,49,set_3
720575940635816926,720575940629954872,56,set_3
720575940635816926,720575940630661164,119,set_3
720575940635816926,720575940631643532,63,set_3
720575940635816926,720575940633711028,35,set_3
720575940635816926,720575940635229303,77,set_3
720575940635816926,720575940639512192,70,set_3
720575940635816926,720575940642910152,182,set_3
720575940635816926,720575940648708228,35,set_3
720575940636165624,720575940610173048,108,set_3
720575940636165624,720575940611885461,108,set_3
720575940636165624,720575940613004402,288,set_3
720575940636165624,720575940618165019,1968,set_3
720575940636165624,720575940618539810,264,set_3
720575940636165624,720575940620025620,60,set_3
720575940636165624,720575940625045180,132,set_3
720575940636165624,720575940625874992,384,set_3
720575940636165624,720575940627062088,60,set_3
720575940636165624,720575940627723657,72,set_3
720575940636165624,720575940628743752,72,set_3
720575940636165624,720575940628780309,96,set_3
720575940636165624,720575940630233404,216,set_3
720575940636165624,720575940630868793,1524,set_3
720575940636895406,720575940613747734,84,set_3
720575940636895406,720575940613944994,42,set_3
720575940636895406,720575940616071563,35,set_3
720575940636895406,720575940620506996,147,set_3
720575940636895406,720575940620833901,35,set_3
720575940636895406,720575940621345012,42,set_3
720575940636895406,720575940627463043,35,set_3
720575940636895406,720575940635527092,84,set_3
720575940637936710,720575940610079957,5,set_3
720575940637936710,720575940610594766,6,set_3
720575940637936710,720575940611211417,5,set_3
720575940637936710,720575940611388595,6,set_3
720575940637936710,720575940612289010,33,set_3
720575940637936710,720575940613356851,11,set_3
720575940637936710,720575940613747734,5,set_3
720575940637936710,720575940614753653,5,set_3
720575940637936710,720575940614950194,8,set_3
720575940637936710,720575940614965691,18,set_3
720575940637936710,720575940615244595,10,set_3
720575940637936710,720575940616896257,7,set_3
720575940637936710,720575940617668662,5,set_3
720575940637936710,720575940618165787,15,set_3
720575940637936710,720575940619042427,6,set_3
720575940637936710,720575940619128699,8,set_3
720575940637936710,720575940619453831,8,set_3
720575940637936710,720575940619900507,5,set_3
720575940637936710,720575940620008112,27,set_3
720575940637936710,720575940620025620,8,set_3
720575940637936710,720575940620129182,19,set_3
720575940637936710,720575940620203764,10,set_3
720575940637936710,720575940620506996,17,set_3
720575940637936710,720575940620553654,50,set_3
720575940637936710,720575940620866544,9,set_3
720575940637936710,720575940620983637,15,set_3
720575940637936710,720575940621126384,12,set_3
720575940637936710,720575940621329328,6,set_3
720575940637936710,720575940622123144,9,set_3
720575940637936710,720575940622144648,24,set_3
720575940637936710,720575940622657268,6,set_3
720575940637936710,720575940623056422,33,set_3
720575940637936710,720575940623097853,8,set_3
720575940637936710,720575940623535044,49,set_3
720575940637936710,720575940624016227,8,set_3
720575940637936710,720575940624040743,5,set_3
720575940637936710,720575940624528740,11,set_3
720575940637936710,720575940624554170,95,set_3
720575940637936710,720575940624608442,8,set_3
720575940637936710,720575940624865584,5,set_3
720575940637936710,720575940625045180,5,set_3
720575940637936710,720575940625799513,34,set_3
720575940637936710,720575940625874992,93,set_3
720575940637936710,720575940625941022,7,set_3
720575940637936710,720575940625972261,5,set_3
720575940637936710,720575940626197593,9,set_3
720575940637936710,720575940626376600,7,set_3
720575940637936710,720575940626456582,10,set_3
720575940637936710,720575940626619398,8,set_3
720575940637936710,720575940626826288,13,set_3
720575940637936710,720575940628149763,7,set_3
720575940637936710,720575940628209152,9,set_3
720575940637936710,720575940628659049,5,set_3
720575940637936710,720575940628781333,14,set_3
720575940637936710,720575940628866242,13,set_3
720575940637936710,720575940629595633,5,set_3
720575940637936710,720575940630034231,5,set_3
720575940637936710,720575940630772547,8,set_3
720575940637936710,720575940630995799,6,set_3
720575940637936710,720575940631070239,8,set_3
720575940637936710,720575940631092943,15,set_3
720575940637936710,720575940631111983,6,set_3
720575940637936710,720575940631572141,7,set_3
720575940637936710,720575940631901409,10,set_3
720575940637936710,720575940633571020,5,set_3
720575940637936710,720575940634659508,24,set_3
720575940637936710,720575940635322524,9,set_3
720575940637936710,720575940635501560,7,set_3
720575940637936710,720575940635696279,7,set_3
720575940637936710,720575940635861146,7,set_3
720575940637936710,720575940639786915,8,set_3
720575940637936710,720575940640681680,12,set_3
720575940637936710,720575940643325581,8,set_3
720575940637936710,720575940645524003,10,set_3
720575940637936710,720575940646156420,6,set_3
720575940637936710,720575940646274670,190,set_3
720575940637936710,720575940648804217,61,set_3
720575940637936710,720575940648864633,7,set_3
720575940638125887,720575940609915204,5,set_3
720575940638125887,720575940611167842,5,set_3
720575940638125887,720575940614165201,17,set_3
720575940638125887,720575940617552057,6,set_3
720575940638125887,720575940618519454,6,set_3
720575940638125887,720575940620274085,20,set_3
720575940638125887,720575940621181066,6,set_3
720575940638125887,720575940621329328,5,set_3
720575940638125887,720575940622478349,6,set_3
720575940638125887,720575940622624214,9,set_3
720575940638125887,720575940622933765,13,set_3
720575940638125887,720575940623390246,6,set_3
720575940638125887,720575940623535044,7,set_3
720575940638125887,720575940623993015,15,set_3
720575940638125887,720575940624675988,5,set_3
720575940638125887,720575940624966840,16,set_3
720575940638125887,720575940624991495,22,set_3
720575940638125887,720575940625737776,7,set_3
720575940638125887,720575940626939737,7,set_3
720575940638125887,720575940627062088,9,set_3
720575940638125887,720575940628659049,5,set_3
720575940638125887,720575940630119532,7,set_3
720575940638125887,720575940630122796,16,set_3
720575940638125887,720575940630580854,21,set_3
720575940638125887,720575940631918649,17,set_3
720575940638125887,720575940632252743,5,set_3
720575940638125887,720575940632835155,20,set_3
720575940638125887,720575940636552805,5,set_3
720575940638125887,720575940636809646,16,set_3
720575940638125887,720575940644659236,15,set_3
720575940638125887,720575940644726432,11,set_3
720575940638125887,720575940645528430,40,set_3
720575940638125887,720575940647474979,22,set_3
720575940638360960,720575940605703456,10,set_3
720575940638360960,720575940613527789,18,set_3
720575940638360960,720575940613825814,6,set_3
720575940638360960,720575940614756589,6,set_3
720575940638360960,720575940615292895,19,set_3
720575940638360960,720575940616298171,5,set_3
720575940638360960,720575940625172016,11,set_3
720575940638360960,720575940628885160,36,set_3
720575940638360960,720575940629954872,5,set_3
720575940638360960,720575940630589036,48,set_3
720575940638360960,720575940630995799,16,set_3
720575940638360960,720575940641284853,7,set_3
720575940638604915,720575940611018865,24,set_3
720575940638604915,720575940612470755,18,set_3
720575940638604915,720575940614635175,10,set_3
720575940638604915,720575940614660519,20,set_3
720575940638604915,720575940616298171,10,set_3
720575940638604915,720575940616921152,22,set_3
720575940638604915,720575940618165787,10,set_3
720575940638604915,720575940619128699,22,set_3
720575940638604915,720575940620025620,42,set_3
720575940638604915,720575940621662332,56,set_3
720575940638604915,720575940622123144,20,set_3
720575940638604915,720575940622154266,16,set_3
720575940638604915,720575940624600840,160,set_3
720575940638604915,720575940624928284,28,set_3
720575940638604915,720575940625172016,62,set_3
720575940638604915,720575940625376442,10,set_3
720575940638604915,720575940626668218,40,set_3
720575940638604915,720575940626826288,82,set_3
720575940638604915,720575940627254856,10,set_3
720575940638604915,720575940627667530,20,set_3
720575940638604915,720575940627815080,18,set_3
720575940638604915,720575940630589036,132,set_3
720575940638604915,720575940631092943,200,set_3
720575940638604915,720575940631111983,12,set_3
720575940638604915,720575940631619948,16,set_3
720575940638604915,720575940631742381,26,set_3
720575940638604915,720575940635229303,14,set_3
720575940638604915,720575940639512192,18,set_3
720575940638604915,720575940643823470,10,set_3
720575940638714694,720575940609133269,25,set_3
720575940638714694,720575940610173048,55,set_3
720575940638714694,720575940611502286,45,set_3
720575940638714694,720575940612208858,30,set_3
720575940638714694,720575940615505406,60,set_3
720575940638714694,720575940616018956,115,set_3
720575940638714694,720575940616203869,30,set_3
720575940638714694,720575940618165019,1025,set_3
720575940638714694,720575940618539810,355,set_3
720575940638714694,720575940620129182,30,set_3
720575940638714694,720575940621047632,65,set_3
720575940638714694,720575940621827419,25,set_3
720575940638714694,720575940622074206,125,set_3
720575940638714694,720575940622933765,45,set_3
720575940638714694,720575940625045180,1700,set_3
720575940638714694,720575940625489160,25,set_3
720575940638714694,720575940625874992,560,set_3
720575940638714694,720575940627284935,35,set_3
720575940638714694,720575940628287546,25,set_3
720575940638714694,720575940629422183,95,set_3
720575940638714694,720575940630233404,500,set_3
720575940638714694,720575940630868793,905,set_3
720575940638714694,720575940631989352,35,set_3
720575940638714694,720575940632281927,105,set_3
720575940638714694,720575940633772257,660,set_3
720575940638714694,720575940635527322,25,set_3
720575940638714694,720575940641417869,30,set_3
720575940638714694,720575940644666660,25,set_3
720575940638714694,720575940646274670,80,set_3
720575940638714694,720575940661338497,115,set_3
720575940639339829,720575940606866377,66,set_3
720575940639339829,720575940607162754,308,set_3
720575940639339829,720575940610173048,737,set_3
720575940639339829,720575940612208858,220,set_3
720575940639339829,720575940614736290,297,set_3
720575940639339829,720575940616065254,55,set_3
720575940639339829,720575940618165787,319,set_3
720575940639339829,720575940619042427,803,set_3
720575940639339829,720575940619473624,77,set_3
720575940639339829,720575940619781814,88,set_3
720575940639339829,720575940619900507,121,set_3
720575940639339829,720575940620780272,55,set_3
720575940639339829,720575940620833901,55,set_3
720575940639339829,720575940621047632,198,set_3
720575940639339829,720575940621116073,110,set_3
720575940639339829,720575940621329328,99,set_3
720575940639339829,720575940621667693,143,set_3
720575940639339829,720575940621833281,407,set_3
720575940639339829,720575940622195625,209,set_3
720575940639339829,720575940622657268,110,set_3
720575940639339829,720575940623137818,55,set_3
720575940639339829,720575940623535044,88,set_3
720575940639339829,720575940625454108,77,set_3
720575940639339829,720575940625874992,88,set_3
720575940639339829,720575940626919144,198,set_3
720575940639339829,720575940627359228,88,set_3
720575940639339829,720575940629266988,77,set_3
720575940639339829,720575940630664556,649,set_3
720575940639339829,720575940630665210,99,set_3
720575940639339829,720575940630691958,418,set_3
720575940639339829,720575940630980559,572,set_3
720575940639339829,720575940632134227,66,set_3
720575940639339829,720575940633195148,66,set_3
720575940639339829,720575940633772257,66,set_3
720575940639339829,720575940633824864,88,set_3
720575940639339829,720575940634093337,88,set_3
720575940639339829,720575940635527092,88,set_3
720575940639339829,720575940635527322,209,set_3
720575940639339829,720575940637360730,286,set_3
720575940639339829,720575940639206077,88,set_3
720575940639339829,720575940639512192,209,set_3
720575940639756093,720575940612423922,189,set_3
720575940639756093,720575940613170385,72,set_3
720575940639756093,720575940617799253,171,set_3
720575940639756093,720575940620698136,81,set_3
720575940639756093,720575940620819659,81,set_3
720575940639756093,720575940623535044,99,set_3
720575940639756093,720575940624015287,45,set_3
720575940639756093,720575940626086842,72,set_3
720575940639756093,720575940626798736,54,set_3
720575940639756093,720575940626919144,45,set_3
720575940639756093,720575940627704392,405,set_3
720575940639756093,720575940630664556,180,set_3
720575940639756093,720575940633639063,81,set_3
720575940639756093,720575940633881848,54,set_3
720575940639756093,720575940633919992,81,set_3
720575940639756093,720575940635990896,45,set_3
720575940639756093,720575940636541285,405,set_3
720575940639756093,720575940638103349,117,set_3
720575940639756093,720575940644672548,54,set_3
720575940639769715,720575940608735241,40,set_3
720575940639769715,720575940614386070,36,set_3
720575940639769715,720575940615671106,64,set_3
720575940639769715,720575940616848214,28,set_3
720575940639769715,720575940617629841,20,set_3
720575940639769715,720575940618238523,188,set_3
720575940639769715,720575940618539810,552,set_3
720575940639769715,720575940619682368,36,set_3
720575940639769715,720575940619877396,32,set_3
720575940639769715,720575940620274085,56,set_3
720575940639769715,720575940621047632,48,set_3
720575940639769715,720575940621586854,32,set_3
720575940639769715,720575940621833281,24,set_3
720575940639769715,720575940622933765,20,set_3
720575940639769715,720575940623164685,40,set_3
720575940639769715,720575940624623287,24,set_3
720575940639769715,720575940625867056,24,set_3
720575940639769715,720575940626780222,28,set_3
720575940639769715,720575940626960536,40,set_3
720575940639769715,720575940627107721,20,set_3
720575940639769715,720575940628648809,24,set_3
720575940639769715,720575940628780309,32,set_3
720575940639769715,720575940628826128,44,set_3
720575940639769715,720575940629810748,32,set_3
720575940639769715,720575940630233404,440,set_3
720575940639769715,720575940630691958,20,set_3
720575940639769715,720575940630865724,28,set_3
720575940639769715,720575940631349335,40,set_3
720575940639769715,720575940632281927,444,set_3
720575940639769715,720575940633185567,20,set_3
720575940639769715,720575940633772257,24,set_3
720575940639769715,720575940637578853,20,set_3
720575940639769715,720575940638024794,24,set_3
720575940639769715,720575940661338497,352,set_3
720575940639773091,720575940604030566,20,set_3
720575940639773091,720575940605890784,10,set_3
720575940639773091,720575940607272649,18,set_3
720575940639773091,720575940608498780,66,set_3
720575940639773091,720575940609133269,18,set_3
720575940639773091,720575940611849826,22,set_3
720575940639773091,720575940612208858,32,set_3
720575940639773091,720575940612354034,20,set_3
720575940639773091,720575940612357618,20,set_3
720575940639773091,720575940615505406,42,set_3
720575940639773091,720575940615583650,18,set_3
720575940639773091,720575940616466260,18,set_3
720575940639773091,720575940617031385,12,set_3
720575940639773091,720575940619530187,14,set_3
720575940639773091,720575940621573542,160,set_3
720575940639773091,720575940622026245,24,set_3
720575940639773091,720575940625716357,142,set_3
720575940639773091,720575940625867056,14,set_3
720575940639773091,720575940626094350,48,set_3
720575940639773091,720575940626626597,14,set_3
720575940639773091,720575940626798736,32,set_3
720575940639773091,720575940626939737,18,set_3
720575940639773091,720575940627107721,16,set_3
720575940639773091,720575940628997123,66,set_3
720575940639773091,720575940629486018,10,set_3
720575940639773091,720575940631381007,12,set_3
720575940639773091,720575940631588772,14,set_3
720575940639773091,720575940631918649,12,set_3
720575940639773091,720575940631939415,26,set_3
720575940639773091,720575940631983464,16,set_3
720575940639773091,720575940631994728,16,set_3
720575940639773091,720575940632134227,54,set_3
720575940639773091,720575940633185567,14,set_3
720575940639773091,720575940635184735,20,set_3
720575940639773091,720575940635247284,10,set_3
720575940639773091,720575940635527322,68,set_3
720575940639773091,720575940635574958,26,set_3
720575940639773091,720575940635610548,34,set_3
720575940639773091,720575940637360730,98,set_3
720575940639773091,720575940644726432,12,set_3
720575940639773091,720575940645697828,16,set_3
720575940639787683,720575940605890784,43,set_3
720575940639787683,720575940607345586,11,set_3
720575940639787683,720575940612208858,24,set_3
720575940639787683,720575940618165019,127,set_3
720575940639787683,720575940618539810,12,set_3
720575940639787683,720575940618600246,5,set_3
720575940639787683,720575940620819659,7,set_3
720575940639787683,720575940621833281,35,set_3
720575940639787683,720575940622026245,15,set_3
720575940639787683,720575940625045180,85,set_3
720575940639787683,720575940625874992,13,set_3
720575940639787683,720575940628780309,38,set_3
720575940639787683,720575940630233404,27,set_3
720575940639787683,720575940630868793,137,set_3
720575940639787683,720575940631994728,44,set_3
720575940639787683,720575940633185567,5,set_3
720575940639787683,720575940646274670,25,set_3
720575940639831459,720575940607162754,112,set_3
720575940639831459,720575940607345586,44,set_3
720575940639831459,720575940609133269,12,set_3
720575940639831459,720575940609405635,24,set_3
720575940639831459,720575940610803554,16,set_3
720575940639831459,720575940611167842,168,set_3
720575940639831459,720575940612208858,98,set_3
720575940639831459,720575940612443890,10,set_3
720575940639831459,720575940613825814,78,set_3
720575940639831459,720575940614165201,10,set_3
720575940639831459,720575940615583650,14,set_3
720575940639831459,720575940616018956,14,set_3
720575940639831459,720575940616298171,24,set_3
720575940639831459,720575940617853730,48,set_3
720575940639831459,720575940619042427,42,set_3
720575940639831459,720575940619898526,38,set_3
720575940639831459,720575940620982437,14,set_3
720575940639831459,720575940621573030,24,set_3
720575940639831459,720575940621573542,26,set_3
720575940639831459,720575940621771041,10,set_3
720575940639831459,720575940621833281,104,set_3
720575940639831459,720575940622195625,20,set_3
720575940639831459,720575940623132621,72,set_3
720575940639831459,720575940623381286,18,set_3
720575940639831459,720575940623449382,32,set_3
720575940639831459,720575940623676394,22,set_3
720575940639831459,720575940623847181,12,set_3
720575940639831459,720575940624623287,16,set_3
720575940639831459,720575940625867056,26,set_3
720575940639831459,720575940626094350,10,set_3
720575940639831459,720575940626279486,32,set_3
720575940639831459,720575940626668218,24,set_3
720575940639831459,720575940626826288,172,set_3
720575940639831459,720575940627107721,42,set_3
720575940639831459,720575940627410451,42,set_3
720575940639831459,720575940627418387,12,set_3
720575940639831459,720575940627779983,10,set_3
720575940639831459,720575940628815381,28,set_3
720575940639831459,720575940628826128,16,set_3
720575940639831459,720575940630159616,34,set_3
720575940639831459,720575940630461660,16,set_3
720575940639831459,720575940630589036,84,set_3
720575940639831459,720575940630691958,60,set_3
720575940639831459,720575940630697078,12,set_3
720575940639831459,720575940630839371,14,set_3
720575940639831459,720575940631092943,22,set_3
720575940639831459,720575940631340815,32,set_3
720575940639831459,720575940631349335,40,set_3
720575940639831459,720575940631989352,10,set_3
720575940639831459,720575940632134227,142,set_3
720575940639831459,720575940633065901,28,set_3
720575940639831459,720575940633548128,16,set_3
720575940639831459,720575940635527322,14,set_3
720575940639831459,720575940635610548,30,set_3
720575940639831459,720575940636675214,10,set_3
720575940639831459,720575940637216624,20,set_3
720575940639831459,720575940637360730,108,set_3
720575940639831459,720575940637686750,50,set_3
720575940639831459,720575940638001498,20,set_3
720575940639831459,720575940638103349,16,set_3
720575940639831459,720575940640162944,20,set_3
720575940639831459,720575940641281013,20,set_3
720575940639831459,720575940644666148,20,set_3
720575940639831459,720575940660219521,14,set_3
720575940639972816,720575940617799253,14,set_3
720575940639972816,720575940618165019,54,set_3
720575940639972816,720575940625874992,38,set_3
720575940639972816,720575940630868793,46,set_3
720575940640163517,720575940613825814,7,set_3
720575940640163517,720575940614635175,6,set_3
720575940640163517,720575940623242900,27,set_3
720575940640163517,720575940626941080,21,set_3
720575940640163517,720575940626960536,5,set_3
720575940640163517,720575940626983684,12,set_3
720575940640163517,720575940628686695,10,set_3
720575940640163517,720575940631275601,11,set_3
720575940640224640,720575940607345586,90,set_3
720575940640224640,720575940609133269,171,set_3
720575940640224640,720575940628743752,252,set_3
720575940640224640,720575940630589036,153,set_3
720575940640224640,720575940630904567,45,set_3
720575940640224640,720575940632281927,108,set_3
720575940640224640,720575940661338497,117,set_3
720575940641648091,720575940610679876,36,set_3
720575940641648091,720575940611167842,12,set_3
720575940641648091,720575940612443890,14,set_3
720575940641648091,720575940613929391,30,set_3
720575940641648091,720575940614465478,20,set_3
720575940641648091,720575940615500286,26,set_3
720575940641648091,720575940615671106,12,set_3
720575940641648091,720575940616018956,10,set_3
720575940641648091,720575940616164658,36,set_3
720575940641648091,720575940616340639,12,set_3
720575940641648091,720575940616376287,16,set_3
720575940641648091,720575940616848214,12,set_3
720575940641648091,720575940616864217,222,set_3
720575940641648091,720575940618238523,66,set_3
720575940641648091,720575940618574749,146,set_3
720575940641648091,720575940618600246,16,set_3
720575940641648091,720575940619682368,24,set_3
720575940641648091,720575940621586854,708,set_3
720575940641648091,720575940621771041,32,set_3
720575940641648091,720575940622624214,70,set_3
720575940641648091,720575940623390246,42,set_3
720575940641648091,720575940623918121,204,set_3
720575940641648091,720575940624334826,16,set_3
720575940641648091,720575940624966840,18,set_3
720575940641648091,720575940624986300,158,set_3
720575940641648091,720575940626939737,24,set_3
720575940641648091,720575940627062088,54,set_3
720575940641648091,720575940627086594,72,set_3
720575940641648091,720575940628780309,16,set_3
720575940641648091,720575940628826128,86,set_3
720575940641648091,720575940628998659,16,set_3
720575940641648091,720575940629792060,12,set_3
720575940641648091,720575940630580854,98,set_3
720575940641648091,720575940630964188,216,set_3
720575940641648091,720575940631328763,12,set_3
720575940641648091,720575940632134227,26,set_3
720575940641648091,720575940632752723,150,set_3
720575940641648091,720575940633185567,906,set_3
720575940641648091,720575940644659236,10,set_3
720575940641648091,720575940644726432,20,set_3
720575940641648091,720575940647010356,32,set_3
720575940641648091,720575940647474979,126,set_3
720575940641776032,720575940612423922,7,set_3
720575940641776032,720575940613361010,11,set_3
720575940641776032,720575940618118485,12,set_3
720575940641776032,720575940619128699,16,set_3
720575940641776032,720575940619900507,11,set_3
720575940641776032,720575940620031366,12,set_3
720575940641776032,720575940622123144,12,set_3
720575940641776032,720575940622457579,18,set_3
720575940641776032,720575940623853837,6,set_3
720575940641776032,720575940624222205,6,set_3
720575940641776032,720575940626809109,8,set_3
720575940641776032,720575940628462927,18,set_3
720575940641776032,720575940630311528,6,set_3
720575940641776032,720575940630504466,5,set_3
720575940641776032,720575940630661164,8,set_3
720575940641776032,720575940630664556,83,set_3
720575940641776032,720575940631111983,6,set_3
720575940641776032,720575940631619948,19,set_3
720575940641776032,720575940631742381,6,set_3
720575940641776032,720575940631850521,15,set_3
720575940641776032,720575940635954879,5,set_3
720575940641776032,720575940637216624,18,set_3
720575940641776032,720575940646156420,5,set_3
720575940642422517,720575940609939780,32,set_3
720575940642422517,720575940614186449,6,set_3
720575940642422517,720575940614660519,14,set_3
720575940642422517,720575940614998166,20,set_3
720575940642422517,720575940615023535,7,set_3
720575940642422517,720575940616298171,5,set_3
720575940642422517,720575940616864086,7,set_3
720575940642422517,720575940617373268,9,set_3
720575940642422517,720575940617629841,8,set_3
720575940642422517,720575940619530187,10,set_3
720575940642422517,720575940620271636,8,set_3
720575940642422517,720575940621771041,16,set_3
720575940642422517,720575940621777390,14,set_3
720575940642422517,720575940622195625,54,set_3
720575940642422517,720575940623132621,76,set_3
720575940642422517,720575940623164685,41,set_3
720575940642422517,720575940623210445,12,set_3
720575940642422517,720575940623314312,7,set_3
720575940642422517,720575940624789652,5,set_3
720575940642422517,720575940625737776,5,set_3
720575940642422517,720575940626557442,11,set_3
720575940642422517,720575940626780222,22,set_3
720575940642422517,720575940626826288,10,set_3
720575940642422517,720575940626856344,38,set_3
720575940642422517,720575940627107721,30,set_3
720575940642422517,720575940627167516,9,set_3
720575940642422517,720575940627779983,11,set_3
720575940642422517,720575940628844712,20,set_3
720575940642422517,720575940628997123,5,set_3
720575940642422517,720575940629377218,14,set_3
720575940642422517,720575940629398466,11,set_3
720575940642422517,720575940630461404,9,set_3
720575940642422517,720575940630820919,7,set_3
720575940642422517,720575940630839371,9,set_3
720575940642422517,720575940631815844,6,set_3
720575940642422517,720575940632030008,16,set_3
720575940642422517,720575940633921453,6,set_3
720575940642422517,720575940635578303,7,set_3
720575940642422517,720575940637578853,6,set_3
720575940642428045,720575940605890784,116,set_3
720575940642428045,720575940609133269,20,set_3
720575940642428045,720575940612208858,296,set_3
720575940642428045,720575940612354034,20,set_3
720575940642428045,720575940615583650,24,set_3
720575940642428045,720575940616018956,128,set_3
720575940642428045,720575940618165019,92,set_3
720575940642428045,720575940618539810,424,set_3
720575940642428045,720575940620819659,68,set_3
720575940642428045,720575940622026245,200,set_3
720575940642428045,720575940622452715,36,set_3
720575940642428045,720575940623535044,28,set_3
720575940642428045,720575940624623287,40,set_3
720575940642428045,720575940625045180,260,set_3
720575940642428045,720575940627704392,64,set_3
720575940642428045,720575940628755815,32,set_3
720575940642428045,720575940628780309,24,set_3
720575940642428045,720575940628815381,20,set_3
720575940642428045,720575940630233404,380,set_3
720575940642428045,720575940630579574,44,set_3
720575940642428045,720575940630868793,120,set_3
720575940642428045,720575940631092943,20,set_3
720575940642428045,720575940631994728,64,set_3
720575940642428045,720575940633772257,200,set_3
720575940642428045,720575940637144944,68,set_3
720575940642428045,720575940637216624,20,set_3
720575940642428045,720575940637360730,52,set_3
720575940642428045,720575940655015329,24,set_3
720575940642428045,720575940661338497,40,set_3
720575940643867296,720575940605890784,160,set_3
720575940643867296,720575940610590869,110,set_3
720575940643867296,720575940611643033,170,set_3
720575940643867296,720575940612208858,250,set_3
720575940643867296,720575940613004402,180,set_3
720575940643867296,720575940616196539,250,set_3
720575940643867296,720575940618165019,8710,set_3
720575940643867296,720575940618165787,70,set_3
720575940643867296,720575940618238523,150,set_3
720575940643867296,720575940618539810,340,set_3
720575940643867296,720575940619757366,70,set_3
720575940643867296,720575940619973712,60,set_3
720575940643867296,720575940620025620,690,set_3
720575940643867296,720575940620874757,70,set_3
720575940643867296,720575940621047632,50,set_3
720575940643867296,720575940621329328,170,set_3
720575940643867296,720575940621573030,50,set_3
720575940643867296,720575940621586854,150,set_3
720575940643867296,720575940621833281,570,set_3
720575940643867296,720575940622026245,450,set_3
720575940643867296,720575940623164941,70,set_3
720575940643867296,720575940623535044,80,set_3
720575940643867296,720575940623676394,60,set_3
720575940643867296,720575940623718380,50,set_3
720575940643867296,720575940624600840,90,set_3
720575940643867296,720575940625045180,4080,set_3
720575940643867296,720575940625612474,70,set_3
720575940643867296,720575940625874992,4810,set_3
720575940643867296,720575940626094350,80,set_3
720575940643867296,720575940626099214,80,set_3
720575940643867296,720575940627219272,60,set_3
720575940643867296,720575940628743752,240,set_3
720575940643867296,720575940628780309,780,set_3
720575940643867296,720575940630233404,410,set_3
720575940643867296,720575940630865724,60,set_3
720575940643867296,720575940630868793,7570,set_3
720575940643867296,720575940631994728,180,set_3
720575940643867296,720575940632281927,50,set_3
720575940643867296,720575940633185567,280,set_3
720575940643867296,720575940633277209,70,set_3
720575940643867296,720575940634825623,50,set_3
720575940643867296,720575940635055039,130,set_3
720575940643867296,720575940636346487,60,set_3
720575940643867296,720575940639206077,200,set_3
720575940643867296,720575940639994456,110,set_3
720575940643867296,720575940646274670,430,set_3
720575940644464544,720575940609592270,14,set_3
720575940644464544,720575940612423922,18,set_3
720575940644464544,720575940615480370,24,set_3
720575940644464544,720575940616791709,10,set_3
720575940644464544,720575940616921152,32,set_3
720575940644464544,720575940621827419,24,set_3
720575940644464544,720575940623148285,20,set_3
720575940644464544,720575940623918121,10,set_3
720575940644464544,720575940624928284,30,set_3
720575940644464544,720575940626308697,26,set_3
720575940644464544,720575940626567701,28,set_3
720575940644464544,720575940627107721,16,set_3
720575940644464544,720575940627275795,160,set_3
720575940644464544,720575940629422183,58,set_3
720575940644464544,720575940630233404,12,set_3
720575940644464544,720575940632281927,20,set_3
720575940644464544,720575940632486969,30,set_3
720575940644464544,720575940634090777,16,set_3
720575940644464544,720575940635527322,14,set_3
720575940644464544,720575940635596212,10,set_3
720575940644464544,720575940638024794,20,set_3
720575940644669732,720575940607162754,5,set_3
720575940644669732,720575940607386290,14,set_3
720575940644669732,720575940611167842,8,set_3
720575940644669732,720575940613935535,7,set_3
720575940644669732,720575940616353675,8,set_3
720575940644669732,720575940616864217,5,set_3
720575940644669732,720575940620274085,6,set_3
720575940644669732,720575940621586854,44,set_3
720575940644669732,720575940621827419,6,set_3
720575940644669732,720575940622452715,8,set_3
720575940644669732,720575940622624214,23,set_3
720575940644669732,720575940623164685,9,set_3
720575940644669732,720575940623164941,5,set_3
720575940644669732,720575940623535044,6,set_3
720575940644669732,720575940624600840,8,set_3
720575940644669732,720575940625164176,46,set_3
720575940644669732,720575940626094350,6,set_3
720575940644669732,720575940627083294,5,set_3
720575940644669732,720575940628815381,6,set_3
720575940644669732,720575940630691958,12,set_3
720575940644669732,720575940630839371,5,set_3
720575940644669732,720575940630964188,6,set_3
720575940644669732,720575940630991311,41,set_3
720575940644669732,720575940631280721,24,set_3
720575940644669732,720575940632047890,22,set_3
720575940644669732,720575940632252743,222,set_3
720575940644669732,720575940632659404,6,set_3
720575940644669732,720575940633185567,54,set_3
720575940644669732,720575940634825623,18,set_3
720575940644669732,720575940635596212,5,set_3
720575940644669732,720575940636685454,10,set_3
720575940644669732,720575940639994456,5,set_3
720575940644669732,720575940641655949,30,set_3
720575940645039383,720575940605443017,42,set_3
720575940645039383,720575940610173048,777,set_3
720575940645039383,720575940616203869,35,set_3
720575940645039383,720575940616497477,56,set_3
720575940645039383,720575940617663537,63,set_3
720575940645039383,720575940618135419,35,set_3
720575940645039383,720575940618165787,112,set_3
720575940645039383,720575940619042427,35,set_3
720575940645039383,720575940620741102,35,set_3
720575940645039383,720575940621116073,280,set_3
720575940645039383,720575940621667693,259,set_3
720575940645039383,720575940621957381,77,set_3
720575940645039383,720575940622312063,35,set_3
720575940645039383,720575940622657268,49,set_3
720575940645039383,720575940623004552,42,set_3
720575940645039383,720575940623040094,35,set_3
720575940645039383,720575940623137818,294,set_3
720575940645039383,720575940623476407,63,set_3
720575940645039383,720575940623535044,63,set_3
720575940645039383,720575940624310857,63,set_3
720575940645039383,720575940625454108,56,set_3
720575940645039383,720575940626919144,98,set_3
720575940645039383,720575940627359228,182,set_3
720575940645039383,720575940628885160,35,set_3
720575940645039383,720575940629266988,259,set_3
720575940645039383,720575940629595633,42,set_3
720575940645039383,720575940630589036,189,set_3
720575940645039383,720575940630665210,140,set_3
720575940645039383,720575940630980559,518,set_3
720575940645039383,720575940631092943,77,set_3
720575940645039383,720575940633195148,238,set_3
720575940645039383,720575940633824864,91,set_3
720575940645039383,720575940634093337,168,set_3
720575940645039383,720575940637686750,182,set_3
720575940645039383,720575940639206077,49,set_3
720575940645039383,720575940647037492,147,set_3
720575940645527918,720575940618539810,20,set_3
720575940645527918,720575940628780309,20,set_3
720575940645527918,720575940630233404,68,set_3
720575940646930996,720575940617494877,22,set_3
720575940646930996,720575940618539810,238,set_3
720575940646930996,720575940620274085,22,set_3
720575940646930996,720575940622026245,14,set_3
720575940646930996,720575940622933765,12,set_3
720575940646930996,720575940626939737,16,set_3
720575940646930996,720575940628743752,10,set_3
720575940646930996,720575940628780309,10,set_3
720575940646930996,720575940629422183,14,set_3
720575940646930996,720575940630233404,252,set_3
720575940646930996,720575940630470391,16,set_3
720575940646930996,720575940631918649,10,set_3
720575940646930996,720575940632281927,46,set_3
720575940646930996,720575940635527322,18,set_3
720575940646930996,720575940647024948,14,set_3
720575940646930996,720575940661338497,76,set_3
720575940647030580,720575940618165019,608,set_3
720575940647030580,720575940620025620,328,set_3
720575940647030580,720575940620129182,48,set_3
720575940647030580,720575940622026245,72,set_3
720575940647030580,720575940622074206,168,set_3
720575940647030580,720575940625045180,88,set_3
720575940647030580,720575940625874992,24,set_3
720575940647030580,720575940628743752,396,set_3
720575940647030580,720575940628780309,40,set_3
720575940647030580,720575940630868793,576,set_3
720575940647030580,720575940661338497,40,set_3
720575940647036980,720575940613004402,78,set_3
720575940647036980,720575940616864217,318,set_3
720575940647036980,720575940618165019,1032,set_3
720575940647036980,720575940618539810,66,set_3
720575940647036980,720575940620025620,330,set_3
720575940647036980,720575940620553654,96,set_3
720575940647036980,720575940621047632,102,set_3
720575940647036980,720575940621833281,30,set_3
720575940647036980,720575940623535044,42,set_3
720575940647036980,720575940624554170,126,set_3
720575940647036980,720575940625874992,666,set_3
720575940647036980,720575940628743752,522,set_3
720575940647036980,720575940630233404,186,set_3
720575940647036980,720575940630605881,30,set_3
720575940647036980,720575940630868793,738,set_3
720575940647036980,720575940632281927,738,set_3
720575940647036980,720575940637216624,78,set_3
720575940647036980,720575940646274670,504,set_3
720575940647036980,720575940661338497,498,set_3
720575940649081465,720575940606866377,15,set_3
720575940649081465,720575940609407939,21,set_3
720575940649081465,720575940609521250,33,set_3
720575940649081465,720575940611160930,207,set_3
720575940649081465,720575940611164770,18,set_3
720575940649081465,720575940611812050,30,set_3
720575940649081465,720575940611988197,15,set_3
720575940649081465,720575940613687789,318,set_3
720575940649081465,720575940615406590,60,set_3
720575940649081465,720575940615811670,174,set_3
720575940649081465,720575940616200790,33,set_3
720575940649081465,720575940617630182,21,set_3
720575940649081465,720575940617648453,180,set_3
720575940649081465,720575940619176094,18,set_3
720575940649081465,720575940620741102,45,set_3
720575940649081465,720575940621150191,96,set_3
720575940649081465,720575940621256384,27,set_3
720575940649081465,720575940622433799,21,set_3
720575940649081465,720575940623017989,60,set_3
720575940649081465,720575940623164941,126,set_3
720575940649081465,720575940623192781,15,set_3
720575940649081465,720575940623290126,27,set_3
720575940649081465,720575940624310857,183,set_3
720575940649081465,720575940624528740,27,set_3
720575940649081465,720575940625334349,18,set_3
720575940649081465,720575940626557442,24,set_3
720575940649081465,720575940627312668,129,set_3
720575940649081465,720575940628787016,54,set_3
720575940649081465,720575940633813940,15,set_3
720575940649081465,720575940634301852,36,set_3
720575940649081465,720575940635166571,15,set_3
720575940649081465,720575940635202204,15,set_3
720575940649081465,720575940645495587,84,set_3
720575940649081465,720575940647030324,15,set_3
720575940649081465,720575940648864633,192,set_3
720575940651736566,720575940605682790,7,set_3
720575940651736566,720575940610004437,12,set_3
720575940651736566,720575940610615013,8,set_3
720575940651736566,720575940611643033,9,set_3
720575940651736566,720575940612019569,41,set_3
720575940651736566,720575940616167730,9,set_3
720575940651736566,720575940616196539,5,set_3
720575940651736566,720575940618539810,9,set_3
720575940651736566,720575940618889931,44,set_3
720575940651736566,720575940620129182,17,set_3
720575940651736566,720575940622863287,26,set_3
720575940651736566,720575940623133223,34,set_3
720575940651736566,720575940623535044,5,set_3
720575940651736566,720575940624139559,9,set_3
720575940651736566,720575940624607076,19,set_3
720575940651736566,720575940625045180,16,set_3
720575940651736566,720575940626960536,58,set_3
720575940651736566,720575940628436282,10,set_3
720575940651736566,720575940628743752,7,set_3
720575940651736566,720575940630233404,9,set_3
720575940651736566,720575940630470391,12,set_3
720575940651736566,720575940635596212,9,set_3
720575940651736566,720575940639206077,10,set_3
720575940659479937,720575940618165019,42,set_3
720575940659479937,720575940625874992,12,set_3
720575940659479937,720575940630868793,28,set_3
