root_id,upstream_set_2_2Ns,set_2_syn_count,const,input_synapses,pct_set_2_input,avg_upstream_synapses,neuron_type,#_projection_synapses
720575940602353632,2,472,1,472,100.0,236.0,local,0
720575940602815200,1,39,1,39,100.0,39.0,projection,58
720575940603121888,1,5,1,5,100.0,5.0,projection,93
720575940603266592,6,1017,1,1017,100.0,169.5,local,0
720575940603514141,1,7,1,7,100.0,7.0,local,0
720575940603765937,2,198,1,198,100.0,99.0,local,0
720575940604027168,1,102,1,102,100.0,102.0,local,0
720575940604130481,2,23,1,23,100.0,11.5,local,0
720575940604240416,1,42,1,42,100.0,42.0,projection,131
720575940604247985,4,206,1,206,100.0,51.5,local,0
720575940604352172,2,28,1,28,100.0,14.0,projection,4153
720575940604389344,1,16,1,16,100.0,16.0,projection,176
720575940604395436,4,74,1,74,100.0,18.5,projection,535
720575940604418993,1,5,1,5,100.0,5.0,projection,49
720575940604427180,1,24,1,24,100.0,24.0,projection,391
720575940604470240,2,24,1,24,100.0,12.0,projection,4235
720575940604470956,10,322,1,322,100.0,32.2,projection,93
720575940604486880,1,12,1,12,100.0,12.0,projection,141
720575940604565350,1,38,1,38,100.0,38.0,projection,337
720575940604791217,6,844,1,844,100.0,140.66666666666666,local,0
720575940604821950,2,75,1,75,100.0,37.5,projection,353
720575940604852146,2,357,1,357,100.0,178.5,local,0
720575940604908972,1,30,1,30,100.0,30.0,projection,34
720575940604921446,7,239,1,239,100.0,34.142857142857146,projection,670
720575940605013420,1,10,1,10,100.0,10.0,projection,5
720575940605029036,1,14,1,14,100.0,14.0,projection,1643
720575940605040300,3,89,1,89,100.0,29.666666666666668,projection,27
720575940605043121,1,5,1,5,100.0,5.0,projection,566
720575940605105696,1,16,1,16,100.0,16.0,projection,270
720575940605162924,1,6,1,6,100.0,6.0,projection,5
720575940605218220,1,20,1,20,100.0,20.0,projection,9
720575940605341216,1,31,1,31,100.0,31.0,projection,26
720575940605370802,1,25,1,25,100.0,25.0,projection,11
720575940605420674,1,27,1,27,100.0,27.0,projection,42
720575940605589378,3,311,1,311,100.0,103.66666666666667,projection,149
720575940605647234,6,122,1,122,100.0,20.333333333333332,projection,30
720575940605675808,4,67,1,67,100.0,16.75,projection,465
720575940605682790,1,25,1,25,100.0,25.0,local,0
720575940605694240,5,134,1,134,100.0,26.8,local,0
720575940605695665,1,6,1,6,100.0,6.0,local,0
720575940605707710,11,242,1,242,100.0,22.0,local,0
720575940605725873,1,69,1,69,100.0,69.0,projection,438
720575940605726385,3,72,1,72,100.0,24.0,projection,21
720575940605758142,1,12,1,12,100.0,12.0,projection,5648
720575940605842400,7,148,1,148,100.0,21.142857142857142,projection,69
720575940605842656,1,5,1,5,100.0,5.0,projection,701
720575940605877728,2,170,1,170,100.0,85.0,projection,80
720575940605890784,19,546,1,546,100.0,28.736842105263158,local,0
720575940605891040,1,15,1,15,100.0,15.0,projection,118
720575940605938633,2,26,1,26,100.0,13.0,projection,5
720575940605976521,2,183,1,183,100.0,91.5,local,0
720575940606002609,2,166,1,166,100.0,83.0,local,0
720575940606004866,2,57,1,57,100.0,28.5,local,0
720575940606010057,1,12,1,12,100.0,12.0,projection,1143
720575940606182758,1,102,1,102,100.0,102.0,projection,279
720575940606239666,2,177,1,177,100.0,88.5,local,0
720575940606254002,6,483,1,483,100.0,80.5,local,0
720575940606279179,2,181,1,181,100.0,90.5,local,0
720575940606298754,2,46,1,46,100.0,23.0,projection,39
720575940606311772,1,110,1,110,100.0,110.0,projection,75
720575940606335410,2,65,1,65,100.0,32.5,projection,99
720575940606343945,2,553,1,553,100.0,276.5,local,0
720575940606373321,1,21,1,21,100.0,21.0,projection,366
720575940606388146,17,2185,1,2185,100.0,128.52941176470588,local,0
720575940606411698,1,18,1,18,100.0,18.0,projection,64
720575940606526421,1,80,1,80,100.0,80.0,projection,7
720575940606567125,4,993,1,993,100.0,248.25,local,0
720575940606603186,1,10,1,10,100.0,10.0,projection,40
720575940606641842,1,40,1,40,100.0,40.0,projection,260
720575940606667977,1,13,1,13,100.0,13.0,projection,5
720575940606676572,3,84,1,84,100.0,28.0,local,0
720575940606678795,1,40,1,40,100.0,40.0,projection,45
720575940606736988,1,60,1,60,100.0,60.0,projection,433
720575940606743654,1,18,1,18,100.0,18.0,projection,54
720575940606746034,1,9,1,9,100.0,9.0,projection,14
720575940606762686,1,12,1,12,100.0,12.0,projection,2605
720575940606769854,2,45,1,45,100.0,22.5,projection,1630
720575940606801282,3,136,1,136,100.0,45.333333333333336,local,0
720575940606806473,1,25,1,25,100.0,25.0,projection,184
720575940606902108,1,48,1,48,100.0,48.0,projection,31
720575940606947970,1,78,1,78,100.0,78.0,projection,38
720575940607017993,3,54,1,54,100.0,18.0,projection,30
720575940607038386,1,24,1,24,100.0,24.0,projection,96
720575940607040881,1,21,1,21,100.0,21.0,projection,62
720575940607071106,6,125,1,125,100.0,20.833333333333332,local,0
720575940607091979,1,30,1,30,100.0,30.0,projection,105
720575940607152476,2,147,1,147,100.0,73.5,local,0
720575940607162754,13,2765,1,2765,100.0,212.69230769230768,local,0
720575940607170178,1,10,1,10,100.0,10.0,local,0
720575940607225609,2,15,1,15,100.0,7.5,projection,164
720575940607272649,6,285,1,285,100.0,47.5,local,0
720575940607273906,3,152,1,152,100.0,50.666666666666664,projection,79
720575940607345586,4,405,1,405,100.0,101.25,local,0
720575940607347634,2,178,1,178,100.0,89.0,local,0
720575940607377586,9,289,1,289,100.0,32.111111111111114,local,0
720575940607386290,15,321,1,321,100.0,21.4,local,0
720575940607387314,6,566,1,566,100.0,94.33333333333333,local,0
720575940607425604,1,28,1,28,100.0,28.0,projection,110
720575940607451081,1,13,1,13,100.0,13.0,local,0
720575940607471829,1,30,1,30,100.0,30.0,projection,15
720575940607500297,2,138,1,138,100.0,69.0,local,0
720575940607512533,2,62,1,62,100.0,31.0,projection,164
720575940607596811,1,6,1,6,100.0,6.0,projection,244
720575940607672003,1,6,1,6,100.0,6.0,local,0
720575940607731292,6,138,1,138,100.0,23.0,projection,94
720575940607737099,4,95,1,95,100.0,23.75,local,0
720575940607777628,1,49,1,49,100.0,49.0,projection,84
720575940607802123,2,33,1,33,100.0,16.5,projection,511
720575940607848203,1,25,1,25,100.0,25.0,projection,257
720575940607874315,2,21,1,21,100.0,10.5,projection,70
720575940607876809,1,7,1,7,100.0,7.0,projection,69
720575940607877833,1,24,1,24,100.0,24.0,local,0
720575940607891401,1,23,1,23,100.0,23.0,projection,224
720575940607896265,1,36,1,36,100.0,36.0,projection,100
720575940607990229,1,10,1,10,100.0,10.0,projection,1225
720575940608029707,2,45,1,45,100.0,22.5,projection,561
720575940608090069,1,30,1,30,100.0,30.0,projection,62
720575940608177929,4,124,1,124,100.0,31.0,projection,200
720575940608186498,1,24,1,24,100.0,24.0,projection,58
720575940608227118,1,132,1,132,100.0,132.0,projection,872
720575940608252082,6,144,1,144,100.0,24.0,projection,3135
720575940608278876,2,85,1,85,100.0,42.5,projection,96
720575940608292361,1,7,1,7,100.0,7.0,local,0
720575940608295689,2,102,1,102,100.0,51.0,local,0
720575940608296917,2,282,1,282,100.0,141.0,local,0
720575940608305161,3,150,1,150,100.0,50.0,local,0
720575940608348338,4,50,1,50,100.0,12.5,projection,45
720575940608368818,4,305,1,305,100.0,76.25,local,0
720575940608370645,4,45,1,45,100.0,11.25,local,0
720575940608400323,1,18,1,18,100.0,18.0,projection,373
720575940608451420,4,379,1,379,100.0,94.75,local,0
720575940608462684,3,263,1,263,100.0,87.66666666666667,projection,202
720575940608471900,2,193,1,193,100.0,96.5,projection,78
720575940608475331,6,843,1,843,100.0,140.5,local,0
720575940608481860,1,14,1,14,100.0,14.0,projection,26
720575940608498780,4,195,1,195,100.0,48.75,local,0
720575940608500316,2,18,1,18,100.0,9.0,local,0
720575940608537027,1,81,1,81,100.0,81.0,projection,52
720575940608557323,5,184,1,184,100.0,36.8,projection,258
720575940608606475,3,78,1,78,100.0,26.0,projection,28
720575940608616899,1,48,1,48,100.0,48.0,projection,123
720575940608664184,1,54,1,54,100.0,54.0,local,0
720575940608683477,2,20,1,20,100.0,10.0,projection,499
720575940608707192,3,527,1,527,100.0,175.66666666666666,local,0
720575940608735241,9,436,1,436,100.0,48.44444444444444,local,0
720575940608787413,2,955,1,955,100.0,477.5,projection,12
720575940608815314,1,12,1,12,100.0,12.0,projection,38
720575940608822226,1,24,1,24,100.0,24.0,projection,278
720575940608836291,2,17,1,17,100.0,8.5,projection,204
720575940608868654,1,25,1,25,100.0,25.0,local,0
720575940608884693,3,96,1,96,100.0,32.0,projection,161
720575940608900050,2,233,1,233,100.0,116.5,local,0
720575940608956373,1,21,1,21,100.0,21.0,projection,38
720575940608971221,2,145,1,145,100.0,72.5,projection,175
720575940608976085,1,28,1,28,100.0,28.0,projection,252
720575940608977621,2,17,1,17,100.0,8.5,projection,817
720575940609030776,1,10,1,10,100.0,10.0,projection,60
720575940609088978,1,7,1,7,100.0,7.0,projection,383
720575940609133269,19,1100,1,1100,100.0,57.89473684210526,projection,316
720575940609221700,1,5,1,5,100.0,5.0,local,0
720575940609269001,1,18,1,18,100.0,18.0,projection,1156
720575940609282825,2,210,1,210,100.0,105.0,projection,17350
720575940609306563,3,237,1,237,100.0,79.0,local,0
720575940609405635,3,24,1,24,100.0,8.0,projection,64
720575940609407939,8,344,1,344,100.0,43.0,local,0
720575940609417995,5,83,1,83,100.0,16.6,local,0
720575940609423299,5,522,1,522,100.0,104.4,local,0
720575940609482190,2,150,1,150,100.0,75.0,projection,78
720575940609521250,9,273,1,273,100.0,30.333333333333332,local,0
720575940609533230,2,324,1,324,100.0,162.0,local,0
720575940609586500,1,30,1,30,100.0,30.0,projection,266
720575940609625442,2,21,1,21,100.0,10.5,projection,78
720575940609646126,4,151,1,151,100.0,37.75,projection,86
720575940609677636,1,12,1,12,100.0,12.0,projection,92
720575940609682756,1,18,1,18,100.0,18.0,projection,84
720575940609819512,1,8,1,8,100.0,8.0,projection,1744
720575940609892164,1,10,1,10,100.0,10.0,projection,748
720575940609894212,1,48,1,48,100.0,48.0,projection,366
720575940609895748,1,5,1,5,100.0,5.0,projection,198
720575940609906244,3,244,1,244,100.0,81.33333333333333,projection,486
720575940609913042,28,5439,1,5439,100.0,194.25,local,0
720575940609919897,3,97,1,97,100.0,32.333333333333336,local,0
720575940609922372,18,741,1,741,100.0,41.166666666666664,local,0
720575940609937476,5,252,1,252,100.0,50.4,local,0
720575940609939780,15,482,1,482,100.0,32.13333333333333,local,0
720575940609941145,3,49,1,49,100.0,16.333333333333332,projection,94
720575940609970090,1,14,1,14,100.0,14.0,projection,354
720575940610000964,18,1843,1,1843,100.0,102.38888888888889,local,0
720575940610001220,11,705,1,705,100.0,64.0909090909091,local,0
720575940610004437,5,138,1,138,100.0,27.6,local,0
720575940610005828,4,85,1,85,100.0,21.25,projection,49
720575940610054980,12,723,1,723,100.0,60.25,local,0
720575940610079957,8,417,1,417,100.0,52.125,projection,63
720575940610103906,1,12,1,12,100.0,12.0,local,0
720575940610173048,15,577,1,577,100.0,38.46666666666667,local,0
720575940610209378,1,44,1,44,100.0,44.0,projection,864
720575940610215637,1,18,1,18,100.0,18.0,projection,121
720575940610224738,1,35,1,35,100.0,35.0,projection,330
720575940610232274,18,886,1,886,100.0,49.22222222222222,local,0
720575940610254810,1,21,1,21,100.0,21.0,projection,50
720575940610259370,1,85,1,85,100.0,85.0,local,0
720575940610259406,2,285,1,285,100.0,142.5,local,0
720575940610296622,3,55,1,55,100.0,18.333333333333332,local,0
720575940610304610,1,36,1,36,100.0,36.0,projection,383
720575940610355882,1,10,1,10,100.0,10.0,projection,100
720575940610381778,3,122,1,122,100.0,40.666666666666664,projection,61
720575940610384281,2,12,1,12,100.0,6.0,projection,158
720575940610409170,1,13,1,13,100.0,13.0,projection,304
720575940610427512,1,25,1,25,100.0,25.0,projection,140
720575940610457457,4,62,1,62,100.0,15.5,projection,59
720575940610469422,1,48,1,48,100.0,48.0,projection,47
720575940610474610,2,255,1,255,100.0,127.5,local,0
720575940610479811,2,50,1,50,100.0,25.0,projection,305
720575940610481370,2,445,1,445,100.0,222.5,local,0
720575940610482883,5,211,1,211,100.0,42.2,local,0
720575940610483162,3,1161,1,1161,100.0,387.0,local,0
720575940610491694,1,33,1,33,100.0,33.0,projection,602
720575940610530606,1,5,1,5,100.0,5.0,projection,3506
720575940610537170,1,15,1,15,100.0,15.0,projection,1438
720575940610548337,1,24,1,24,100.0,24.0,projection,192
720575940610584945,11,353,1,353,100.0,32.09090909090909,local,0
720575940610588057,5,57,1,57,100.0,11.4,local,0
720575940610594766,4,47,1,47,100.0,11.75,local,0
720575940610604334,2,52,1,52,100.0,26.0,projection,24
720575940610606126,5,964,1,964,100.0,192.8,local,0
720575940610611246,15,1967,1,1967,100.0,131.13333333333333,local,0
720575940610615013,3,102,1,102,100.0,34.0,local,0
720575940610623658,4,116,1,116,100.0,29.0,projection,6
720575940610649442,3,165,1,165,100.0,55.0,local,0
720575940610677828,1,14,1,14,100.0,14.0,local,0
720575940610683315,5,1199,1,1199,100.0,239.8,local,0
720575940610694098,5,150,1,150,100.0,30.0,projection,586
720575940610698052,7,247,1,247,100.0,35.285714285714285,projection,300
720575940610708430,9,353,1,353,100.0,39.22222222222222,projection,1201
720575940610741880,2,23,1,23,100.0,11.5,projection,1104
720575940610763874,6,410,1,410,100.0,68.33333333333333,projection,272
720575940610773090,6,848,1,848,100.0,141.33333333333334,local,0
720575940610803554,2,29,1,29,100.0,14.5,projection,147
720575940610846306,1,14,1,14,100.0,14.0,projection,39
720575940610847973,2,85,1,85,100.0,42.5,local,0
720575940610861554,5,56,1,56,100.0,11.2,projection,25
720575940610895474,1,5,1,5,100.0,5.0,local,0
720575940610896338,1,6,1,6,100.0,6.0,projection,107
720575940610899666,5,151,1,151,100.0,30.2,projection,4262
720575940610916194,2,10,1,10,100.0,5.0,projection,272
720575940610956334,3,102,1,102,100.0,34.0,projection,1403
720575940610959834,1,48,1,48,100.0,48.0,projection,21
720575940610979938,1,25,1,25,100.0,25.0,projection,128
720575940610980118,1,13,1,13,100.0,13.0,projection,351
720575940610981362,19,4515,1,4515,100.0,237.6315789473684,local,0
720575940610983321,1,57,1,57,100.0,57.0,projection,38
720575940610986006,12,651,1,651,100.0,54.25,local,0
720575940611015122,7,210,1,210,100.0,30.0,local,0
720575940611018714,2,298,1,298,100.0,149.0,local,0
720575940611086286,1,12,1,12,100.0,12.0,projection,842
720575940611090244,2,39,1,39,100.0,19.5,projection,3162
720575940611106453,3,165,1,165,100.0,55.0,local,0
720575940611128782,4,436,1,436,100.0,109.0,projection,937
720575940611134414,1,21,1,21,100.0,21.0,projection,139
720575940611139733,1,8,1,8,100.0,8.0,projection,1721
720575940611142323,1,22,1,22,100.0,22.0,local,0
720575940611151406,2,49,1,49,100.0,24.5,local,0
720575940611156978,1,14,1,14,100.0,14.0,projection,25
720575940611157746,7,531,1,531,100.0,75.85714285714286,local,0
720575940611160930,23,1774,1,1774,100.0,77.1304347826087,projection,394
720575940611164770,9,1053,1,1053,100.0,117.0,projection,1481
720575940611167842,6,264,1,264,100.0,44.0,local,0
720575940611168921,3,413,1,413,100.0,137.66666666666666,local,0
720575940611169242,1,5,1,5,100.0,5.0,projection,148
720575940611184819,5,471,1,471,100.0,94.2,local,0
720575940611211417,12,3436,1,3436,100.0,286.3333333333333,local,0
720575940611248662,5,146,1,146,100.0,29.2,local,0
720575940611292622,1,124,1,124,100.0,124.0,projection,2038
720575940611298522,5,115,1,115,100.0,23.0,projection,94
720575940611351193,1,95,1,95,100.0,95.0,local,0
720575940611352538,1,20,1,20,100.0,20.0,projection,160
720575940611374554,12,547,1,547,100.0,45.583333333333336,projection,215
720575940611379569,3,96,1,96,100.0,32.0,projection,4625
720575940611388595,1,23,1,23,100.0,23.0,local,0
720575940611423402,1,30,1,30,100.0,30.0,projection,178
720575940611442296,4,151,1,151,100.0,37.75,local,0
720575940611448243,2,21,1,21,100.0,10.5,projection,367
720575940611451598,1,30,1,30,100.0,30.0,projection,93
720575940611456661,1,18,1,18,100.0,18.0,projection,831
720575940611469518,2,35,1,35,100.0,17.5,projection,205
720575940611490778,4,146,1,146,100.0,36.5,projection,630
720575940611496165,8,411,1,411,100.0,51.375,projection,104
720575940611498389,1,36,1,36,100.0,36.0,projection,155
720575940611531986,1,20,1,20,100.0,20.0,local,0
720575940611546794,1,30,1,30,100.0,30.0,projection,114
720575940611548273,1,45,1,45,100.0,45.0,projection,405
720575940611548878,6,172,1,172,100.0,28.666666666666668,local,0
720575940611549902,17,747,1,747,100.0,43.94117647058823,local,0
720575940611585459,2,15,1,15,100.0,7.5,projection,170
720575940611596467,1,10,1,10,100.0,10.0,local,0
720575940611608037,1,28,1,28,100.0,28.0,projection,521
720575940611630194,1,20,1,20,100.0,20.0,local,0
720575940611646962,1,45,1,45,100.0,45.0,projection,219
720575940611672785,1,18,1,18,100.0,18.0,projection,87
720575940611678181,1,84,1,84,100.0,84.0,local,0
720575940611682533,2,58,1,58,100.0,29.0,projection,150
720575940611697066,1,13,1,13,100.0,13.0,projection,6
720575940611717357,1,77,1,77,100.0,77.0,local,0
720575940611738035,1,20,1,20,100.0,20.0,projection,2816
720575940611755157,2,230,1,230,100.0,115.0,projection,1582
720575940611767189,1,39,1,39,100.0,39.0,projection,408
720575940611771029,1,20,1,20,100.0,20.0,projection,31
720575940611772083,2,48,1,48,100.0,24.0,local,0
720575940611775717,2,257,1,257,100.0,128.5,projection,52
720575940611782874,4,83,1,83,100.0,20.75,projection,60
720575940611799445,2,62,1,62,100.0,31.0,projection,330
720575940611812050,24,1580,1,1580,100.0,65.83333333333333,projection,934
720575940611813842,2,14,1,14,100.0,7.0,projection,7
720575940611817779,1,15,1,15,100.0,15.0,local,0
720575940611849178,4,1686,1,1686,100.0,421.5,local,0
720575940611849826,2,49,1,49,100.0,24.5,local,0
720575940611858906,11,709,1,709,100.0,64.45454545454545,local,0
720575940611859057,2,41,1,41,100.0,20.5,projection,181
720575940611868825,5,241,1,241,100.0,48.2,local,0
720575940611871352,2,85,1,85,100.0,42.5,projection,171
720575940611875570,3,122,1,122,100.0,40.666666666666664,local,0
720575940611933138,2,70,1,70,100.0,35.0,projection,176
720575940611952810,4,77,1,77,100.0,19.25,projection,53
720575940611958994,3,29,1,29,100.0,9.666666666666666,projection,49
720575940611975594,1,10,1,10,100.0,10.0,projection,158
720575940611988197,15,1037,1,1037,100.0,69.13333333333334,local,0
720575940611991830,4,638,1,638,100.0,159.5,projection,93
720575940612003441,2,25,1,25,100.0,12.5,projection,1438
720575940612019569,6,664,1,664,100.0,110.66666666666667,local,0
720575940612030899,2,50,1,50,100.0,25.0,projection,630
720575940612031986,1,43,1,43,100.0,43.0,projection,496
720575940612036837,1,19,1,19,100.0,19.0,local,0
720575940612044750,1,15,1,15,100.0,15.0,projection,389
720575940612079845,3,57,1,57,100.0,19.0,projection,17
720575940612087922,3,210,1,210,100.0,70.0,projection,104
720575940612097522,1,12,1,12,100.0,12.0,projection,516
720575940612120794,7,186,1,186,100.0,26.571428571428573,projection,111
720575940612127706,2,87,1,87,100.0,43.5,projection,455
720575940612154482,1,33,1,33,100.0,33.0,projection,86
720575940612159411,1,25,1,25,100.0,25.0,projection,430
720575940612208858,15,727,1,727,100.0,48.46666666666667,local,0
720575940612235747,10,328,1,328,100.0,32.8,local,0
720575940612256938,2,311,1,311,100.0,155.5,local,0
720575940612261603,10,697,1,697,100.0,69.7,local,0
720575940612266213,1,8,1,8,100.0,8.0,projection,34
720575940612267470,1,10,1,10,100.0,10.0,projection,73
720575940612270307,2,19,1,19,100.0,9.5,local,0
720575940612277090,19,931,1,931,100.0,49.0,local,0
720575940612278114,1,10,1,10,100.0,10.0,projection,20
720575940612284387,3,88,1,88,100.0,29.333333333333332,local,0
720575940612284569,1,14,1,14,100.0,14.0,projection,7711
720575940612289010,28,1832,1,1832,100.0,65.42857142857143,projection,13
720575940612302506,1,40,1,40,100.0,40.0,projection,54
720575940612303102,2,23,1,23,100.0,11.5,projection,126
720575940612308776,2,67,1,67,100.0,33.5,projection,169
720575940612319155,8,182,1,182,100.0,22.75,projection,198
720575940612337331,2,48,1,48,100.0,24.0,projection,3717
720575940612339123,6,115,1,115,100.0,19.166666666666668,local,0
720575940612341858,6,118,1,118,100.0,19.666666666666668,projection,146
720575940612354034,2,54,1,54,100.0,27.0,local,0
720575940612357618,5,610,1,610,100.0,122.0,local,0
720575940612387434,1,24,1,24,100.0,24.0,local,0
720575940612422579,3,87,1,87,100.0,29.0,local,0
720575940612430821,1,10,1,10,100.0,10.0,projection,148
720575940612438514,4,256,1,256,100.0,64.0,local,0
720575940612443890,2,43,1,43,100.0,21.5,local,0
720575940612446866,4,980,1,980,100.0,245.0,local,0
720575940612464867,1,12,1,12,100.0,12.0,projection,243
720575940612470755,10,263,1,263,100.0,26.3,local,0
720575940612478383,5,55,1,55,100.0,11.0,local,0
720575940612479205,3,260,1,260,100.0,86.66666666666667,projection,5
720575940612490958,7,233,1,233,100.0,33.285714285714285,projection,1761
720575940612498346,1,54,1,54,100.0,54.0,projection,297
720575940612531370,3,196,1,196,100.0,65.33333333333333,projection,737
720575940612549802,1,25,1,25,100.0,25.0,projection,375
720575940612554393,13,464,1,464,100.0,35.69230769230769,local,0
720575940612554979,2,90,1,90,100.0,45.0,projection,240
720575940612556402,4,1519,1,1519,100.0,379.75,local,0
720575940612558061,7,201,1,201,100.0,28.714285714285715,local,0
720575940612564135,2,24,1,24,100.0,12.0,local,0
720575940612572131,5,217,1,217,100.0,43.4,projection,1229
720575940612574435,3,50,1,50,100.0,16.666666666666668,local,0
720575940612582514,2,180,1,180,100.0,90.0,local,0
720575940612584419,1,7,1,7,100.0,7.0,projection,583
720575940612599193,2,99,1,99,100.0,49.5,local,0
720575940612606105,7,216,1,216,100.0,30.857142857142858,local,0
720575940612619431,2,115,1,115,100.0,57.5,projection,24
720575940612628195,1,6,1,6,100.0,6.0,projection,29
720575940612630434,2,173,1,173,100.0,86.5,projection,326
720575940612631445,5,582,1,582,100.0,116.4,projection,29
720575940612648106,1,25,1,25,100.0,25.0,local,0
720575940612670570,4,182,1,182,100.0,45.5,local,0
720575940612686233,5,145,1,145,100.0,29.0,local,0
720575940612708323,1,27,1,27,100.0,27.0,projection,67
720575940612708374,1,66,1,66,100.0,66.0,projection,372
720575940612714723,1,14,1,14,100.0,14.0,projection,1694
720575940612761750,1,5,1,5,100.0,5.0,projection,155
720575940612772915,4,841,1,841,100.0,210.25,local,0
720575940612796438,1,36,1,36,100.0,36.0,projection,206
720575940612815766,1,14,1,14,100.0,14.0,projection,84
720575940612819763,2,66,1,66,100.0,33.0,local,0
720575940612856342,1,27,1,27,100.0,27.0,projection,925
720575940612894578,1,93,1,93,100.0,93.0,projection,283
720575940612906518,11,201,1,201,100.0,18.272727272727273,local,0
720575940612910376,2,28,1,28,100.0,14.0,projection,471
720575940612920386,3,1536,1,1536,100.0,512.0,local,0
720575940612921571,1,56,1,56,100.0,56.0,local,0
720575940612921581,2,30,1,30,100.0,15.0,projection,26
720575940612942289,2,62,1,62,100.0,31.0,projection,62
720575940612950642,3,91,1,91,100.0,30.333333333333332,local,0
720575940612952557,18,884,1,884,100.0,49.111111111111114,local,0
720575940612999909,1,14,1,14,100.0,14.0,projection,13
720575940613003669,1,10,1,10,100.0,10.0,projection,113
720575940613016805,1,40,1,40,100.0,40.0,projection,109
720575940613053393,1,12,1,12,100.0,12.0,projection,177
720575940613061118,3,672,1,672,100.0,224.0,local,0
720575940613071313,1,84,1,84,100.0,84.0,projection,68
720575940613080751,4,301,1,301,100.0,75.25,local,0
720575940613093010,1,42,1,42,100.0,42.0,projection,54
720575940613106582,5,282,1,282,100.0,56.4,projection,23
720575940613107119,1,10,1,10,100.0,10.0,projection,145
720575940613120721,1,25,1,25,100.0,25.0,local,0
720575940613170385,13,825,1,825,100.0,63.46153846153846,local,0
720575940613203119,1,10,1,10,100.0,10.0,projection,4239
720575940613213165,2,40,1,40,100.0,20.0,projection,52
720575940613224446,1,51,1,51,100.0,51.0,projection,53
720575940613233891,2,180,1,180,100.0,90.0,projection,65
720575940613234897,1,18,1,18,100.0,18.0,projection,98
720575940613253091,1,42,1,42,100.0,42.0,projection,174
720575940613258221,2,18,1,18,100.0,9.0,projection,1542
720575940613277491,2,63,1,63,100.0,31.5,projection,17
720575940613286637,1,42,1,42,100.0,42.0,projection,96
720575940613347299,2,40,1,40,100.0,20.0,projection,12
720575940613353169,1,50,1,50,100.0,50.0,projection,92
720575940613356851,6,286,1,286,100.0,47.666666666666664,local,0
720575940613407647,1,18,1,18,100.0,18.0,projection,30
720575940613419506,2,15,1,15,100.0,7.5,projection,51
720575940613428707,1,10,1,10,100.0,10.0,projection,613
720575940613463859,1,25,1,25,100.0,25.0,projection,70
720575940613478963,1,25,1,25,100.0,25.0,projection,51
720575940613480159,1,9,1,9,100.0,9.0,local,0
720575940613481282,1,14,1,14,100.0,14.0,projection,618
720575940613493485,2,86,1,86,100.0,43.0,projection,368
720575940613511987,1,40,1,40,100.0,40.0,projection,433
720575940613524647,1,32,1,32,100.0,32.0,projection,94
720575940613530349,1,20,1,20,100.0,20.0,projection,184
720575940613533607,6,94,1,94,100.0,15.666666666666666,local,0
720575940613563117,6,855,1,855,100.0,142.5,local,0
720575940613583001,2,57,1,57,100.0,28.5,projection,32076
720575940613590501,2,22,1,22,100.0,11.0,projection,4390
720575940613604162,3,58,1,58,100.0,19.333333333333332,projection,5
720575940613613721,1,10,1,10,100.0,10.0,projection,147
720575940613640685,7,182,1,182,100.0,26.0,local,0
720575940613646565,1,15,1,15,100.0,15.0,projection,108
720575940613647007,1,10,1,10,100.0,10.0,projection,7
720575940613668266,1,38,1,38,100.0,38.0,projection,2054
720575940613687789,15,1427,1,1427,100.0,95.13333333333334,projection,40
720575940613691559,1,7,1,7,100.0,7.0,projection,231
720575940613695346,4,40,1,40,100.0,10.0,local,0
720575940613743569,3,111,1,111,100.0,37.0,local,0
720575940613746087,1,28,1,28,100.0,28.0,projection,650
720575940613747734,8,213,1,213,100.0,26.625,local,0
720575940613754833,1,6,1,6,100.0,6.0,projection,66
720575940613786774,2,130,1,130,100.0,65.0,local,0
720575940613797295,1,6,1,6,100.0,6.0,projection,118
720575940613804259,1,12,1,12,100.0,12.0,projection,4607
720575940613809071,1,96,1,96,100.0,96.0,projection,1031
720575940613816626,2,112,1,112,100.0,56.0,projection,32
720575940613828202,11,482,1,482,100.0,43.81818181818182,local,0
720575940613838289,1,11,1,11,100.0,11.0,projection,386
720575940613858046,4,58,1,58,100.0,14.5,projection,58
720575940613865110,1,9,1,9,100.0,9.0,projection,363
720575940613870242,1,10,1,10,100.0,10.0,projection,962
720575940613871046,1,12,1,12,100.0,12.0,projection,104
720575940613877423,2,27,1,27,100.0,13.5,projection,576
720575940613895934,1,13,1,13,100.0,13.0,projection,653
720575940613898449,1,104,1,104,100.0,104.0,projection,357
720575940613903778,1,5,1,5,100.0,5.0,projection,254
720575940613915089,1,7,1,7,100.0,7.0,local,0
720575940613929391,7,247,1,247,100.0,35.285714285714285,local,0
720575940613944994,6,112,1,112,100.0,18.666666666666668,projection,4319
720575940613983794,3,62,1,62,100.0,20.666666666666668,projection,38
720575940613992657,6,171,1,171,100.0,28.5,projection,4357
720575940613996959,2,236,1,236,100.0,118.0,local,0
720575940614010274,2,15,1,15,100.0,7.5,projection,427
720575940614014895,3,87,1,87,100.0,29.0,local,0
720575940614062503,1,13,1,13,100.0,13.0,projection,673
720575940614067507,2,264,1,264,100.0,132.0,projection,339
720575940614086609,1,28,1,28,100.0,28.0,projection,19
720575940614087377,1,10,1,10,100.0,10.0,projection,161
720575940614098897,3,174,1,174,100.0,58.0,projection,753
720575940614099142,5,92,1,92,100.0,18.4,projection,833
720575940614099818,6,190,1,190,100.0,31.666666666666668,local,0
720575940614109586,1,6,1,6,100.0,6.0,projection,1066
720575940614137809,2,84,1,84,100.0,42.0,projection,4551
720575940614150567,12,474,1,474,100.0,39.5,projection,113
720575940614165201,1,11,1,11,100.0,11.0,local,0
720575940614175742,1,11,1,11,100.0,11.0,projection,1684
720575940614186090,1,20,1,20,100.0,20.0,projection,63
720575940614211295,4,1425,1,1425,100.0,356.25,local,0
720575940614245526,2,110,1,110,100.0,55.0,projection,148
720575940614273292,4,276,1,276,100.0,69.0,local,0
720575940614281266,2,429,1,429,100.0,214.5,local,0
720575940614281578,1,33,1,33,100.0,33.0,projection,16
720575940614302370,2,106,1,106,100.0,53.0,local,0
720575940614314399,1,14,1,14,100.0,14.0,projection,164
720575940614326162,3,42,1,42,100.0,14.0,projection,1602
720575940614342762,2,170,1,170,100.0,85.0,projection,282
720575940614362851,4,168,1,168,100.0,42.0,projection,57
720575940614380455,1,31,1,31,100.0,31.0,projection,1244
720575940614388447,5,97,1,97,100.0,19.4,projection,123
720575940614393205,1,25,1,25,100.0,25.0,local,0
720575940614465478,1,6,1,6,100.0,6.0,local,0
720575940614466983,3,56,1,56,100.0,18.666666666666668,projection,93
720575940614467751,2,154,1,154,100.0,77.0,projection,387
720575940614483879,9,423,1,423,100.0,47.0,projection,699
720575940614489511,1,18,1,18,100.0,18.0,projection,5
720575940614557586,1,39,1,39,100.0,39.0,projection,39
720575940614572542,16,407,1,407,100.0,25.4375,projection,144
720575940614574994,1,11,1,11,100.0,11.0,projection,1838
720575940614600879,1,10,1,10,100.0,10.0,projection,596
720575940614604962,4,133,1,133,100.0,33.25,projection,382
720575940614607522,1,15,1,15,100.0,15.0,projection,21
720575940614642838,4,169,1,169,100.0,42.25,local,0
720575940614654395,2,51,1,51,100.0,25.5,projection,357
720575940614659690,2,44,1,44,100.0,22.0,projection,343
720575940614698658,4,124,1,124,100.0,31.0,projection,31
720575940614702239,1,50,1,50,100.0,50.0,projection,43
720575940614709410,1,5,1,5,100.0,5.0,projection,203
720575940614724514,1,14,1,14,100.0,14.0,projection,153
720575940614734186,4,443,1,443,100.0,110.75,local,0
720575940614736290,12,2569,1,2569,100.0,214.08333333333334,local,0
720575940614753653,3,104,1,104,100.0,34.666666666666664,projection,14
720575940614756589,2,13,1,13,100.0,6.5,projection,2054
720575940614758806,1,14,1,14,100.0,14.0,projection,312
720575940614763666,9,702,1,702,100.0,78.0,local,0
720575940614768168,3,30,1,30,100.0,10.0,projection,42
720575940614796354,1,48,1,48,100.0,48.0,projection,31
720575940614830239,20,4190,1,4190,100.0,209.5,local,0
720575940614908758,1,10,1,10,100.0,10.0,projection,209
720575940614921670,2,60,1,60,100.0,30.0,projection,44
720575940614936543,6,127,1,127,100.0,21.166666666666668,projection,84
720575940614938636,2,63,1,63,100.0,31.5,projection,68
720575940614942610,1,32,1,32,100.0,32.0,projection,374
720575940614950194,5,60,1,60,100.0,12.0,projection,11
720575940614957162,1,18,1,18,100.0,18.0,projection,906
720575940614965691,8,794,1,794,100.0,99.25,local,0
720575940614997910,1,5,1,5,100.0,5.0,projection,420
720575940614998166,13,577,1,577,100.0,44.38461538461539,local,0
720575940615000426,1,5,1,5,100.0,5.0,projection,110
720575940615029288,1,6,1,6,100.0,6.0,projection,10
720575940615043222,2,89,1,89,100.0,44.5,projection,1126
720575940615044502,5,114,1,114,100.0,22.8,local,0
720575940615047976,3,420,1,420,100.0,140.0,projection,109
720575940615049578,2,85,1,85,100.0,42.5,projection,5
720575940615052812,15,1596,1,1596,100.0,106.4,local,0
720575940615059240,1,5,1,5,100.0,5.0,projection,572
720575940615062568,3,511,1,511,100.0,170.33333333333334,projection,76
720575940615063592,9,504,1,504,100.0,56.0,local,0
720575940615083439,1,9,1,9,100.0,9.0,local,0
720575940615088434,1,56,1,56,100.0,56.0,local,0
720575940615089369,2,269,1,269,100.0,134.5,local,0
720575940615130124,1,22,1,22,100.0,22.0,projection,102
720575940615134091,1,30,1,30,100.0,30.0,projection,147
720575940615134557,4,192,1,192,100.0,48.0,local,0
720575940615153494,1,16,1,16,100.0,16.0,local,0
720575940615160386,1,5,1,5,100.0,5.0,projection,4420
720575940615183071,2,23,1,23,100.0,11.5,projection,735
720575940615193100,1,15,1,15,100.0,15.0,projection,33
720575940615210508,1,14,1,14,100.0,14.0,projection,51
720575940615215922,3,247,1,247,100.0,82.33333333333333,local,0
720575940615222634,2,22,1,22,100.0,11.0,local,0
720575940615244595,2,14,1,14,100.0,7.0,local,0
720575940615251083,3,84,1,84,100.0,28.0,projection,106
720575940615251339,4,177,1,177,100.0,44.25,projection,120
720575940615255603,1,7,1,7,100.0,7.0,projection,4654
720575940615257567,3,100,1,100,100.0,33.333333333333336,projection,168
720575940615274425,5,712,1,712,100.0,142.4,local,0
720575940615292895,22,1335,1,1335,100.0,60.68181818181818,local,0
720575940615330265,3,172,1,172,100.0,57.333333333333336,local,0
720575940615335458,1,5,1,5,100.0,5.0,local,0
720575940615345595,3,58,1,58,100.0,19.333333333333332,projection,116
720575940615376863,2,362,1,362,100.0,181.0,local,0
720575940615378700,1,174,1,174,100.0,174.0,projection,170
720575940615379686,3,41,1,41,100.0,13.666666666666666,projection,59
720575940615382751,4,125,1,125,100.0,31.25,projection,1549
720575940615406590,16,2261,1,2261,100.0,141.3125,local,0
720575940615413435,1,16,1,16,100.0,16.0,projection,582
720575940615424086,2,20,1,20,100.0,10.0,projection,28
720575940615438402,3,24,1,24,100.0,8.0,projection,2403
720575940615458235,1,16,1,16,100.0,16.0,projection,495
720575940615464891,1,30,1,30,100.0,30.0,projection,173
720575940615480370,2,170,1,170,100.0,85.0,local,0
720575940615490814,1,66,1,66,100.0,66.0,projection,87
720575940615505979,3,83,1,83,100.0,27.666666666666668,projection,150
720575940615529414,2,15,1,15,100.0,7.5,projection,2209
720575940615555257,1,6,1,6,100.0,6.0,local,0
720575940615581126,1,14,1,14,100.0,14.0,projection,111
720575940615582111,3,68,1,68,100.0,22.666666666666668,local,0
720575940615583650,4,260,1,260,100.0,65.0,local,0
720575940615593522,3,40,1,40,100.0,13.333333333333334,projection,170
720575940615594658,1,12,1,12,100.0,12.0,projection,1603
720575940615598849,2,21,1,21,100.0,10.5,local,0
720575940615603851,1,7,1,7,100.0,7.0,local,0
720575940615606489,2,21,1,21,100.0,10.5,projection,147
720575940615606634,3,44,1,44,100.0,14.666666666666666,projection,240
720575940615607308,2,104,1,104,100.0,52.0,projection,15
720575940615641798,2,510,1,510,100.0,255.0,local,0
720575940615663466,4,57,1,57,100.0,14.25,projection,39
720575940615668370,2,36,1,36,100.0,18.0,projection,46
720575940615671106,4,199,1,199,100.0,49.75,local,0
720575940615672130,10,544,1,544,100.0,54.4,local,0
720575940615677090,1,102,1,102,100.0,102.0,local,0
720575940615677330,2,11,1,11,100.0,5.5,projection,84
720575940615740834,1,10,1,10,100.0,10.0,local,0
720575940615749051,2,71,1,71,100.0,35.5,projection,169
720575940615749819,2,25,1,25,100.0,12.5,projection,17
720575940615763174,1,6,1,6,100.0,6.0,local,0
720575940615763573,2,63,1,63,100.0,31.5,projection,889
720575940615770811,7,161,1,161,100.0,23.0,projection,174
720575940615776373,1,35,1,35,100.0,35.0,projection,130
720575940615792523,4,128,1,128,100.0,32.0,projection,360
720575940615799308,1,24,1,24,100.0,24.0,projection,986
720575940615823666,1,48,1,48,100.0,48.0,projection,69
720575940615824011,4,88,1,88,100.0,22.0,projection,53
720575940615879995,2,146,1,146,100.0,73.0,local,0
720575940615881762,1,10,1,10,100.0,10.0,projection,272
720575940615886534,7,296,1,296,100.0,42.285714285714285,projection,3380
720575940615896806,1,10,1,10,100.0,10.0,projection,53
720575940615898086,4,43,1,43,100.0,10.75,projection,41
720575940615903259,1,119,1,119,100.0,119.0,local,0
720575940615904546,1,5,1,5,100.0,5.0,projection,202
720575940615906316,2,20,1,20,100.0,10.0,projection,19
720575940615923924,1,25,1,25,100.0,25.0,projection,261
720575940615929373,1,153,1,153,100.0,153.0,projection,14
720575940615950109,4,100,1,100,100.0,25.0,projection,472
720575940615970015,3,212,1,212,100.0,70.66666666666667,local,0
720575940615971841,1,19,1,19,100.0,19.0,projection,331
720575940615973388,2,22,1,22,100.0,11.0,projection,72
720575940615977522,1,24,1,24,100.0,24.0,projection,20
720575940616004146,2,155,1,155,100.0,77.5,projection,71
720575940616014092,12,326,1,326,100.0,27.166666666666668,local,0
720575940616018326,1,40,1,40,100.0,40.0,projection,117
720575940616018956,28,1641,1,1641,100.0,58.607142857142854,projection,446
720575940616028475,3,27,1,27,100.0,9.0,local,0
720575940616033563,1,12,1,12,100.0,12.0,local,0
720575940616038294,1,105,1,105,100.0,105.0,local,0
720575940616056114,3,52,1,52,100.0,17.333333333333332,projection,447
720575940616071483,7,156,1,156,100.0,22.285714285714285,local,0
720575940616071563,1,15,1,15,100.0,15.0,projection,663
720575940616072221,2,53,1,53,100.0,26.5,projection,58
720575940616077874,3,102,1,102,100.0,34.0,projection,613
720575940616085334,1,24,1,24,100.0,24.0,projection,305
720575940616103218,2,36,1,36,100.0,18.0,local,0
720575940616104379,3,58,1,58,100.0,19.333333333333332,projection,109
720575940616121403,2,20,1,20,100.0,10.0,projection,155
720575940616121501,1,33,1,33,100.0,33.0,projection,58
720575940616127931,5,146,1,146,100.0,29.2,projection,678
720575940616162866,8,191,1,191,100.0,23.875,local,0
720575940616163701,1,96,1,96,100.0,96.0,local,0
720575940616167218,4,217,1,217,100.0,54.25,local,0
720575940616169010,2,247,1,247,100.0,123.5,local,0
720575940616169578,2,69,1,69,100.0,34.5,projection,4383
720575940616177458,2,232,1,232,100.0,116.0,local,0
720575940616183483,1,5,1,5,100.0,5.0,local,0
720575940616187754,3,24,1,24,100.0,8.0,projection,378
720575940616194610,6,308,1,308,100.0,51.333333333333336,local,0
720575940616197819,1,12,1,12,100.0,12.0,projection,2565
720575940616199910,1,160,1,160,100.0,160.0,projection,650
720575940616200790,19,475,1,475,100.0,25.0,projection,760
720575940616219222,6,146,1,146,100.0,24.333333333333332,projection,75
720575940616264788,2,174,1,174,100.0,87.0,local,0
720575940616286395,1,132,1,132,100.0,132.0,local,0
720575940616295069,1,39,1,39,100.0,39.0,projection,23
720575940616295493,1,18,1,18,100.0,18.0,projection,27
720575940616298171,14,490,1,490,100.0,35.0,local,0
720575940616308921,3,372,1,372,100.0,124.0,local,0
720575940616315281,1,6,1,6,100.0,6.0,projection,188
720575940616317211,3,83,1,83,100.0,27.666666666666668,local,0
720575940616318045,2,50,1,50,100.0,25.0,projection,438
720575940616328705,5,215,1,215,100.0,43.0,local,0
720575940616353675,3,135,1,135,100.0,45.0,local,0
720575940616408065,1,22,1,22,100.0,22.0,projection,48
720575940616419701,2,12,1,12,100.0,6.0,projection,217
720575940616423647,1,68,1,68,100.0,68.0,projection,1022
720575940616440091,2,45,1,45,100.0,22.5,local,0
720575940616441181,2,28,1,28,100.0,14.0,projection,61
720575940616480605,1,6,1,6,100.0,6.0,projection,157
720575940616483284,1,14,1,14,100.0,14.0,projection,1371
720575940616483414,3,50,1,50,100.0,16.666666666666668,projection,707
720575940616503157,1,16,1,16,100.0,16.0,projection,32
720575940616561803,1,75,1,75,100.0,75.0,projection,119
720575940616562150,4,583,1,583,100.0,145.75,local,0
720575940616563668,1,20,1,20,100.0,20.0,projection,488
720575940616567636,2,92,1,92,100.0,46.0,projection,237
720575940616571485,3,27,1,27,100.0,9.0,projection,61
720575940616572043,1,16,1,16,100.0,16.0,projection,75
720575940616577141,1,13,1,13,100.0,13.0,projection,155
720575940616592523,1,14,1,14,100.0,14.0,projection,112
720575940616605579,1,18,1,18,100.0,18.0,projection,52
720575940616614946,1,15,1,15,100.0,15.0,projection,18
720575940616616861,8,1446,1,1446,100.0,180.75,local,0
720575940616618053,3,65,1,65,100.0,21.666666666666668,local,0
720575940616633664,1,10,1,10,100.0,10.0,projection,480
720575940616667186,6,152,1,152,100.0,25.333333333333332,local,0
720575940616673366,2,215,1,215,100.0,107.5,projection,331
720575940616679654,1,13,1,13,100.0,13.0,projection,62
720575940616742657,2,270,1,270,100.0,135.0,local,0
720575940616766294,1,8,1,8,100.0,8.0,projection,108
720575940616769497,3,90,1,90,100.0,30.0,projection,61
720575940616777099,1,7,1,7,100.0,7.0,projection,1340
720575940616791067,2,137,1,137,100.0,68.5,local,0
720575940616799547,1,18,1,18,100.0,18.0,projection,34
720575940616801622,2,11,1,11,100.0,5.5,projection,384
720575940616811265,2,119,1,119,100.0,59.5,local,0
720575940616829401,2,145,1,145,100.0,72.5,projection,98
720575940616840665,3,45,1,45,100.0,15.0,projection,169
720575940616848030,1,10,1,10,100.0,10.0,projection,258
720575940616848214,8,1208,1,1208,100.0,151.0,local,0
720575940616851030,3,38,1,38,100.0,12.666666666666666,local,0
720575940616864086,2,25,1,25,100.0,12.5,local,0
720575940616872337,2,104,1,104,100.0,52.0,projection,46
720575940616882757,2,61,1,61,100.0,30.5,projection,147
720575940616885538,3,167,1,167,100.0,55.666666666666664,local,0
720575940616896257,2,55,1,55,100.0,27.5,projection,24
720575940616899033,1,8,1,8,100.0,8.0,projection,342
720575940616906909,1,15,1,15,100.0,15.0,projection,140
720575940616938555,1,40,1,40,100.0,40.0,projection,87
720575940616941969,1,18,1,18,100.0,18.0,projection,349
720575940616950161,2,21,1,21,100.0,10.5,projection,2894
720575940616971035,5,446,1,446,100.0,89.2,local,0
720575940616974941,2,156,1,156,100.0,78.0,projection,37
720575940616987097,2,115,1,115,100.0,57.5,projection,499
720575940617000768,3,163,1,163,100.0,54.333333333333336,local,0
720575940617024562,1,24,1,24,100.0,24.0,projection,57
720575940617031385,4,146,1,146,100.0,36.5,local,0
720575940617121819,10,2711,1,2711,100.0,271.1,local,0
720575940617138466,7,148,1,148,100.0,21.142857142857142,local,0
720575940617151266,8,448,1,448,100.0,56.0,local,0
720575940617181725,4,93,1,93,100.0,23.25,local,0
720575940617229691,4,196,1,196,100.0,49.0,local,0
720575940617239197,2,480,1,480,100.0,240.0,local,0
720575940617241629,20,658,1,658,100.0,32.9,local,0
720575940617272699,1,7,1,7,100.0,7.0,projection,13
720575940617277145,1,10,1,10,100.0,10.0,projection,1333
720575940617288226,1,10,1,10,100.0,10.0,projection,13
720575940617289689,1,57,1,57,100.0,57.0,projection,95
720575940617290043,1,10,1,10,100.0,10.0,local,0
720575940617290713,2,110,1,110,100.0,55.0,projection,47
720575940617296029,2,34,1,34,100.0,17.0,local,0
720575940617298747,2,39,1,39,100.0,19.5,local,0
720575940617300573,1,40,1,40,100.0,40.0,projection,684
720575940617346718,1,5,1,5,100.0,5.0,local,0
720575940617363156,1,57,1,57,100.0,57.0,projection,56
720575940617373268,4,64,1,64,100.0,16.0,local,0
720575940617391197,3,96,1,96,100.0,32.0,projection,122
720575940617393625,7,296,1,296,100.0,42.285714285714285,local,0
720575940617397341,1,18,1,18,100.0,18.0,projection,5
720575940617398502,4,190,1,190,100.0,47.5,local,0
720575940617398745,5,130,1,130,100.0,26.0,projection,362
720575940617398996,1,42,1,42,100.0,42.0,projection,34
720575940617400550,1,10,1,10,100.0,10.0,projection,260
720575940617401574,1,14,1,14,100.0,14.0,projection,260
720575940617406548,3,30,1,30,100.0,10.0,projection,385
720575940617422481,4,168,1,168,100.0,42.0,projection,503
720575940617432065,2,23,1,23,100.0,11.5,local,0
720575940617433830,2,297,1,297,100.0,148.5,local,0
720575940617443001,3,52,1,52,100.0,17.333333333333332,projection,114
720575940617448331,1,38,1,38,100.0,38.0,projection,755
720575940617452689,1,21,1,21,100.0,21.0,projection,51
720575940617461204,1,27,1,27,100.0,27.0,projection,40
720575940617465137,1,7,1,7,100.0,7.0,projection,49
720575940617476379,6,945,1,945,100.0,157.5,local,0
720575940617480934,1,48,1,48,100.0,48.0,projection,39
720575940617492436,3,54,1,54,100.0,18.0,projection,62
720575940617493078,3,368,1,368,100.0,122.66666666666667,local,0
720575940617494417,1,5,1,5,100.0,5.0,projection,344
720575940617494877,22,862,1,862,100.0,39.18181818181818,local,0
720575940617497413,4,418,1,418,100.0,104.5,local,0
720575940617504561,2,45,1,45,100.0,22.5,projection,9
720575940617504581,1,5,1,5,100.0,5.0,projection,1352
720575940617509701,2,40,1,40,100.0,20.0,projection,279
720575940617510720,1,65,1,65,100.0,65.0,local,0
720575940617539355,12,790,1,790,100.0,65.83333333333333,projection,7
720575940617552340,1,7,1,7,100.0,7.0,projection,2332
720575940617552541,1,27,1,27,100.0,27.0,projection,1278
720575940617559041,1,18,1,18,100.0,18.0,projection,113
720575940617568697,2,65,1,65,100.0,32.5,local,0
720575940617593233,7,444,1,444,100.0,63.42857142857143,local,0
720575940617597268,4,785,1,785,100.0,196.25,local,0
720575940617607451,1,12,1,12,100.0,12.0,projection,493
720575940617611921,3,33,1,33,100.0,11.0,projection,395
720575940617624866,1,5,1,5,100.0,5.0,projection,160
720575940617629387,1,6,1,6,100.0,6.0,projection,122
720575940617629841,4,101,1,101,100.0,25.25,local,0
720575940617630182,4,79,1,79,100.0,19.75,projection,162
720575940617636213,2,90,1,90,100.0,45.0,local,0
720575940617636725,3,71,1,71,100.0,23.666666666666668,local,0
720575940617647429,1,12,1,12,100.0,12.0,projection,19
720575940617648197,2,22,1,22,100.0,11.0,local,0
720575940617648453,10,446,1,446,100.0,44.6,projection,224
720575940617665876,1,15,1,15,100.0,15.0,projection,82
720575940617668662,1,50,1,50,100.0,50.0,local,0
720575940617676405,1,7,1,7,100.0,7.0,projection,292
720575940617678566,18,5489,1,5489,100.0,304.94444444444446,local,0
720575940617687067,1,19,1,19,100.0,19.0,projection,129
720575940617690658,2,56,1,56,100.0,28.0,projection,306
720575940617691170,3,66,1,66,100.0,22.0,projection,765
720575940617707398,1,6,1,6,100.0,6.0,projection,65
720575940617755220,7,520,1,520,100.0,74.28571428571429,local,0
720575940617765405,1,36,1,36,100.0,36.0,projection,408
720575940617787963,18,5041,1,5041,100.0,280.05555555555554,local,0
720575940617801499,2,35,1,35,100.0,17.5,local,0
720575940617819216,1,20,1,20,100.0,20.0,local,0
720575940617821248,1,10,1,10,100.0,10.0,projection,63
720575940617828766,3,2796,1,2796,100.0,932.0,local,0
720575940617833265,3,126,1,126,100.0,42.0,local,0
720575940617835313,3,66,1,66,100.0,22.0,local,0
720575940617853730,2,64,1,64,100.0,32.0,local,0
720575940617853986,2,75,1,75,100.0,37.5,projection,1318
720575940617857694,2,148,1,148,100.0,74.0,local,0
720575940617866048,1,13,1,13,100.0,13.0,projection,53
720575940617878273,1,24,1,24,100.0,24.0,projection,42
720575940617904208,2,32,1,32,100.0,16.0,projection,5
720575940617910155,2,32,1,32,100.0,16.0,projection,119
720575940617917396,1,22,1,22,100.0,22.0,projection,337
720575940617917579,5,151,1,151,100.0,30.2,local,0
720575940617932189,1,7,1,7,100.0,7.0,projection,233
720575940617937543,5,168,1,168,100.0,33.6,local,0
720575940617952034,1,140,1,140,100.0,140.0,projection,171
720575940617997140,5,118,1,118,100.0,23.6,projection,1060
720575940618013524,1,16,1,16,100.0,16.0,projection,458
720575940618021755,1,5,1,5,100.0,5.0,projection,928
720575940618023707,1,48,1,48,100.0,48.0,projection,138
720575940618025199,3,1327,1,1327,100.0,442.3333333333333,local,0
720575940618029396,2,35,1,35,100.0,17.5,projection,1173
720575940618029733,3,496,1,496,100.0,165.33333333333334,local,0
720575940618043806,2,45,1,45,100.0,22.5,projection,73
720575940618058667,1,10,1,10,100.0,10.0,local,0
720575940618098459,4,200,1,200,100.0,50.0,projection,104
720575940618104886,1,28,1,28,100.0,28.0,projection,12
720575940618106553,1,7,1,7,100.0,7.0,local,0
720575940618110774,2,76,1,76,100.0,38.0,projection,123
720575940618130833,1,15,1,15,100.0,15.0,projection,23
720575940618133649,1,28,1,28,100.0,28.0,projection,175
720575940618142513,2,87,1,87,100.0,43.5,projection,86
720575940618156315,2,202,1,202,100.0,101.0,local,0
720575940618156689,2,14,1,14,100.0,7.0,local,0
720575940618164534,1,14,1,14,100.0,14.0,projection,131
720575940618165019,7,207,1,207,100.0,29.571428571428573,local,0
720575940618165787,27,1357,1,1357,100.0,50.25925925925926,local,0
720575940618166811,15,494,1,494,100.0,32.93333333333333,local,0
720575940618168635,4,126,1,126,100.0,31.5,projection,195
720575940618195254,16,505,1,505,100.0,31.5625,projection,258
720575940618206006,1,45,1,45,100.0,45.0,local,0
720575940618207936,1,9,1,9,100.0,9.0,local,0
720575940618214966,1,20,1,20,100.0,20.0,projection,188
720575940618216862,2,17,1,17,100.0,8.5,projection,1124
720575940618238523,1,35,1,35,100.0,35.0,local,0
720575940618259269,1,20,1,20,100.0,20.0,projection,913
720575940618273241,1,9,1,9,100.0,9.0,projection,195
720575940618277952,3,112,1,112,100.0,37.333333333333336,projection,25
720575940618325302,2,42,1,42,100.0,21.0,local,0
720575940618331038,1,5,1,5,100.0,5.0,projection,190
720575940618335301,1,10,1,10,100.0,10.0,projection,41
720575940618385620,2,42,1,42,100.0,21.0,projection,4201
720575940618388463,2,75,1,75,100.0,37.5,local,0
720575940618397598,1,25,1,25,100.0,25.0,projection,152
720575940618410177,1,46,1,46,100.0,46.0,projection,152
720575940618442681,1,64,1,64,100.0,64.0,projection,933
720575940618466384,3,150,1,150,100.0,50.0,local,0
720575940618472261,12,757,1,757,100.0,63.083333333333336,local,0
720575940618514043,4,159,1,159,100.0,39.75,local,0
720575940618518582,1,18,1,18,100.0,18.0,projection,247
720575940618519454,1,21,1,21,100.0,21.0,local,0
720575940618533265,2,122,1,122,100.0,61.0,projection,211
720575940618539810,7,366,1,366,100.0,52.285714285714285,local,0
720575940618552761,2,25,1,25,100.0,12.5,projection,11
720575940618562489,1,5,1,5,100.0,5.0,projection,182
720575940618563664,2,61,1,61,100.0,30.5,projection,711
720575940618571200,1,126,1,126,100.0,126.0,projection,839
720575940618586862,2,168,1,168,100.0,84.0,local,0
720575940618594022,1,10,1,10,100.0,10.0,projection,65
720575940618609317,2,139,1,139,100.0,69.5,local,0
720575940618637632,1,35,1,35,100.0,35.0,projection,167
720575940618681502,1,16,1,16,100.0,16.0,projection,487
720575940618696989,1,9,1,9,100.0,9.0,local,0
720575940618706043,3,61,1,61,100.0,20.333333333333332,local,0
720575940618706811,4,190,1,190,100.0,47.5,local,0
720575940618709371,3,66,1,66,100.0,22.0,local,0
720575940618726454,1,22,1,22,100.0,22.0,projection,668
720575940618726765,1,5,1,5,100.0,5.0,projection,58
720575940618755494,2,180,1,180,100.0,90.0,projection,103
720575940618757666,2,19,1,19,100.0,9.5,projection,4435
720575940618759985,1,38,1,38,100.0,38.0,projection,84
720575940618775892,1,21,1,21,100.0,21.0,projection,277
720575940618788944,24,3412,1,3412,100.0,142.16666666666666,local,0
720575940618791515,11,578,1,578,100.0,52.54545454545455,local,0
720575940618792686,1,18,1,18,100.0,18.0,projection,63
720575940618830676,1,5,1,5,100.0,5.0,projection,1243
720575940618842351,2,117,1,117,100.0,58.5,projection,245
720575940618868273,1,42,1,42,100.0,42.0,projection,47
720575940618870187,1,6,1,6,100.0,6.0,local,0
720575940618877531,3,77,1,77,100.0,25.666666666666668,local,0
720575940618878191,1,9,1,9,100.0,9.0,projection,10
720575940618887217,3,583,1,583,100.0,194.33333333333334,local,0
720575940618887838,1,30,1,30,100.0,30.0,projection,29
720575940618889931,1,12,1,12,100.0,12.0,local,0
720575940618907757,1,42,1,42,100.0,42.0,local,0
720575940618910411,1,15,1,15,100.0,15.0,projection,220
720575940618931846,1,38,1,38,100.0,38.0,projection,320
720575940618932603,2,26,1,26,100.0,13.0,projection,1550
720575940618936710,10,295,1,295,100.0,29.5,local,0
720575940618943389,1,5,1,5,100.0,5.0,projection,381
720575940618953126,1,7,1,7,100.0,7.0,projection,20
720575940618953217,1,18,1,18,100.0,18.0,projection,55
720575940618958109,1,56,1,56,100.0,56.0,projection,2468
720575940618963732,1,24,1,24,100.0,24.0,local,0
720575940618966464,3,31,1,31,100.0,10.333333333333334,projection,49
720575940618984475,1,140,1,140,100.0,140.0,projection,965
720575940618985894,1,12,1,12,100.0,12.0,projection,135
720575940618995505,1,16,1,16,100.0,16.0,projection,43
720575940619016059,4,242,1,242,100.0,60.5,local,0
720575940619025780,1,126,1,126,100.0,126.0,projection,93
720575940619028208,2,198,1,198,100.0,99.0,local,0
720575940619042427,13,2368,1,2368,100.0,182.15384615384616,local,0
720575940619047547,1,10,1,10,100.0,10.0,projection,305
720575940619048315,3,27,1,27,100.0,9.0,projection,218
720575940619058334,5,188,1,188,100.0,37.6,local,0
720575940619071005,1,10,1,10,100.0,10.0,projection,13769
720575940619072513,6,934,1,934,100.0,155.66666666666666,local,0
720575940619093163,1,15,1,15,100.0,15.0,projection,248
720575940619114048,7,143,1,143,100.0,20.428571428571427,local,0
720575940619134789,2,71,1,71,100.0,35.5,projection,4338
720575940619145045,3,46,1,46,100.0,15.333333333333334,projection,318
720575940619155264,2,120,1,120,100.0,60.0,local,0
720575940619161936,1,25,1,25,100.0,25.0,local,0
720575940619176094,24,1061,1,1061,100.0,44.208333333333336,projection,37
720575940619191687,1,52,1,52,100.0,52.0,projection,70
720575940619197093,5,647,1,647,100.0,129.4,local,0
720575940619197366,1,5,1,5,100.0,5.0,projection,27
720575940619280981,2,48,1,48,100.0,24.0,projection,43
720575940619281031,3,104,1,104,100.0,34.666666666666664,projection,63
720575940619310757,10,282,1,282,100.0,28.2,local,0
720575940619320046,4,54,1,54,100.0,13.5,projection,105
720575940619343952,1,84,1,84,100.0,84.0,projection,412
720575940619387814,2,400,1,400,100.0,200.0,local,0
720575940619397797,3,88,1,88,100.0,29.333333333333332,projection,558
720575940619398872,5,479,1,479,100.0,95.8,projection,215
720575940619403942,3,46,1,46,100.0,15.333333333333334,projection,479
720575940619414321,2,13,1,13,100.0,6.5,projection,6
720575940619419457,1,14,1,14,100.0,14.0,projection,351
720575940619421823,2,1211,1,1211,100.0,605.5,projection,13
720575940619428432,1,24,1,24,100.0,24.0,projection,704
720575940619434712,1,39,1,39,100.0,39.0,projection,2114
720575940619436225,1,20,1,20,100.0,20.0,projection,978
720575940619441112,1,39,1,39,100.0,39.0,projection,184
720575940619451989,8,234,1,234,100.0,29.25,projection,57
720575940619453831,11,772,1,772,100.0,70.18181818181819,local,0
720575940619469677,1,17,1,17,100.0,17.0,projection,110
720575940619471525,2,62,1,62,100.0,31.0,projection,224
720575940619506481,1,25,1,25,100.0,25.0,projection,395
720575940619517131,4,47,1,47,100.0,11.75,projection,275
720575940619530187,2,23,1,23,100.0,11.5,local,0
720575940619537201,4,91,1,91,100.0,22.75,projection,3340
720575940619596709,3,79,1,79,100.0,26.333333333333332,projection,84
720575940619615424,2,40,1,40,100.0,20.0,projection,98
720575940619624795,1,10,1,10,100.0,10.0,local,0
720575940619625792,2,264,1,264,100.0,132.0,local,0
720575940619638592,2,90,1,90,100.0,45.0,projection,63
720575940619646037,1,10,1,10,100.0,10.0,projection,260
720575940619652033,2,247,1,247,100.0,123.5,local,0
720575940619659861,1,80,1,80,100.0,80.0,local,0
720575940619662539,6,442,1,442,100.0,73.66666666666667,projection,686
720575940619671616,4,157,1,157,100.0,39.25,local,0
720575940619686208,1,5,1,5,100.0,5.0,local,0
720575940619696133,1,57,1,57,100.0,57.0,local,0
720575940619696731,2,195,1,195,100.0,97.5,projection,1130
720575940619725551,1,30,1,30,100.0,30.0,projection,65
720575940619751339,1,14,1,14,100.0,14.0,projection,160
720575940619757366,5,616,1,616,100.0,123.2,projection,138
720575940619766869,1,10,1,10,100.0,10.0,projection,107
720575940619767899,3,65,1,65,100.0,21.666666666666668,projection,32
720575940619770608,3,53,1,53,100.0,17.666666666666668,projection,291
720575940619771375,5,114,1,114,100.0,22.8,local,0
720575940619793940,2,102,1,102,100.0,51.0,local,0
720575940619814997,1,15,1,15,100.0,15.0,projection,740
720575940619846241,1,12,1,12,100.0,12.0,projection,247
720575940619850411,3,210,1,210,100.0,70.0,projection,92
720575940619863125,2,33,1,33,100.0,16.5,projection,2950
720575940619865429,1,10,1,10,100.0,10.0,projection,134
720575940619865547,4,257,1,257,100.0,64.25,local,0
720575940619865941,2,210,1,210,100.0,105.0,projection,58
720575940619866059,9,1344,1,1344,100.0,149.33333333333334,local,0
720575940619876267,1,12,1,12,100.0,12.0,projection,178
720575940619877396,6,151,1,151,100.0,25.166666666666668,local,0
720575940619881131,1,5,1,5,100.0,5.0,projection,279
720575940619888622,3,34,1,34,100.0,11.333333333333334,local,0
720575940619895125,2,42,1,42,100.0,21.0,projection,6020
720575940619896656,3,132,1,132,100.0,44.0,projection,165
720575940619898971,3,46,1,46,100.0,15.333333333333334,projection,131
720575940619917653,1,15,1,15,100.0,15.0,projection,121
720575940619921488,1,92,1,92,100.0,92.0,projection,1158
720575940619928929,23,3019,1,3019,100.0,131.2608695652174,local,0
720575940619930021,1,35,1,35,100.0,35.0,projection,77
720575940619932404,1,12,1,12,100.0,12.0,projection,28
720575940619933269,2,30,1,30,100.0,15.0,projection,64
720575940619935829,1,26,1,26,100.0,26.0,projection,59
720575940619940523,1,26,1,26,100.0,26.0,projection,43
720575940619945931,3,65,1,65,100.0,21.666666666666668,local,0
720575940619962608,2,58,1,58,100.0,29.0,projection,23
720575940619992997,2,53,1,53,100.0,26.5,projection,332
720575940620025620,13,839,1,839,100.0,64.53846153846153,local,0
720575940620026864,3,66,1,66,100.0,22.0,local,0
720575940620034401,1,31,1,31,100.0,31.0,projection,27
720575940620047414,1,6,1,6,100.0,6.0,projection,721
720575940620057758,4,223,1,223,100.0,55.75,projection,2463
720575940620067823,2,65,1,65,100.0,32.5,projection,115
720575940620079440,1,40,1,40,100.0,40.0,projection,22
720575940620079518,3,115,1,115,100.0,38.333333333333336,projection,198
720575940620091038,1,24,1,24,100.0,24.0,projection,1484
720575940620093019,2,29,1,29,100.0,14.5,projection,5
720575940620094366,2,162,1,162,100.0,81.0,local,0
720575940620096171,7,746,1,746,100.0,106.57142857142857,local,0
720575940620098974,4,40,1,40,100.0,10.0,projection,60
720575940620103595,1,30,1,30,100.0,30.0,projection,195
720575940620116091,1,45,1,45,100.0,45.0,projection,311
720575940620122503,1,12,1,12,100.0,12.0,projection,189
720575940620124295,1,20,1,20,100.0,20.0,projection,1027
720575940620125563,1,42,1,42,100.0,42.0,projection,6
720575940620129671,2,190,1,190,100.0,95.0,projection,65
720575940620135645,2,64,1,64,100.0,32.0,local,0
720575940620156209,4,142,1,142,100.0,35.5,local,0
720575940620157787,4,40,1,40,100.0,10.0,projection,104
720575940620177275,1,27,1,27,100.0,27.0,projection,39
720575940620177543,13,843,1,843,100.0,64.84615384615384,local,0
720575940620181825,1,65,1,65,100.0,65.0,projection,584
720575940620182151,2,96,1,96,100.0,48.0,local,0
720575940620195800,2,40,1,40,100.0,20.0,projection,12
720575940620198571,1,7,1,7,100.0,7.0,projection,266
720575940620203764,1,6,1,6,100.0,6.0,projection,5
720575940620205147,1,15,1,15,100.0,15.0,projection,140
720575940620212133,1,10,1,10,100.0,10.0,projection,487
720575940620217582,7,787,1,787,100.0,112.42857142857143,local,0
720575940620258480,2,75,1,75,100.0,37.5,projection,1456
720575940620271636,3,178,1,178,100.0,59.333333333333336,projection,598
720575940620274085,10,372,1,372,100.0,37.2,local,0
720575940620287067,2,12,1,12,100.0,6.0,projection,183
720575940620289701,3,95,1,95,100.0,31.666666666666668,local,0
720575940620296641,2,108,1,108,100.0,54.0,local,0
720575940620298772,2,18,1,18,100.0,9.0,local,0
720575940620303380,1,25,1,25,100.0,25.0,projection,5
720575940620306785,1,12,1,12,100.0,12.0,projection,845
720575940620332404,2,141,1,141,100.0,70.5,local,0
720575940620335269,9,631,1,631,100.0,70.11111111111111,local,0
720575940620339068,1,22,1,22,100.0,22.0,projection,227
720575940620348125,1,98,1,98,100.0,98.0,projection,101
720575940620353300,25,5064,1,5064,100.0,202.56,local,0
720575940620356545,1,64,1,64,100.0,64.0,projection,2073
720575940620374693,4,370,1,370,100.0,92.5,local,0
720575940620411169,4,68,1,68,100.0,17.0,local,0
720575940620420544,1,30,1,30,100.0,30.0,projection,1030
720575940620423533,1,21,1,21,100.0,21.0,projection,120
720575940620441024,7,254,1,254,100.0,36.285714285714285,projection,928
720575940620445934,1,32,1,32,100.0,32.0,projection,77
720575940620450694,2,135,1,135,100.0,67.5,projection,54
720575940620472235,2,42,1,42,100.0,21.0,projection,234
720575940620473547,1,5,1,5,100.0,5.0,local,0
720575940620474278,4,322,1,322,100.0,80.5,projection,1342
720575940620488539,1,10,1,10,100.0,10.0,projection,159
720575940620494529,3,106,1,106,100.0,35.333333333333336,projection,1977
720575940620497062,1,9,1,9,100.0,9.0,local,0
720575940620497286,1,30,1,30,100.0,30.0,projection,780
720575940620499115,2,43,1,43,100.0,21.5,projection,266
720575940620505435,2,15,1,15,100.0,7.5,projection,140
720575940620506996,9,297,1,297,100.0,33.0,local,0
720575940620519083,1,15,1,15,100.0,15.0,projection,1019
720575940620521350,4,96,1,96,100.0,24.0,local,0
720575940620527707,1,10,1,10,100.0,10.0,projection,61
720575940620528990,1,14,1,14,100.0,14.0,local,0
720575940620550534,16,750,1,750,100.0,46.875,local,0
720575940620565313,1,5,1,5,100.0,5.0,projection,2682
720575940620565339,3,36,1,36,100.0,12.0,projection,750
720575940620575579,2,154,1,154,100.0,77.0,local,0
720575940620588747,1,22,1,22,100.0,22.0,projection,10
720575940620589838,4,149,1,149,100.0,37.25,local,0
720575940620593243,2,22,1,22,100.0,11.0,local,0
720575940620597232,1,14,1,14,100.0,14.0,projection,788
720575940620607025,1,12,1,12,100.0,12.0,projection,55
720575940620610881,7,138,1,138,100.0,19.714285714285715,projection,169
720575940620626011,3,148,1,148,100.0,49.333333333333336,local,0
720575940620627035,11,323,1,323,100.0,29.363636363636363,local,0
720575940620633070,4,298,1,298,100.0,74.5,projection,146
720575940620633947,10,307,1,307,100.0,30.7,local,0
720575940620642940,1,108,1,108,100.0,108.0,local,0
720575940620654616,1,10,1,10,100.0,10.0,projection,56
720575940620670657,1,18,1,18,100.0,18.0,projection,341
720575940620672432,4,79,1,79,100.0,19.75,local,0
720575940620691327,1,24,1,24,100.0,24.0,projection,47
720575940620692833,5,505,1,505,100.0,101.0,local,0
720575940620692974,7,791,1,791,100.0,113.0,local,0
720575940620698136,3,252,1,252,100.0,84.0,local,0
720575940620699162,2,147,1,147,100.0,73.5,local,0
720575940620717551,1,21,1,21,100.0,21.0,projection,86
720575940620718808,1,40,1,40,100.0,40.0,projection,66
720575940620740717,1,24,1,24,100.0,24.0,projection,1294
720575940620748457,7,823,1,823,100.0,117.57142857142857,local,0
720575940620749807,1,7,1,7,100.0,7.0,projection,37
720575940620751231,2,35,1,35,100.0,17.5,local,0
720575940620778223,3,84,1,84,100.0,28.0,local,0
720575940620797976,2,230,1,230,100.0,115.0,local,0
720575940620798284,2,80,1,80,100.0,40.0,local,0
720575940620812528,1,12,1,12,100.0,12.0,local,0
720575940620819659,14,525,1,525,100.0,37.5,local,0
720575940620833901,9,457,1,457,100.0,50.77777777777778,projection,468
720575940620856046,5,1518,1,1518,100.0,303.6,local,0
720575940620866544,5,95,1,95,100.0,19.0,local,0
720575940620874581,1,10,1,10,100.0,10.0,projection,101
720575940620874757,10,269,1,269,100.0,26.9,local,0
720575940620878785,8,185,1,185,100.0,23.125,local,0
720575940620885342,2,237,1,237,100.0,118.5,local,0
720575940620889936,1,7,1,7,100.0,7.0,projection,1569
720575940620892781,1,15,1,15,100.0,15.0,projection,570
720575940620897389,2,46,1,46,100.0,23.0,projection,38
720575940620900869,1,26,1,26,100.0,26.0,projection,86
720575940620909933,1,10,1,10,100.0,10.0,projection,447
720575940620913392,1,27,1,27,100.0,27.0,projection,286
720575940620925643,2,114,1,114,100.0,57.0,projection,210
720575940620926234,1,65,1,65,100.0,65.0,local,0
720575940620933835,1,28,1,28,100.0,28.0,projection,34
720575940620957423,6,102,1,102,100.0,17.0,projection,254
720575940620979638,2,45,1,45,100.0,22.5,local,0
720575940620981072,1,12,1,12,100.0,12.0,projection,2396
720575940620982437,8,562,1,562,100.0,70.25,local,0
720575940620983637,1,11,1,11,100.0,11.0,local,0
720575940620985889,1,30,1,30,100.0,30.0,projection,11
720575940620994292,5,392,1,392,100.0,78.4,projection,61
720575940621008895,1,96,1,96,100.0,96.0,local,0
720575940621009505,1,15,1,15,100.0,15.0,projection,353
720575940621009840,1,14,1,14,100.0,14.0,projection,350
720575940621013640,3,160,1,160,100.0,53.333333333333336,local,0
720575940621014881,1,33,1,33,100.0,33.0,projection,571
720575940621018977,2,50,1,50,100.0,25.0,projection,1989
720575940621025872,5,214,1,214,100.0,42.8,projection,187
720575940621031006,1,10,1,10,100.0,10.0,projection,86
720575940621033152,1,6,1,6,100.0,6.0,projection,21
720575940621039952,2,30,1,30,100.0,15.0,projection,1707
720575940621040737,2,105,1,105,100.0,52.5,projection,770
720575940621044348,1,5,1,5,100.0,5.0,projection,394
720575940621047632,4,164,1,164,100.0,41.0,local,0
720575940621052031,1,7,1,7,100.0,7.0,projection,155
720575940621057159,1,52,1,52,100.0,52.0,projection,72
720575940621057702,5,261,1,261,100.0,52.2,projection,1687
720575940621061285,1,7,1,7,100.0,7.0,projection,1285
720575940621075482,1,10,1,10,100.0,10.0,projection,38
720575940621082623,1,112,1,112,100.0,112.0,local,0
720575940621085424,1,20,1,20,100.0,20.0,projection,886
720575940621087777,2,48,1,48,100.0,24.0,projection,403
720575940621088438,1,60,1,60,100.0,60.0,projection,53
720575940621089741,3,79,1,79,100.0,26.333333333333332,projection,57
720575940621102913,1,6,1,6,100.0,6.0,projection,170
720575940621114177,3,46,1,46,100.0,15.333333333333334,projection,1253
720575940621119367,14,650,1,650,100.0,46.42857142857143,projection,90
720575940621128583,4,126,1,126,100.0,31.5,local,0
720575940621129607,3,361,1,361,100.0,120.33333333333333,projection,2765
720575940621136519,2,49,1,49,100.0,24.5,projection,116
720575940621136961,1,14,1,14,100.0,14.0,projection,25
720575940621142081,2,40,1,40,100.0,20.0,projection,774
720575940621144385,2,21,1,21,100.0,10.5,projection,124
720575940621150191,17,1173,1,1173,100.0,69.0,local,0
720575940621163277,2,99,1,99,100.0,49.5,projection,151
720575940621164148,1,6,1,6,100.0,6.0,projection,39
720575940621167681,1,6,1,6,100.0,6.0,projection,468
720575940621181004,3,34,1,34,100.0,11.333333333333334,projection,9
720575940621198017,1,16,1,16,100.0,16.0,projection,463
720575940621204095,1,38,1,38,100.0,38.0,projection,192
720575940621241008,5,140,1,140,100.0,28.0,projection,214
720575940621245124,1,10,1,10,100.0,10.0,projection,11
720575940621252468,4,99,1,99,100.0,24.75,projection,638
720575940621257340,1,18,1,18,100.0,18.0,projection,54
720575940621261296,2,279,1,279,100.0,139.5,local,0
720575940621272865,1,10,1,10,100.0,10.0,local,0
720575940621282486,1,9,1,9,100.0,9.0,projection,170
720575940621305716,2,19,1,19,100.0,9.5,projection,78
720575940621313414,3,99,1,99,100.0,33.0,local,0
720575940621325150,1,10,1,10,100.0,10.0,projection,77
720575940621332092,17,517,1,517,100.0,30.41176470588235,local,0
720575940621337460,2,26,1,26,100.0,13.0,projection,71
720575940621339156,1,10,1,10,100.0,10.0,projection,986
720575940621340710,1,145,1,145,100.0,145.0,projection,1064
720575940621352630,1,28,1,28,100.0,28.0,projection,12
720575940621373052,1,10,1,10,100.0,10.0,projection,618
720575940621373278,2,12,1,12,100.0,6.0,local,0
720575940621373534,1,5,1,5,100.0,5.0,projection,20
720575940621375231,5,1059,1,1059,100.0,211.8,local,0
720575940621383804,1,12,1,12,100.0,12.0,projection,13
720575940621388453,1,20,1,20,100.0,20.0,local,0
720575940621420709,1,25,1,25,100.0,25.0,projection,32
720575940621431884,2,24,1,24,100.0,12.0,projection,5
720575940621442124,2,33,1,33,100.0,16.5,projection,184
720575940621457690,1,30,1,30,100.0,30.0,projection,4759
720575940621462512,1,10,1,10,100.0,10.0,projection,5
720575940621472294,1,27,1,27,100.0,27.0,projection,290
720575940621478358,1,5,1,5,100.0,5.0,projection,71
720575940621502051,3,141,1,141,100.0,47.0,local,0
720575940621507208,3,44,1,44,100.0,14.666666666666666,projection,84
720575940621511704,1,20,1,20,100.0,20.0,projection,221
720575940621525673,2,147,1,147,100.0,73.5,projection,881
720575940621538142,3,38,1,38,100.0,12.666666666666666,local,0
720575940621551854,2,46,1,46,100.0,23.0,projection,3791
720575940621566844,1,36,1,36,100.0,36.0,local,0
720575940621569728,3,58,1,58,100.0,19.333333333333332,local,0
720575940621573030,4,94,1,94,100.0,23.5,local,0
720575940621573542,1,10,1,10,100.0,10.0,local,0
720575940621586854,2,117,1,117,100.0,58.5,local,0
720575940621593626,1,14,1,14,100.0,14.0,local,0
720575940621599741,2,60,1,60,100.0,30.0,projection,383
720575940621602743,1,6,1,6,100.0,6.0,projection,29
720575940621605964,1,72,1,72,100.0,72.0,projection,86
720575940621616381,2,26,1,26,100.0,13.0,projection,319
720575940621633683,4,94,1,94,100.0,23.5,projection,60
720575940621651327,4,152,1,152,100.0,38.0,projection,265
720575940621667693,15,734,1,734,100.0,48.93333333333333,local,0
720575940621671687,1,39,1,39,100.0,39.0,projection,91
720575940621673852,1,6,1,6,100.0,6.0,projection,2308
720575940621680264,1,10,1,10,100.0,10.0,projection,40
720575940621689880,7,1774,1,1774,100.0,253.42857142857142,local,0
720575940621698542,2,148,1,148,100.0,74.0,projection,1183
720575940621701104,1,25,1,25,100.0,25.0,projection,49
720575940621701846,2,66,1,66,100.0,33.0,projection,62
720575940621719679,1,16,1,16,100.0,16.0,projection,636
720575940621741094,6,188,1,188,100.0,31.333333333333332,local,0
720575940621743860,2,252,1,252,100.0,126.0,projection,222
720575940621743905,1,44,1,44,100.0,44.0,projection,54
720575940621750465,2,35,1,35,100.0,17.5,projection,140
720575940621754367,3,133,1,133,100.0,44.333333333333336,local,0
720575940621755888,3,682,1,682,100.0,227.33333333333334,local,0
720575940621762081,2,21,1,21,100.0,10.5,projection,1220
720575940621763312,1,6,1,6,100.0,6.0,local,0
720575940621764084,2,47,1,47,100.0,23.5,projection,131
720575940621766938,1,10,1,10,100.0,10.0,projection,2059
720575940621771041,5,100,1,100,100.0,20.0,local,0
720575940621775130,1,7,1,7,100.0,7.0,projection,435
720575940621776161,1,7,1,7,100.0,7.0,projection,1966
720575940621778381,2,818,1,818,100.0,409.0,local,0
720575940621827419,27,1473,1,1473,100.0,54.55555555555556,local,0
720575940621833281,9,603,1,603,100.0,67.0,local,0
720575940621836065,1,8,1,8,100.0,8.0,projection,205
720575940621848781,1,215,1,215,100.0,215.0,local,0
720575940621851937,1,10,1,10,100.0,10.0,projection,2429
720575940621864060,1,119,1,119,100.0,119.0,local,0
720575940621870349,6,262,1,262,100.0,43.666666666666664,local,0
720575940621894750,7,362,1,362,100.0,51.714285714285715,local,0
720575940621895382,1,47,1,47,100.0,47.0,projection,360
720575940621898665,5,1136,1,1136,100.0,227.2,local,0
720575940621910399,5,362,1,362,100.0,72.4,projection,571
720575940621913513,8,981,1,981,100.0,122.625,local,0
720575940621916952,4,1361,1,1361,100.0,340.25,local,0
720575940621928453,3,59,1,59,100.0,19.666666666666668,local,0
720575940621930710,4,709,1,709,100.0,177.25,local,0
720575940621939071,1,7,1,7,100.0,7.0,projection,1489
720575940622006506,1,21,1,21,100.0,21.0,projection,66
720575940622015612,1,36,1,36,100.0,36.0,projection,79
720575940622018565,2,62,1,62,100.0,31.0,local,0
720575940622021637,1,12,1,12,100.0,12.0,local,0
720575940622026245,6,411,1,411,100.0,68.5,local,0
720575940622038622,3,42,1,42,100.0,14.0,projection,94
720575940622040419,2,28,1,28,100.0,14.0,projection,5
720575940622054753,21,724,1,724,100.0,34.476190476190474,local,0
720575940622087009,1,18,1,18,100.0,18.0,projection,287
720575940622101281,3,64,1,64,100.0,21.333333333333332,projection,22
720575940622107937,12,343,1,343,100.0,28.583333333333332,projection,153
720575940622109466,2,80,1,80,100.0,40.0,projection,161
720575940622114121,2,29,1,29,100.0,14.5,projection,53
720575940622116705,4,313,1,313,100.0,78.25,local,0
720575940622122083,1,10,1,10,100.0,10.0,projection,118
720575940622123527,1,10,1,10,100.0,10.0,projection,55
720575940622124833,7,927,1,927,100.0,132.42857142857142,local,0
720575940622129321,3,70,1,70,100.0,23.333333333333332,projection,77
720575940622136022,2,118,1,118,100.0,59.0,local,0
720575940622137633,6,164,1,164,100.0,27.333333333333332,local,0
720575940622144648,3,71,1,71,100.0,23.666666666666668,local,0
720575940622150569,1,39,1,39,100.0,39.0,projection,44
720575940622151704,2,50,1,50,100.0,25.0,projection,997
720575940622154266,8,367,1,367,100.0,45.875,local,0
720575940622166664,1,30,1,30,100.0,30.0,projection,430
720575940622172540,2,36,1,36,100.0,18.0,projection,23
720575940622182569,1,14,1,14,100.0,14.0,projection,2103
720575940622182669,3,126,1,126,100.0,42.0,projection,61
720575940622184105,5,188,1,188,100.0,37.6,projection,660
720575940622195625,6,210,1,210,100.0,35.0,local,0
720575940622199593,8,2700,1,2700,100.0,337.5,local,0
720575940622200233,3,125,1,125,100.0,41.666666666666664,local,0
720575940622203597,1,10,1,10,100.0,10.0,projection,193
720575940622225800,1,42,1,42,100.0,42.0,local,0
720575940622232458,1,30,1,30,100.0,30.0,projection,53
720575940622235425,5,112,1,112,100.0,22.4,local,0
720575940622236671,6,405,1,405,100.0,67.5,local,0
720575940622263066,1,39,1,39,100.0,39.0,projection,475
720575940622266236,1,6,1,6,100.0,6.0,local,0
720575940622266748,2,61,1,61,100.0,30.5,projection,78
720575940622268993,1,5,1,5,100.0,5.0,projection,597
720575940622273868,1,7,1,7,100.0,7.0,projection,995
720575940622284947,10,538,1,538,100.0,53.8,projection,823
720575940622298631,3,528,1,528,100.0,176.0,local,0
720575940622312063,1,5,1,5,100.0,5.0,local,0
720575940622312521,2,75,1,75,100.0,37.5,projection,125
720575940622313971,3,348,1,348,100.0,116.0,local,0
720575940622319715,1,40,1,40,100.0,40.0,projection,289
720575940622335197,11,596,1,596,100.0,54.18181818181818,local,0
720575940622340393,1,7,1,7,100.0,7.0,local,0
720575940622346180,3,3394,1,3394,100.0,1131.3333333333333,local,0
720575940622348424,1,10,1,10,100.0,10.0,projection,19
720575940622350472,1,6,1,6,100.0,6.0,projection,134
720575940622357965,4,176,1,176,100.0,44.0,local,0
720575940622358057,2,369,1,369,100.0,184.5,local,0
720575940622358604,1,16,1,16,100.0,16.0,projection,390
720575940622369718,2,216,1,216,100.0,108.0,projection,277
720575940622371037,6,1983,1,1983,100.0,330.5,local,0
720575940622382285,1,7,1,7,100.0,7.0,local,0
720575940622391337,11,416,1,416,100.0,37.81818181818182,local,0
720575940622392260,1,10,1,10,100.0,10.0,projection,30
720575940622405708,4,143,1,143,100.0,35.75,local,0
720575940622406694,2,137,1,137,100.0,68.5,local,0
720575940622413508,4,162,1,162,100.0,40.5,local,0
720575940622415948,6,481,1,481,100.0,80.16666666666667,local,0
720575940622431049,3,88,1,88,100.0,29.333333333333332,projection,9
720575940622450924,4,1185,1,1185,100.0,296.25,local,0
720575940622452715,3,37,1,37,100.0,12.333333333333334,local,0
720575940622457579,17,1441,1,1441,100.0,84.76470588235294,local,0
720575940622466027,9,464,1,464,100.0,51.55555555555556,projection,82
720575940622476073,1,7,1,7,100.0,7.0,projection,48
720575940622478349,1,76,1,76,100.0,76.0,local,0
720575940622486922,1,25,1,25,100.0,25.0,local,0
720575940622493260,17,602,1,602,100.0,35.411764705882355,local,0
720575940622495401,4,251,1,251,100.0,62.75,projection,2270
720575940622508246,1,25,1,25,100.0,25.0,projection,76
720575940622509565,1,37,1,37,100.0,37.0,projection,108
720575940622514922,5,84,1,84,100.0,16.8,projection,80
720575940622515895,13,561,1,561,100.0,43.15384615384615,projection,150
720575940622519156,4,1449,1,1449,100.0,362.25,local,0
720575940622519773,1,10,1,10,100.0,10.0,projection,612
720575940622537477,1,20,1,20,100.0,20.0,local,0
720575940622540179,1,12,1,12,100.0,12.0,projection,226
720575940622541005,6,266,1,266,100.0,44.333333333333336,projection,849
720575940622552675,1,30,1,30,100.0,30.0,projection,444
720575940622583005,1,25,1,25,100.0,25.0,projection,5
720575940622585224,3,183,1,183,100.0,61.0,local,0
720575940622587018,1,49,1,49,100.0,49.0,projection,59
720575940622604109,3,303,1,303,100.0,101.0,local,0
720575940622607069,4,171,1,171,100.0,42.75,projection,219
720575940622609690,1,14,1,14,100.0,14.0,projection,812
720575940622624214,9,527,1,527,100.0,58.55555555555556,local,0
720575940622625485,1,15,1,15,100.0,15.0,projection,10
720575940622629011,3,24,1,24,100.0,8.0,projection,59
720575940622632084,3,139,1,139,100.0,46.333333333333336,local,0
720575940622649855,4,114,1,114,100.0,28.5,projection,85
720575940622652365,1,33,1,33,100.0,33.0,projection,34
720575940622656536,2,112,1,112,100.0,56.0,projection,746
720575940622657285,1,26,1,26,100.0,26.0,projection,11
720575940622658317,2,53,1,53,100.0,26.5,projection,352
720575940622665801,1,9,1,9,100.0,9.0,local,0
720575940622675421,1,10,1,10,100.0,10.0,projection,323
720575940622675494,1,14,1,14,100.0,14.0,projection,317
720575940622678781,1,16,1,16,100.0,16.0,projection,17
720575940622695448,10,407,1,407,100.0,40.7,local,0
720575940622701808,1,24,1,24,100.0,24.0,projection,94
720575940622722659,1,11,1,11,100.0,11.0,projection,1527
720575940622724429,1,10,1,10,100.0,10.0,projection,39
720575940622731229,2,62,1,62,100.0,31.0,local,0
720575940622734106,3,37,1,37,100.0,12.333333333333334,local,0
720575940622768408,3,33,1,33,100.0,11.0,projection,57
720575940622774980,1,25,1,25,100.0,25.0,projection,766
720575940622779263,2,41,1,41,100.0,20.5,projection,148
720575940622779519,6,201,1,201,100.0,33.5,projection,151
720575940622784039,1,45,1,45,100.0,45.0,projection,202
720575940622808959,1,15,1,15,100.0,15.0,projection,91
720575940622809638,1,10,1,10,100.0,10.0,projection,99
720575940622815684,1,15,1,15,100.0,15.0,projection,25
720575940622819559,1,7,1,7,100.0,7.0,projection,391
720575940622825608,1,10,1,10,100.0,10.0,projection,532
720575940622825736,3,102,1,102,100.0,34.0,local,0
720575940622828056,3,67,1,67,100.0,22.333333333333332,projection,26
720575940622830728,1,28,1,28,100.0,28.0,projection,19
720575940622834411,3,21,1,21,100.0,7.0,local,0
720575940622835947,4,181,1,181,100.0,45.25,local,0
720575940622839786,10,325,1,325,100.0,32.5,local,0
720575940622853011,10,1379,1,1379,100.0,137.9,local,0
720575940622853258,5,496,1,496,100.0,99.2,local,0
720575940622861326,4,1118,1,1118,100.0,279.5,local,0
720575940622863287,5,512,1,512,100.0,102.4,local,0
720575940622869799,1,66,1,66,100.0,66.0,projection,368
720575940622883171,3,77,1,77,100.0,25.666666666666668,projection,113
720575940622892045,1,26,1,26,100.0,26.0,projection,1215
720575940622894349,1,9,1,9,100.0,9.0,projection,75
720575940622902535,2,217,1,217,100.0,108.5,local,0
720575940622910989,1,22,1,22,100.0,22.0,projection,1095
720575940622913123,1,10,1,10,100.0,10.0,projection,221
720575940622915864,1,10,1,10,100.0,10.0,projection,173
720575940622917927,1,16,1,16,100.0,16.0,projection,7
720575940622921827,1,5,1,5,100.0,5.0,local,0
720575940622931976,5,52,1,52,100.0,10.4,local,0
720575940622934711,4,209,1,209,100.0,52.25,projection,33
720575940622946855,1,8,1,8,100.0,8.0,local,0
720575940622949820,5,561,1,561,100.0,112.2,local,0
720575940622949837,2,49,1,49,100.0,24.5,projection,63
720575940622951687,1,10,1,10,100.0,10.0,projection,101
720575940622964735,1,24,1,24,100.0,24.0,projection,117
720575940622994323,1,10,1,10,100.0,10.0,projection,670
720575940622999688,1,21,1,21,100.0,21.0,projection,3426
720575940623000858,3,173,1,173,100.0,57.666666666666664,projection,17837
720575940623008659,2,16,1,16,100.0,8.0,local,0
720575940623014695,9,255,1,255,100.0,28.333333333333332,projection,71
720575940623036254,2,17,1,17,100.0,8.5,projection,24
720575940623039838,6,76,1,76,100.0,12.666666666666666,projection,5
720575940623040094,3,35,1,35,100.0,11.666666666666666,projection,6
720575940623043069,1,22,1,22,100.0,22.0,local,0
720575940623044103,16,888,1,888,100.0,55.5,local,0
720575940623050334,2,75,1,75,100.0,37.5,projection,3485
720575940623056422,2,31,1,31,100.0,15.5,local,0
720575940623064909,1,21,1,21,100.0,21.0,projection,84
720575940623066893,3,723,1,723,100.0,241.0,local,0
720575940623067686,1,40,1,40,100.0,40.0,projection,29
720575940623078071,5,150,1,150,100.0,30.0,local,0
720575940623079095,1,14,1,14,100.0,14.0,projection,111
720575940623084170,1,11,1,11,100.0,11.0,projection,112
720575940623110123,1,5,1,5,100.0,5.0,projection,115
720575940623118261,4,126,1,126,100.0,31.5,projection,94
720575940623119496,2,66,1,66,100.0,33.0,projection,179
720575940623132621,3,81,1,81,100.0,27.0,local,0
720575940623133223,4,152,1,152,100.0,38.0,local,0
720575940623142536,2,61,1,61,100.0,30.5,projection,222
720575940623146701,2,36,1,36,100.0,18.0,projection,3136
720575940623148285,6,797,1,797,100.0,132.83333333333334,local,0
720575940623149581,1,25,1,25,100.0,25.0,local,0
720575940623158154,2,110,1,110,100.0,55.0,local,0
720575940623158709,8,1036,1,1036,100.0,129.5,local,0
720575940623164685,4,254,1,254,100.0,63.5,local,0
720575940623164941,30,1293,1,1293,100.0,43.1,projection,9
720575940623165636,1,39,1,39,100.0,39.0,projection,59
720575940623173470,2,372,1,372,100.0,186.0,local,0
720575940623183083,3,992,1,992,100.0,330.6666666666667,local,0
720575940623192039,1,42,1,42,100.0,42.0,local,0
720575940623192871,1,9,1,9,100.0,9.0,local,0
720575940623197183,1,25,1,25,100.0,25.0,projection,258
720575940623201205,1,35,1,35,100.0,35.0,local,0
720575940623202748,2,33,1,33,100.0,16.5,projection,39
720575940623203805,2,25,1,25,100.0,12.5,projection,3409
720575940623208141,3,90,1,90,100.0,30.0,local,0
720575940623209165,14,567,1,567,100.0,40.5,local,0
720575940623210445,9,541,1,541,100.0,60.111111111111114,local,0
720575940623211725,5,222,1,222,100.0,44.4,local,0
720575940623217577,2,92,1,92,100.0,46.0,projection,743
720575940623222441,1,6,1,6,100.0,6.0,projection,98
720575940623224504,1,12,1,12,100.0,12.0,projection,56
720575940623231527,2,192,1,192,100.0,96.0,projection,166
720575940623237161,1,47,1,47,100.0,47.0,projection,594
720575940623242022,2,26,1,26,100.0,13.0,projection,114
720575940623242900,9,158,1,158,100.0,17.555555555555557,projection,2070
720575940623252407,1,12,1,12,100.0,12.0,projection,25
720575940623260415,1,105,1,105,100.0,105.0,projection,628
720575940623261675,3,1165,1,1165,100.0,388.3333333333333,local,0
720575940623273254,1,12,1,12,100.0,12.0,projection,55
720575940623282985,8,506,1,506,100.0,63.25,projection,85
720575940623284009,2,28,1,28,100.0,14.0,projection,248
720575940623290126,1,45,1,45,100.0,45.0,local,0
720575940623294647,1,12,1,12,100.0,12.0,projection,21
720575940623299623,5,86,1,86,100.0,17.2,projection,12
720575940623314312,15,1371,1,1371,100.0,91.4,local,0
720575940623318566,1,30,1,30,100.0,30.0,projection,97
720575940623333964,3,287,1,287,100.0,95.66666666666667,projection,1629
720575940623338281,1,5,1,5,100.0,5.0,local,0
720575940623366102,2,136,1,136,100.0,68.0,projection,677
720575940623373606,2,80,1,80,100.0,40.0,local,0
720575940623377596,4,262,1,262,100.0,65.5,local,0
720575940623379750,3,318,1,318,100.0,106.0,local,0
720575940623380556,2,170,1,170,100.0,85.0,projection,1656
720575940623381286,12,676,1,676,100.0,56.333333333333336,local,0
720575940623393357,1,42,1,42,100.0,42.0,projection,33
720575940623404541,1,5,1,5,100.0,5.0,projection,90
720575940623432918,1,12,1,12,100.0,12.0,projection,5983
720575940623434535,2,60,1,60,100.0,30.0,projection,23
720575940623446860,1,15,1,15,100.0,15.0,projection,24
720575940623449015,1,99,1,99,100.0,99.0,projection,129
720575940623453959,1,5,1,5,100.0,5.0,projection,206
720575940623458262,1,12,1,12,100.0,12.0,projection,115
720575940623458633,2,125,1,125,100.0,62.5,local,0
720575940623476407,28,1256,1,1256,100.0,44.857142857142854,local,0
720575940623478115,2,12,1,12,100.0,6.0,projection,349
720575940623503318,2,134,1,134,100.0,67.0,projection,260
720575940623506761,2,36,1,36,100.0,18.0,projection,871
720575940623512467,4,59,1,59,100.0,14.75,projection,145
720575940623525258,3,150,1,150,100.0,50.0,local,0
720575940623528595,1,10,1,10,100.0,10.0,projection,595
720575940623535044,30,1826,1,1826,100.0,60.86666666666667,local,0
720575940623539789,2,28,1,28,100.0,14.0,projection,34
720575940623547133,2,24,1,24,100.0,12.0,projection,2260
720575940623550698,1,24,1,24,100.0,24.0,projection,297
720575940623579371,1,6,1,6,100.0,6.0,projection,173
720575940623581930,6,300,1,300,100.0,50.0,projection,757
720575940623588074,2,170,1,170,100.0,85.0,projection,89
720575940623591403,1,25,1,25,100.0,25.0,projection,15
720575940623594132,1,12,1,12,100.0,12.0,projection,64
720575940623594378,3,83,1,83,100.0,27.666666666666668,projection,130
720575940623598058,4,70,1,70,100.0,17.5,projection,3490
720575940623600619,1,7,1,7,100.0,7.0,local,0
720575940623605180,3,78,1,78,100.0,26.0,projection,107
720575940623609895,4,818,1,818,100.0,204.5,local,0
720575940623612395,3,63,1,63,100.0,21.0,projection,181
720575940623620586,1,32,1,32,100.0,32.0,local,0
720575940623636701,3,28,1,28,100.0,9.333333333333334,projection,8499
720575940623636957,7,459,1,459,100.0,65.57142857142857,projection,4918
720575940623650055,2,90,1,90,100.0,45.0,projection,831
720575940623654804,7,173,1,173,100.0,24.714285714285715,local,0
720575940623660558,11,3516,1,3516,100.0,319.6363636363636,local,0
720575940623663084,3,159,1,159,100.0,53.0,local,0
720575940623676394,3,622,1,622,100.0,207.33333333333334,local,0
720575940623687757,3,111,1,111,100.0,37.0,projection,703
720575940623691619,1,8,1,8,100.0,8.0,projection,1486
720575940623693667,1,12,1,12,100.0,12.0,projection,587
720575940623697898,1,7,1,7,100.0,7.0,local,0
720575940623718380,9,265,1,265,100.0,29.444444444444443,local,0
720575940623730509,1,51,1,51,100.0,51.0,projection,18
720575940623742956,3,115,1,115,100.0,38.333333333333336,projection,85
720575940623758377,1,10,1,10,100.0,10.0,projection,22
720575940623777065,16,349,1,349,100.0,21.8125,projection,139
720575940623784428,2,255,1,255,100.0,127.5,projection,149
720575940623786376,1,15,1,15,100.0,15.0,local,0
720575940623788040,2,21,1,21,100.0,10.5,projection,5992
720575940623802151,2,98,1,98,100.0,49.0,projection,48
720575940623804106,1,136,1,136,100.0,136.0,local,0
720575940623816967,2,170,1,170,100.0,85.0,projection,405
720575940623817223,3,126,1,126,100.0,42.0,projection,344
720575940623828999,1,21,1,21,100.0,21.0,projection,895
720575940623834300,8,2386,1,2386,100.0,298.25,local,0
720575940623843145,3,178,1,178,100.0,59.333333333333336,local,0
720575940623847181,29,2681,1,2681,100.0,92.44827586206897,projection,237
720575940623862015,1,62,1,62,100.0,62.0,projection,1141
720575940623865232,1,30,1,30,100.0,30.0,projection,234
720575940623865417,1,50,1,50,100.0,50.0,projection,309
720575940623875819,3,56,1,56,100.0,18.666666666666668,projection,1837
720575940623888681,3,98,1,98,100.0,32.666666666666664,projection,72
720575940623901695,2,27,1,27,100.0,13.5,projection,1355
720575940623912117,1,17,1,17,100.0,17.0,projection,102
720575940623912636,1,7,1,7,100.0,7.0,projection,497
720575940623913364,2,23,1,23,100.0,11.5,projection,2658
720575940623918121,3,682,1,682,100.0,227.33333333333334,local,0
720575940623919287,1,68,1,68,100.0,68.0,projection,389
720575940623925173,3,107,1,107,100.0,35.666666666666664,local,0
720575940623925577,1,10,1,10,100.0,10.0,projection,109
720575940623946988,1,13,1,13,100.0,13.0,projection,35
720575940623953845,1,25,1,25,100.0,25.0,projection,68
720575940623960563,2,30,1,30,100.0,15.0,projection,289
720575940623982484,1,15,1,15,100.0,15.0,projection,967
720575940623986364,1,5,1,5,100.0,5.0,projection,141
720575940623988733,8,581,1,581,100.0,72.625,local,0
720575940623989245,2,355,1,355,100.0,177.5,projection,105
720575940624007207,3,43,1,43,100.0,14.333333333333334,projection,37
720575940624007523,3,32,1,32,100.0,10.666666666666666,local,0
720575940624014483,3,153,1,153,100.0,51.0,projection,648
720575940624015287,5,60,1,60,100.0,12.0,local,0
720575940624023188,5,140,1,140,100.0,28.0,local,0
720575940624028855,1,25,1,25,100.0,25.0,local,0
720575940624069012,1,5,1,5,100.0,5.0,projection,265
720575940624079544,3,1534,1,1534,100.0,511.3333333333333,local,0
720575940624094793,1,6,1,6,100.0,6.0,projection,101
720575940624095496,1,33,1,33,100.0,33.0,projection,149
720575940624104265,1,25,1,25,100.0,25.0,projection,409
720575940624106776,1,10,1,10,100.0,10.0,projection,808
720575940624120649,2,45,1,45,100.0,22.5,projection,993
720575940624142373,2,46,1,46,100.0,23.0,projection,68
720575940624155672,2,48,1,48,100.0,24.0,projection,3080
720575940624157001,9,206,1,206,100.0,22.88888888888889,projection,77
720575940624176312,9,1064,1,1064,100.0,118.22222222222223,local,0
720575940624185095,1,14,1,14,100.0,14.0,projection,952
720575940624186602,1,220,1,220,100.0,220.0,local,0
720575940624200679,1,104,1,104,100.0,104.0,projection,217
720575940624205353,1,54,1,54,100.0,54.0,projection,399
720575940624208169,1,40,1,40,100.0,40.0,projection,63
720575940624221773,1,30,1,30,100.0,30.0,projection,325
720575940624224253,1,9,1,9,100.0,9.0,local,0
720575940624243982,1,72,1,72,100.0,72.0,projection,50
720575940624247787,8,561,1,561,100.0,70.125,projection,504
720575940624263655,5,809,1,809,100.0,161.8,local,0
720575940624266061,5,1917,1,1917,100.0,383.4,local,0
720575940624266128,5,154,1,154,100.0,30.8,local,0
720575940624274685,2,44,1,44,100.0,22.0,projection,137
720575940624289789,4,63,1,63,100.0,15.75,local,0
720575940624310345,2,249,1,249,100.0,124.5,local,0
720575940624310676,3,264,1,264,100.0,88.0,local,0
720575940624310857,22,1457,1,1457,100.0,66.22727272727273,local,0
720575940624311881,2,135,1,135,100.0,67.5,local,0
720575940624329037,1,24,1,24,100.0,24.0,projection,70
720575940624333802,1,7,1,7,100.0,7.0,local,0
720575940624338068,1,32,1,32,100.0,32.0,projection,1281
720575940624343822,2,15,1,15,100.0,7.5,projection,450
720575940624344072,3,161,1,161,100.0,53.666666666666664,projection,1181
720575940624351273,3,38,1,38,100.0,12.666666666666666,projection,876
720575940624352643,3,180,1,180,100.0,60.0,local,0
720575940624377579,1,5,1,5,100.0,5.0,local,0
720575940624379394,1,5,1,5,100.0,5.0,local,0
720575940624384304,6,678,1,678,100.0,113.0,local,0
720575940624404872,6,64,1,64,100.0,10.666666666666666,local,0
720575940624409444,1,30,1,30,100.0,30.0,projection,111
720575940624433027,5,504,1,504,100.0,100.8,local,0
720575940624466440,2,13,1,13,100.0,6.5,local,0
720575940624470247,1,15,1,15,100.0,15.0,projection,746
720575940624528068,8,332,1,332,100.0,41.5,local,0
720575940624532408,8,1069,1,1069,100.0,133.625,local,0
720575940624547622,2,53,1,53,100.0,26.5,projection,41816
720575940624600840,35,3209,1,3209,100.0,91.68571428571428,local,0
720575940624604560,10,993,1,993,100.0,99.3,local,0
720575940624606758,1,5,1,5,100.0,5.0,projection,656
720575940624607076,5,245,1,245,100.0,49.0,local,0
720575940624608442,3,78,1,78,100.0,26.0,projection,35
720575940624623287,3,84,1,84,100.0,28.0,local,0
720575940624651704,3,57,1,57,100.0,19.0,projection,100
720575940624659386,2,85,1,85,100.0,42.5,projection,41
720575940624662764,1,7,1,7,100.0,7.0,projection,84
720575940624662798,3,34,1,34,100.0,11.333333333333334,projection,172
720575940624677709,3,64,1,64,100.0,21.333333333333332,projection,364
720575940624695629,1,18,1,18,100.0,18.0,projection,460
720575940624701513,1,22,1,22,100.0,22.0,projection,74
720575940624710122,1,46,1,46,100.0,46.0,projection,96
720575940624712206,6,262,1,262,100.0,43.666666666666664,projection,4937
720575940624713660,1,42,1,42,100.0,42.0,projection,39
720575940624734512,2,22,1,22,100.0,11.0,projection,58
720575940624743096,3,66,1,66,100.0,22.0,projection,895
720575940624756297,2,210,1,210,100.0,105.0,local,0
720575940624775975,1,42,1,42,100.0,42.0,projection,217
720575940624789652,3,184,1,184,100.0,61.333333333333336,local,0
720575940624789991,1,10,1,10,100.0,10.0,projection,71
720575940624792197,3,273,1,273,100.0,91.0,local,0
720575940624798352,1,7,1,7,100.0,7.0,projection,207
720575940624805765,2,801,1,801,100.0,400.5,local,0
720575940624813437,2,83,1,83,100.0,41.5,local,0
720575940624820112,2,16,1,16,100.0,8.0,projection,79
720575940624856409,2,277,1,277,100.0,138.5,projection,81
720575940624860599,1,10,1,10,100.0,10.0,projection,225
720575940624865584,5,176,1,176,100.0,35.2,local,0
720575940624870663,1,28,1,28,100.0,28.0,projection,356
720575940624879911,2,20,1,20,100.0,10.0,projection,7436
720575940624882407,5,282,1,282,100.0,56.4,local,0
720575940624886160,1,26,1,26,100.0,26.0,projection,5
720575940624886812,1,7,1,7,100.0,7.0,projection,266
720575940624891440,1,6,1,6,100.0,6.0,projection,359
720575940624905091,1,50,1,50,100.0,50.0,local,0
720575940624906483,2,30,1,30,100.0,15.0,local,0
720575940624910373,1,42,1,42,100.0,42.0,local,0
720575940624911548,4,392,1,392,100.0,98.0,projection,2978
720575940624913959,4,54,1,54,100.0,13.5,local,0
720575940624923655,1,40,1,40,100.0,40.0,projection,1608
720575940624948867,10,2623,1,2623,100.0,262.3,local,0
720575940624950078,3,152,1,152,100.0,50.666666666666664,local,0
720575940624956860,1,7,1,7,100.0,7.0,projection,56
720575940624963786,4,244,1,244,100.0,61.0,local,0
720575940624967305,4,984,1,984,100.0,246.0,local,0
720575940624972988,1,10,1,10,100.0,10.0,projection,80
720575940624976572,4,1127,1,1127,100.0,281.75,local,0
720575940624986300,4,927,1,927,100.0,231.75,local,0
720575940624987175,12,311,1,311,100.0,25.916666666666668,local,0
720575940624988455,6,360,1,360,100.0,60.0,local,0
720575940624991527,2,22,1,22,100.0,11.0,projection,25
720575940625002936,9,353,1,353,100.0,39.22222222222222,local,0
720575940625003045,1,180,1,180,100.0,180.0,projection,90
720575940625004034,1,14,1,14,100.0,14.0,local,0
720575940625005239,1,41,1,41,100.0,41.0,projection,674
720575940625005831,1,10,1,10,100.0,10.0,projection,180
720575940625007256,2,32,1,32,100.0,16.0,projection,165
720575940625019454,1,52,1,52,100.0,52.0,projection,985
720575940625020935,2,24,1,24,100.0,12.0,local,0
720575940625031610,11,2506,1,2506,100.0,227.8181818181818,local,0
720575940625032548,5,851,1,851,100.0,170.2,local,0
720575940625045180,16,1293,1,1293,100.0,80.8125,local,0
720575940625047484,15,562,1,562,100.0,37.46666666666667,local,0
720575940625051725,1,5,1,5,100.0,5.0,projection,146
720575940625087159,1,146,1,146,100.0,146.0,projection,846
720575940625110967,5,148,1,148,100.0,29.6,projection,1429
720575940625115063,1,10,1,10,100.0,10.0,projection,52
720575940625123453,4,233,1,233,100.0,58.25,projection,73
720575940625147645,3,61,1,61,100.0,20.333333333333332,projection,74
720575940625158330,1,20,1,20,100.0,20.0,projection,106
720575940625163790,6,958,1,958,100.0,159.66666666666666,local,0
720575940625164176,3,100,1,100,100.0,33.333333333333336,local,0
720575940625164558,7,149,1,149,100.0,21.285714285714285,local,0
720575940625167886,11,458,1,458,100.0,41.63636363636363,local,0
720575940625172238,3,176,1,176,100.0,58.666666666666664,projection,115
720575940625172750,3,100,1,100,100.0,33.333333333333336,projection,1198
720575940625173006,2,60,1,60,100.0,30.0,local,0
720575940625175310,2,35,1,35,100.0,17.5,local,0
720575940625203277,1,38,1,38,100.0,38.0,projection,487
720575940625203504,2,187,1,187,100.0,93.5,local,0
720575940625233296,1,11,1,11,100.0,11.0,projection,45
720575940625240653,1,7,1,7,100.0,7.0,projection,110
720575940625251401,2,42,1,42,100.0,21.0,projection,3548
720575940625256229,1,22,1,22,100.0,22.0,projection,258
720575940625304094,2,411,1,411,100.0,205.5,local,0
720575940625320530,1,7,1,7,100.0,7.0,projection,45
720575940625334349,6,137,1,137,100.0,22.833333333333332,local,0
720575940625334970,1,54,1,54,100.0,54.0,projection,274
720575940625343640,1,11,1,11,100.0,11.0,projection,47
720575940625355281,1,21,1,21,100.0,21.0,projection,181
720575940625360670,1,16,1,16,100.0,16.0,projection,214
720575940625365512,1,12,1,12,100.0,12.0,projection,2605
720575940625375240,4,91,1,91,100.0,22.75,projection,1330
720575940625376442,5,140,1,140,100.0,28.0,projection,127
720575940625408333,8,380,1,380,100.0,47.5,projection,15
720575940625408796,3,63,1,63,100.0,21.0,local,0
720575940625410622,2,30,1,30,100.0,15.0,projection,94
720575940625415043,1,32,1,32,100.0,32.0,projection,33
720575940625431870,1,5,1,5,100.0,5.0,projection,2567
720575940625442795,1,10,1,10,100.0,10.0,projection,187
720575940625449554,12,274,1,274,100.0,22.833333333333332,local,0
720575940625450498,5,1594,1,1594,100.0,318.8,local,0
720575940625489160,2,39,1,39,100.0,19.5,local,0
720575940625494792,5,143,1,143,100.0,28.6,projection,517
720575940625507870,2,35,1,35,100.0,17.5,local,0
720575940625515322,1,33,1,33,100.0,33.0,projection,99
720575940625519891,1,15,1,15,100.0,15.0,projection,133
720575940625526805,4,881,1,881,100.0,220.25,local,0
720575940625551716,1,10,1,10,100.0,10.0,projection,466
720575940625567004,2,50,1,50,100.0,25.0,local,0
720575940625586122,1,20,1,20,100.0,20.0,projection,796
720575940625594604,1,21,1,21,100.0,21.0,projection,6
720575940625601594,9,1426,1,1426,100.0,158.44444444444446,local,0
720575940625615705,2,384,1,384,100.0,192.0,local,0
720575940625619458,1,20,1,20,100.0,20.0,projection,146
720575940625632516,4,1052,1,1052,100.0,263.0,local,0
720575940625637946,2,54,1,54,100.0,27.0,local,0
720575940625662956,1,15,1,15,100.0,15.0,projection,147
720575940625663674,1,15,1,15,100.0,15.0,projection,31
720575940625667888,2,143,1,143,100.0,71.5,projection,62
720575940625681850,1,5,1,5,100.0,5.0,projection,27
720575940625692444,1,14,1,14,100.0,14.0,projection,267
720575940625696601,4,663,1,663,100.0,165.75,local,0
720575940625705930,4,132,1,132,100.0,33.0,local,0
720575940625712688,7,370,1,370,100.0,52.857142857142854,projection,47
720575940625716357,2,17,1,17,100.0,8.5,local,0
720575940625728089,2,107,1,107,100.0,53.5,projection,195
720575940625737776,3,45,1,45,100.0,15.0,local,0
720575940625740346,2,205,1,205,100.0,102.5,local,0
720575940625741114,3,225,1,225,100.0,75.0,local,0
720575940625741287,1,34,1,34,100.0,34.0,projection,12819
720575940625749904,5,157,1,157,100.0,31.4,projection,112
720575940625750105,2,1094,1,1094,100.0,547.0,local,0
720575940625752778,2,154,1,154,100.0,77.0,local,0
720575940625760912,1,30,1,30,100.0,30.0,projection,494
720575940625765520,1,9,1,9,100.0,9.0,projection,662
720575940625768336,1,36,1,36,100.0,36.0,projection,185
720575940625776272,2,20,1,20,100.0,10.0,projection,46
720575940625777594,1,40,1,40,100.0,40.0,projection,622
720575940625781009,1,57,1,57,100.0,57.0,projection,53
720575940625813447,1,92,1,92,100.0,92.0,projection,810
720575940625823280,6,143,1,143,100.0,23.833333333333332,local,0
720575940625841241,3,76,1,76,100.0,25.333333333333332,local,0
720575940625851676,1,15,1,15,100.0,15.0,projection,866
720575940625861168,2,318,1,318,100.0,159.0,local,0
720575940625861660,5,148,1,148,100.0,29.6,local,0
720575940625865738,3,50,1,50,100.0,16.666666666666668,projection,44
720575940625873560,7,569,1,569,100.0,81.28571428571429,local,0
720575940625874992,9,816,1,816,100.0,90.66666666666667,local,0
720575940625901002,1,6,1,6,100.0,6.0,projection,21
720575940625905660,1,6,1,6,100.0,6.0,local,0
720575940625907143,2,165,1,165,100.0,82.5,local,0
720575940625909991,1,15,1,15,100.0,15.0,projection,896
720575940625922404,1,10,1,10,100.0,10.0,projection,32
720575940625926693,2,49,1,49,100.0,24.5,projection,295
720575940625947594,2,55,1,55,100.0,27.5,projection,29
720575940625952186,3,142,1,142,100.0,47.333333333333336,projection,474
720575940625967132,1,27,1,27,100.0,27.0,local,0
720575940625977870,1,33,1,33,100.0,33.0,projection,1754
720575940625981626,2,41,1,41,100.0,20.5,projection,64
720575940625990500,3,52,1,52,100.0,17.333333333333332,projection,596
720575940625993656,3,42,1,42,100.0,14.0,projection,69
720575940626003130,3,44,1,44,100.0,14.666666666666666,projection,2002
720575940626003642,1,15,1,15,100.0,15.0,projection,242
720575940626014218,3,297,1,297,100.0,99.0,local,0
720575940626015242,4,2574,1,2574,100.0,643.5,local,0
720575940626015640,15,766,1,766,100.0,51.06666666666667,local,0
720575940626016017,5,1392,1,1392,100.0,278.4,local,0
720575940626024124,2,86,1,86,100.0,43.0,projection,178
720575940626046083,1,54,1,54,100.0,54.0,projection,712
720575940626067729,1,30,1,30,100.0,30.0,projection,1048
720575940626073637,1,27,1,27,100.0,27.0,local,0
720575940626075517,3,69,1,69,100.0,23.0,local,0
720575940626083428,1,60,1,60,100.0,60.0,projection,274
720575940626091722,4,403,1,403,100.0,100.75,projection,952
720575940626092302,1,6,1,6,100.0,6.0,local,0
720575940626094350,3,253,1,253,100.0,84.33333333333333,local,0
720575940626099214,1,13,1,13,100.0,13.0,local,0
720575940626108553,1,28,1,28,100.0,28.0,projection,83
720575940626117662,1,5,1,5,100.0,5.0,projection,864
720575940626118552,1,14,1,14,100.0,14.0,projection,351
720575940626127432,2,23,1,23,100.0,11.5,local,0
720575940626128386,1,10,1,10,100.0,10.0,projection,290
720575940626132030,2,33,1,33,100.0,16.5,projection,12
720575940626132508,1,9,1,9,100.0,9.0,local,0
720575940626140164,5,154,1,154,100.0,30.8,projection,1617
720575940626143806,1,24,1,24,100.0,24.0,projection,8071
720575940626145636,1,15,1,15,100.0,15.0,projection,1147
720575940626146052,2,61,1,61,100.0,30.5,projection,159
720575940626148520,3,50,1,50,100.0,16.666666666666668,projection,181
720575940626163658,2,28,1,28,100.0,14.0,local,0
720575940626174564,2,84,1,84,100.0,42.0,projection,401
720575940626179658,1,14,1,14,100.0,14.0,projection,121
720575940626180452,2,17,1,17,100.0,8.5,projection,184
720575940626185353,7,232,1,232,100.0,33.142857142857146,local,0
720575940626195081,1,10,1,10,100.0,10.0,projection,107
720575940626197593,4,88,1,88,100.0,22.0,local,0
720575940626201116,2,352,1,352,100.0,176.0,local,0
720575940626201372,2,39,1,39,100.0,19.5,projection,3068
720575940626217226,10,2292,1,2292,100.0,229.2,local,0
720575940626217744,2,198,1,198,100.0,99.0,projection,5
720575940626219038,2,64,1,64,100.0,32.0,projection,166
720575940626220669,5,113,1,113,100.0,22.6,projection,137
720575940626227774,2,40,1,40,100.0,20.0,projection,8
720575940626229849,2,20,1,20,100.0,10.0,local,0
720575940626232153,1,196,1,196,100.0,196.0,projection,1414
720575940626241636,4,759,1,759,100.0,189.75,local,0
720575940626243569,1,6,1,6,100.0,6.0,projection,222
720575940626259458,2,19,1,19,100.0,9.5,projection,1354
720575940626262524,1,16,1,16,100.0,16.0,projection,36
720575940626278974,3,124,1,124,100.0,41.333333333333336,local,0
720575940626279742,7,149,1,149,100.0,21.285714285714285,local,0
720575940626284036,2,195,1,195,100.0,97.5,local,0
720575940626287336,2,298,1,298,100.0,149.0,local,0
720575940626289021,5,236,1,236,100.0,47.2,projection,1730
720575940626308697,29,3574,1,3574,100.0,123.24137931034483,local,0
720575940626324357,1,7,1,7,100.0,7.0,projection,168
720575940626382473,1,26,1,26,100.0,26.0,projection,80
720575940626390018,1,8,1,8,100.0,8.0,projection,90
720575940626393999,1,5,1,5,100.0,5.0,projection,98
720575940626394767,5,86,1,86,100.0,17.2,projection,78
720575940626396803,1,5,1,5,100.0,5.0,local,0
720575940626405690,1,8,1,8,100.0,8.0,projection,221
720575940626412563,2,15,1,15,100.0,7.5,projection,802
720575940626433881,2,123,1,123,100.0,61.5,projection,1306
720575940626434577,1,10,1,10,100.0,10.0,projection,85
720575940626437148,1,12,1,12,100.0,12.0,projection,14
720575940626439498,1,18,1,18,100.0,18.0,projection,31
720575940626449158,9,600,1,600,100.0,66.66666666666667,local,0
720575940626452879,3,247,1,247,100.0,82.33333333333333,projection,69
720575940626465096,2,29,1,29,100.0,14.5,projection,305
720575940626468178,6,105,1,105,100.0,17.5,local,0
720575940626484057,1,16,1,16,100.0,16.0,projection,72
720575940626495109,1,16,1,16,100.0,16.0,projection,1105
720575940626495746,1,16,1,16,100.0,16.0,local,0
720575940626500362,3,178,1,178,100.0,59.333333333333336,projection,200
720575940626500745,2,106,1,106,100.0,53.0,projection,1325
720575940626506472,1,21,1,21,100.0,21.0,projection,99
720575940626507027,2,17,1,17,100.0,8.5,projection,178
720575940626514631,1,18,1,18,100.0,18.0,projection,104
720575940626527818,1,30,1,30,100.0,30.0,projection,47
720575940626544521,1,10,1,10,100.0,10.0,projection,10
720575940626545922,2,27,1,27,100.0,13.5,local,0
720575940626547817,1,10,1,10,100.0,10.0,projection,33
720575940626557186,8,864,1,864,100.0,108.0,local,0
720575940626557442,13,1047,1,1047,100.0,80.53846153846153,local,0
720575940626559490,2,34,1,34,100.0,17.0,local,0
720575940626567701,2,174,1,174,100.0,87.0,local,0
720575940626571602,2,102,1,102,100.0,51.0,projection,571
720575940626572802,3,217,1,217,100.0,72.33333333333333,projection,317
720575940626583836,16,1031,1,1031,100.0,64.4375,local,0
720575940626591619,1,27,1,27,100.0,27.0,projection,39
720575940626598994,3,48,1,48,100.0,16.0,local,0
720575940626600067,1,5,1,5,100.0,5.0,projection,275
720575940626617914,2,38,1,38,100.0,19.0,projection,7
720575940626620568,1,30,1,30,100.0,30.0,projection,1075
720575940626623754,2,61,1,61,100.0,30.5,projection,254
720575940626625813,13,817,1,817,100.0,62.84615384615385,local,0
720575940626626597,2,120,1,120,100.0,60.0,local,0
720575940626629139,1,12,1,12,100.0,12.0,projection,79
720575940626661139,2,46,1,46,100.0,23.0,projection,350
720575940626661501,1,14,1,14,100.0,14.0,projection,1181
720575940626667663,1,20,1,20,100.0,20.0,local,0
720575940626672058,2,120,1,120,100.0,60.0,local,0
720575940626674182,2,215,1,215,100.0,107.5,local,0
720575940626692158,1,30,1,30,100.0,30.0,projection,1099
720575940626705497,9,591,1,591,100.0,65.66666666666667,local,0
720575940626717739,1,16,1,16,100.0,16.0,projection,175
720575940626730115,2,26,1,26,100.0,13.0,projection,135
720575940626735100,1,24,1,24,100.0,24.0,local,0
720575940626742532,4,586,1,586,100.0,146.5,projection,159
720575940626750089,3,37,1,37,100.0,12.333333333333334,projection,195
720575940626754192,7,162,1,162,100.0,23.142857142857142,projection,162
720575940626760600,2,10,1,10,100.0,5.0,projection,128
720575940626767152,2,163,1,163,100.0,81.5,local,0
720575940626775824,8,147,1,147,100.0,18.375,projection,777
720575940626780222,6,197,1,197,100.0,32.833333333333336,local,0
720575940626788625,1,10,1,10,100.0,10.0,projection,362
720575940626793305,2,19,1,19,100.0,9.5,projection,167
720575940626798736,7,243,1,243,100.0,34.714285714285715,local,0
720575940626798744,1,20,1,20,100.0,20.0,projection,53
720575940626804632,1,72,1,72,100.0,72.0,projection,70
720575940626808368,2,46,1,46,100.0,23.0,projection,388
720575940626824469,1,10,1,10,100.0,10.0,projection,115
720575940626828304,2,17,1,17,100.0,8.5,projection,533
720575940626829840,1,18,1,18,100.0,18.0,projection,43
720575940626835146,13,644,1,644,100.0,49.53846153846154,local,0
720575940626843194,2,53,1,53,100.0,26.5,projection,980
720575940626856344,8,1230,1,1230,100.0,153.75,local,0
720575940626865649,1,9,1,9,100.0,9.0,projection,184
720575940626878460,1,21,1,21,100.0,21.0,projection,165
720575940626883345,6,57,1,57,100.0,9.5,projection,127
720575940626902856,4,68,1,68,100.0,17.0,local,0
720575940626919144,5,174,1,174,100.0,34.8,local,0
720575940626941080,7,149,1,149,100.0,21.285714285714285,local,0
720575940626951434,2,28,1,28,100.0,14.0,projection,110
720575940626953561,5,227,1,227,100.0,45.4,local,0
720575940626960536,18,4124,1,4124,100.0,229.11111111111111,local,0
720575940626968216,20,780,1,780,100.0,39.0,local,0
720575940626968305,2,17,1,17,100.0,8.5,projection,136
720575940626970088,1,27,1,27,100.0,27.0,projection,125
720575940626972056,7,372,1,372,100.0,53.142857142857146,local,0
720575940626976555,1,34,1,34,100.0,34.0,projection,135
720575940626982165,2,160,1,160,100.0,80.0,projection,59
720575940626982799,1,14,1,14,100.0,14.0,projection,741
720575940626983185,1,11,1,11,100.0,11.0,projection,675
720575940626983952,9,2427,1,2427,100.0,269.6666666666667,local,0
720575940627036746,3,435,1,435,100.0,145.0,local,0
720575940627040549,4,434,1,434,100.0,108.5,local,0
720575940627044901,1,85,1,85,100.0,85.0,local,0
720575940627046693,1,21,1,21,100.0,21.0,projection,84
720575940627047400,4,91,1,91,100.0,22.75,local,0
720575940627060648,1,12,1,12,100.0,12.0,projection,44
720575940627062088,4,96,1,96,100.0,24.0,local,0
720575940627069321,1,18,1,18,100.0,18.0,projection,71
720575940627079823,3,246,1,246,100.0,82.0,local,0
720575940627081534,3,92,1,92,100.0,30.666666666666668,projection,668
720575940627083294,12,358,1,358,100.0,29.833333333333332,local,0
720575940627084905,1,30,1,30,100.0,30.0,projection,314
720575940627086594,7,221,1,221,100.0,31.571428571428573,local,0
720575940627091206,1,24,1,24,100.0,24.0,projection,445
720575940627099082,1,26,1,26,100.0,26.0,projection,19
720575940627101512,4,68,1,68,100.0,17.0,local,0
720575940627107721,10,1618,1,1618,100.0,161.8,local,0
720575940627110672,2,159,1,159,100.0,79.5,local,0
720575940627110824,5,271,1,271,100.0,54.2,projection,2675
720575940627113544,16,656,1,656,100.0,41.0,projection,396
720575940627117193,3,174,1,174,100.0,58.0,local,0
720575940627177402,1,78,1,78,100.0,78.0,projection,25
720575940627182217,25,1070,1,1070,100.0,42.8,local,0
720575940627183290,1,5,1,5,100.0,5.0,projection,492
720575940627186600,2,16,1,16,100.0,8.0,projection,629
720575940627196691,3,84,1,84,100.0,28.0,projection,649
720575940627206074,11,713,1,713,100.0,64.81818181818181,local,0
720575940627210502,3,944,1,944,100.0,314.6666666666667,local,0
720575940627219272,2,71,1,71,100.0,35.5,local,0
720575940627228090,1,15,1,15,100.0,15.0,projection,184
720575940627234069,1,7,1,7,100.0,7.0,local,0
720575940627244200,6,183,1,183,100.0,30.5,local,0
720575940627254856,14,597,1,597,100.0,42.642857142857146,local,0
720575940627259962,1,9,1,9,100.0,9.0,projection,23
720575940627265265,10,1146,1,1146,100.0,114.6,local,0
720575940627274578,2,227,1,227,100.0,113.5,local,0
720575940627276474,3,74,1,74,100.0,24.666666666666668,local,0
720575940627281594,1,36,1,36,100.0,36.0,projection,1266
720575940627284935,3,80,1,80,100.0,26.666666666666668,projection,11
720575940627285267,7,350,1,350,100.0,50.0,local,0
720575940627286088,1,12,1,12,100.0,12.0,local,0
720575940627286149,1,10,1,10,100.0,10.0,projection,156
720575940627286794,1,6,1,6,100.0,6.0,projection,137
720575940627304424,3,52,1,52,100.0,17.333333333333332,local,0
720575940627327238,1,24,1,24,100.0,24.0,projection,724
720575940627341156,2,11,1,11,100.0,5.5,projection,77
720575940627343125,1,5,1,5,100.0,5.0,local,0
720575940627349860,1,5,1,5,100.0,5.0,projection,1700
720575940627356459,4,109,1,109,100.0,27.25,local,0
720575940627357457,1,8,1,8,100.0,8.0,projection,248
720575940627359109,6,183,1,183,100.0,30.5,local,0
720575940627359621,1,14,1,14,100.0,14.0,local,0
720575940627368250,2,23,1,23,100.0,11.5,projection,479
720575940627369810,1,27,1,27,100.0,27.0,projection,94
720575940627369960,1,12,1,12,100.0,12.0,projection,237
720575940627371834,11,679,1,679,100.0,61.72727272727273,local,0
720575940627383569,3,173,1,173,100.0,57.666666666666664,projection,1571
720575940627384049,2,93,1,93,100.0,46.5,projection,177
720575940627389895,1,10,1,10,100.0,10.0,projection,26
720575940627397263,4,238,1,238,100.0,59.5,local,0
720575940627402568,4,1496,1,1496,100.0,374.0,local,0
720575940627403578,5,529,1,529,100.0,105.8,local,0
720575940627404858,16,901,1,901,100.0,56.3125,local,0
720575940627410451,3,78,1,78,100.0,26.0,local,0
720575940627418387,5,407,1,407,100.0,81.4,local,0
720575940627418856,1,45,1,45,100.0,45.0,projection,75
720575940627419962,3,154,1,154,100.0,51.333333333333336,local,0
720575940627424584,2,23,1,23,100.0,11.5,projection,853
720575940627429907,8,483,1,483,100.0,60.375,local,0
720575940627436554,1,29,1,29,100.0,29.0,projection,261
720575940627438906,4,1195,1,1195,100.0,298.75,local,0
720575940627443996,19,1020,1,1020,100.0,53.68421052631579,local,0
720575940627454569,24,6948,1,6948,100.0,289.5,local,0
720575940627463043,2,22,1,22,100.0,11.0,projection,850
720575940627466746,1,8,1,8,100.0,8.0,projection,49
720575940627472684,1,12,1,12,100.0,12.0,projection,479
720575940627478171,1,44,1,44,100.0,44.0,projection,76
720575940627490663,4,135,1,135,100.0,33.75,local,0
720575940627493638,2,60,1,60,100.0,30.0,local,0
720575940627498499,1,36,1,36,100.0,36.0,local,0
720575940627513210,3,165,1,165,100.0,55.0,local,0
720575940627514567,1,26,1,26,100.0,26.0,projection,2911
720575940627538690,3,113,1,113,100.0,37.666666666666664,local,0
720575940627548432,1,39,1,39,100.0,39.0,projection,37
720575940627556868,5,361,1,361,100.0,72.2,projection,131
720575940627559623,1,72,1,72,100.0,72.0,projection,89
720575940627572349,1,20,1,20,100.0,20.0,projection,1223
720575940627578156,3,635,1,635,100.0,211.66666666666666,local,0
720575940627582724,2,306,1,306,100.0,153.0,projection,297
720575940627588218,3,125,1,125,100.0,41.666666666666664,local,0
720575940627594540,5,112,1,112,100.0,22.4,local,0
720575940627600719,2,55,1,55,100.0,27.5,projection,51
720575940627604674,2,21,1,21,100.0,10.5,projection,51
720575940627607192,6,92,1,92,100.0,15.333333333333334,projection,176
720575940627619057,1,15,1,15,100.0,15.0,projection,505
720575940627629598,1,11,1,11,100.0,11.0,local,0
720575940627638037,3,59,1,59,100.0,19.666666666666668,projection,1919
720575940627646280,1,24,1,24,100.0,24.0,projection,83
720575940627654933,1,10,1,10,100.0,10.0,projection,556
720575940627667530,7,206,1,206,100.0,29.428571428571427,projection,182
720575940627673073,3,36,1,36,100.0,12.0,projection,59
720575940627679765,1,330,1,330,100.0,330.0,projection,359
720575940627680006,1,36,1,36,100.0,36.0,projection,38
720575940627700554,5,64,1,64,100.0,12.8,projection,171
720575940627702288,4,146,1,146,100.0,36.5,projection,298
720575940627704392,6,154,1,154,100.0,25.666666666666668,local,0
720575940627709583,2,78,1,78,100.0,39.0,projection,729
720575940627709956,5,210,1,210,100.0,42.0,projection,94
720575940627713040,1,68,1,68,100.0,68.0,projection,205
720575940627713045,3,40,1,40,100.0,13.333333333333334,projection,85
720575940627728009,1,10,1,10,100.0,10.0,projection,194
720575940627736119,2,68,1,68,100.0,34.0,projection,746
720575940627739023,6,1284,1,1284,100.0,214.0,local,0
720575940627739225,2,30,1,30,100.0,15.0,projection,57
720575940627747560,2,141,1,141,100.0,70.5,projection,862
720575940627757584,1,12,1,12,100.0,12.0,projection,1022
720575940627764780,4,189,1,189,100.0,47.25,local,0
720575940627776450,1,5,1,5,100.0,5.0,projection,39
720575940627779161,1,12,1,12,100.0,12.0,projection,90
720575940627806809,1,6,1,6,100.0,6.0,projection,248
720575940627812168,6,94,1,94,100.0,15.666666666666666,local,0
720575940627814728,13,662,1,662,100.0,50.92307692307692,local,0
720575940627822340,4,105,1,105,100.0,26.25,projection,232
720575940627828040,7,271,1,271,100.0,38.714285714285715,local,0
720575940627828296,12,281,1,281,100.0,23.416666666666668,local,0
720575940627828552,1,19,1,19,100.0,19.0,local,0
720575940627847752,8,365,1,365,100.0,45.625,local,0
720575940627848196,1,10,1,10,100.0,10.0,projection,732
720575940627851761,1,26,1,26,100.0,26.0,projection,38
720575940627866473,1,9,1,9,100.0,9.0,projection,43
720575940627876584,1,8,1,8,100.0,8.0,projection,390
720575940627879367,1,12,1,12,100.0,12.0,projection,189
720575940627879623,1,7,1,7,100.0,7.0,projection,1315
720575940627902268,1,30,1,30,100.0,30.0,local,0
720575940627903804,4,589,1,589,100.0,147.25,local,0
720575940627907883,2,152,1,152,100.0,76.0,local,0
720575940627912492,1,13,1,13,100.0,13.0,projection,35
720575940627921182,1,14,1,14,100.0,14.0,projection,123
720575940627955578,3,50,1,50,100.0,16.666666666666668,projection,72
720575940627982332,1,5,1,5,100.0,5.0,projection,876
720575940627989609,2,225,1,225,100.0,112.5,local,0
720575940628003304,1,15,1,15,100.0,15.0,projection,47
720575940628014744,1,30,1,30,100.0,30.0,projection,67
720575940628017563,3,245,1,245,100.0,81.66666666666667,projection,151
720575940628022141,1,30,1,30,100.0,30.0,projection,11
720575940628023685,5,217,1,217,100.0,43.4,projection,2522
720575940628028163,1,38,1,38,100.0,38.0,local,0
720575940628029180,5,195,1,195,100.0,39.0,local,0
720575940628030440,1,45,1,45,100.0,45.0,local,0
720575940628034044,6,108,1,108,100.0,18.0,local,0
720575940628034876,1,10,1,10,100.0,10.0,projection,37
720575940628038187,3,26,1,26,100.0,8.666666666666666,projection,16
720575940628038555,1,10,1,10,100.0,10.0,projection,111
720575940628050950,1,12,1,12,100.0,12.0,projection,442
720575940628058493,1,10,1,10,100.0,10.0,projection,67
720575940628059722,1,24,1,24,100.0,24.0,projection,1098
720575940628070419,16,1128,1,1128,100.0,70.5,local,0
720575940628074365,1,6,1,6,100.0,6.0,projection,167
720575940628076544,1,5,1,5,100.0,5.0,projection,74
720575940628079742,1,36,1,36,100.0,36.0,projection,85
720575940628095593,12,768,1,768,100.0,64.0,local,0
720575940628096586,5,181,1,181,100.0,36.2,local,0
720575940628116476,2,136,1,136,100.0,68.0,local,0
720575940628125715,3,53,1,53,100.0,17.666666666666668,local,0
720575940628130325,1,10,1,10,100.0,10.0,projection,693
720575940628131371,2,38,1,38,100.0,19.0,projection,21
720575940628131778,8,2143,1,2143,100.0,267.875,local,0
720575940628136347,1,30,1,30,100.0,30.0,projection,1422
720575940628149763,6,141,1,141,100.0,23.5,local,0
720575940628164593,1,54,1,54,100.0,54.0,projection,659
720575940628174848,4,109,1,109,100.0,27.25,local,0
720575940628182748,2,23,1,23,100.0,11.5,projection,10
720575940628198503,4,1659,1,1659,100.0,414.75,local,0
720575940628200506,1,38,1,38,100.0,38.0,projection,2246
720575940628212695,2,145,1,145,100.0,72.5,local,0
720575940628218011,1,10,1,10,100.0,10.0,local,0
720575940628245291,2,163,1,163,100.0,81.5,projection,356
720575940628248326,1,5,1,5,100.0,5.0,projection,935
720575940628260106,2,62,1,62,100.0,31.0,projection,113
720575940628262249,2,11,1,11,100.0,5.5,projection,500
720575940628265467,2,66,1,66,100.0,33.0,local,0
720575940628269303,1,9,1,9,100.0,9.0,local,0
720575940628287546,5,104,1,104,100.0,20.8,local,0
720575940628311370,1,10,1,10,100.0,10.0,projection,86
720575940628319546,1,16,1,16,100.0,16.0,projection,1019
720575940628319899,7,351,1,351,100.0,50.142857142857146,local,0
720575940628326522,4,113,1,113,100.0,28.25,projection,97
720575940628329546,6,487,1,487,100.0,81.16666666666667,local,0
720575940628334342,2,38,1,38,100.0,19.0,projection,1169
720575940628340998,2,40,1,40,100.0,20.0,projection,116
720575940628343050,2,97,1,97,100.0,48.5,local,0
720575940628345610,3,40,1,40,100.0,13.333333333333334,local,0
720575940628348265,1,8,1,8,100.0,8.0,projection,3925
720575940628360506,1,28,1,28,100.0,28.0,projection,4920
720575940628369683,1,36,1,36,100.0,36.0,projection,177
720575940628378440,4,126,1,126,100.0,31.5,local,0
720575940628384778,1,15,1,15,100.0,15.0,projection,24
720575940628386295,7,918,1,918,100.0,131.14285714285714,local,0
720575940628391686,9,444,1,444,100.0,49.333333333333336,projection,330
720575940628407098,3,56,1,56,100.0,18.666666666666668,projection,93
720575940628407852,2,101,1,101,100.0,50.5,projection,325
720575940628411706,1,14,1,14,100.0,14.0,projection,116
720575940628412145,1,30,1,30,100.0,30.0,local,0
720575940628415473,1,12,1,12,100.0,12.0,projection,36
720575940628419338,1,12,1,12,100.0,12.0,projection,69
720575940628422555,10,425,1,425,100.0,42.5,projection,874
720575940628436282,14,672,1,672,100.0,48.0,projection,46
720575940628442385,1,18,1,18,100.0,18.0,projection,109
720575940628445169,1,85,1,85,100.0,85.0,local,0
720575940628452431,1,100,1,100,100.0,100.0,projection,130
720575940628452823,1,15,1,15,100.0,15.0,projection,96
720575940628455996,1,6,1,6,100.0,6.0,projection,85
720575940628467611,1,8,1,8,100.0,8.0,projection,12488
720575940628471811,1,24,1,24,100.0,24.0,projection,10
720575940628478449,7,207,1,207,100.0,29.571428571428573,projection,17
720575940628478736,2,594,1,594,100.0,297.0,projection,969
720575940628483322,2,71,1,71,100.0,35.5,local,0
720575940628492712,6,209,1,209,100.0,34.833333333333336,local,0
720575940628500540,6,55,1,55,100.0,9.166666666666666,local,0
720575940628504081,1,96,1,96,100.0,96.0,projection,140
720575940628524150,4,464,1,464,100.0,116.0,local,0
720575940628543847,1,18,1,18,100.0,18.0,projection,137
720575940628561628,5,120,1,120,100.0,24.0,projection,94
720575940628572815,1,21,1,21,100.0,21.0,projection,564
720575940628573911,1,6,1,6,100.0,6.0,projection,124
720575940628586261,1,40,1,40,100.0,40.0,projection,4027
720575940628592506,1,18,1,18,100.0,18.0,projection,337
720575940628598121,15,651,1,651,100.0,43.4,local,0
720575940628609579,1,10,1,10,100.0,10.0,projection,1482
720575940628616271,1,132,1,132,100.0,132.0,local,0
720575940628627867,1,64,1,64,100.0,64.0,projection,404
720575940628644218,4,702,1,702,100.0,175.5,local,0
720575940628649448,1,25,1,25,100.0,25.0,projection,111
720575940628668009,9,585,1,585,100.0,65.0,local,0
720575940628669545,2,19,1,19,100.0,9.5,local,0
720575940628673474,4,403,1,403,100.0,100.75,local,0
720575940628675433,4,159,1,159,100.0,39.75,projection,164
720575940628676457,14,1231,1,1231,100.0,87.92857142857143,local,0
720575940628680553,6,323,1,323,100.0,53.833333333333336,local,0
720575940628684023,5,221,1,221,100.0,44.2,local,0
720575940628686695,3,226,1,226,100.0,75.33333333333333,local,0
720575940628723834,1,10,1,10,100.0,10.0,projection,142
720575940628739644,2,63,1,63,100.0,31.5,projection,39
720575940628741379,2,24,1,24,100.0,12.0,projection,711
720575940628741436,2,46,1,46,100.0,23.0,projection,11
720575940628743752,10,381,1,381,100.0,38.1,local,0
720575940628750248,2,24,1,24,100.0,12.0,projection,2144
720575940628755815,19,1707,1,1707,100.0,89.84210526315789,projection,290
720575940628757886,1,8,1,8,100.0,8.0,projection,39
720575940628780309,6,519,1,519,100.0,86.5,local,0
720575940628784066,9,234,1,234,100.0,26.0,local,0
720575940628787016,10,355,1,355,100.0,35.5,local,0
720575940628799509,1,22,1,22,100.0,22.0,projection,60
720575940628800506,1,12,1,12,100.0,12.0,projection,24
720575940628800811,2,15,1,15,100.0,7.5,projection,175
720575940628802069,14,582,1,582,100.0,41.57142857142857,local,0
720575940628810512,1,12,1,12,100.0,12.0,projection,38
720575940628815381,14,574,1,574,100.0,41.0,local,0
720575940628818511,1,7,1,7,100.0,7.0,projection,1600
720575940628825210,8,733,1,733,100.0,91.625,local,0
720575940628826128,2,18,1,18,100.0,9.0,local,0
720575940628832256,2,338,1,338,100.0,169.0,local,0
720575940628835076,1,6,1,6,100.0,6.0,projection,298
720575940628842106,3,107,1,107,100.0,35.666666666666664,local,0
720575940628842314,1,8,1,8,100.0,8.0,projection,116
720575940628853239,4,146,1,146,100.0,36.5,local,0
720575940628857850,5,555,1,555,100.0,111.0,projection,34
720575940628861188,1,7,1,7,100.0,7.0,projection,244
720575940628864762,1,24,1,24,100.0,24.0,projection,109
720575940628865644,1,18,1,18,100.0,18.0,projection,4772
720575940628869648,6,150,1,150,100.0,25.0,local,0
720575940628885160,21,1582,1,1582,100.0,75.33333333333333,local,0
720575940628891396,2,29,1,29,100.0,14.5,projection,611
720575940628891774,1,204,1,204,100.0,204.0,local,0
720575940628895750,3,140,1,140,100.0,46.666666666666664,projection,4250
720575940628914436,1,6,1,6,100.0,6.0,projection,2468
720575940628923907,2,34,1,34,100.0,17.0,projection,37
720575940628943619,1,5,1,5,100.0,5.0,projection,195
720575940628948299,1,26,1,26,100.0,26.0,projection,361
720575940628949839,6,108,1,108,100.0,18.0,projection,588
720575940628953595,1,12,1,12,100.0,12.0,local,0
720575940628962407,1,80,1,80,100.0,80.0,local,0
720575940628971779,2,23,1,23,100.0,11.5,local,0
720575940628972048,12,490,1,490,100.0,40.833333333333336,local,0
720575940628973827,6,1174,1,1174,100.0,195.66666666666666,local,0
720575940628975107,4,59,1,59,100.0,14.75,local,0
720575940628979218,1,7,1,7,100.0,7.0,local,0
720575940628983887,1,24,1,24,100.0,24.0,projection,1170
720575940628995331,20,734,1,734,100.0,36.7,local,0
720575940628997123,4,338,1,338,100.0,84.5,local,0
720575940629002716,1,21,1,21,100.0,21.0,projection,19
720575940629009468,5,2435,1,2435,100.0,487.0,local,0
720575940629011655,2,22,1,22,100.0,11.0,projection,3162
720575940629013199,7,590,1,590,100.0,84.28571428571429,projection,654
720575940629019387,1,15,1,15,100.0,15.0,local,0
720575940629024591,1,13,1,13,100.0,13.0,local,0
720575940629025324,4,134,1,134,100.0,33.5,local,0
720575940629032603,1,18,1,18,100.0,18.0,projection,148
720575940629040119,2,26,1,26,100.0,13.0,projection,137
720575940629043070,1,10,1,10,100.0,10.0,projection,77
720575940629044123,2,80,1,80,100.0,40.0,projection,363
720575940629058391,1,98,1,98,100.0,98.0,projection,94
720575940629060986,12,637,1,637,100.0,53.083333333333336,projection,478
720575940629081849,3,146,1,146,100.0,48.666666666666664,local,0
720575940629091431,1,30,1,30,100.0,30.0,projection,855
720575940629111490,9,614,1,614,100.0,68.22222222222223,local,0
720575940629111814,1,24,1,24,100.0,24.0,projection,1270
720575940629112887,1,72,1,72,100.0,72.0,local,0
720575940629127936,1,63,1,63,100.0,63.0,projection,67
720575940629131772,5,285,1,285,100.0,57.0,projection,2430
720575940629137196,1,54,1,54,100.0,54.0,projection,48
720575940629142171,4,72,1,72,100.0,18.0,projection,372
720575940629144987,2,60,1,60,100.0,30.0,projection,558
720575940629146711,3,445,1,445,100.0,148.33333333333334,local,0
720575940629147132,3,98,1,98,100.0,32.666666666666664,projection,52
720575940629163419,1,14,1,14,100.0,14.0,projection,59
720575940629167515,3,45,1,45,100.0,15.0,projection,66
720575940629176663,3,131,1,131,100.0,43.666666666666664,local,0
720575940629188087,1,14,1,14,100.0,14.0,projection,137
720575940629192523,1,5,1,5,100.0,5.0,projection,449
720575940629211607,3,382,1,382,100.0,127.33333333333333,local,0
720575940629218811,1,30,1,30,100.0,30.0,projection,15
720575940629229271,1,10,1,10,100.0,10.0,projection,58
720575940629239934,1,9,1,9,100.0,9.0,projection,696
720575940629242428,2,30,1,30,100.0,15.0,projection,550
720575940629244154,2,46,1,46,100.0,23.0,projection,148
720575940629244359,6,694,1,694,100.0,115.66666666666667,projection,350
720575940629250775,1,5,1,5,100.0,5.0,local,0
720575940629270339,4,341,1,341,100.0,85.25,local,0
720575940629285879,4,38,1,38,100.0,9.5,projection,577
720575940629301248,1,48,1,48,100.0,48.0,projection,2038
720575940629326380,3,40,1,40,100.0,13.333333333333334,projection,42
720575940629327660,2,35,1,35,100.0,17.5,projection,254
720575940629354087,1,30,1,30,100.0,30.0,projection,110
720575940629355064,1,7,1,7,100.0,7.0,local,0
720575940629358807,17,2328,1,2328,100.0,136.94117647058823,local,0
720575940629365868,3,40,1,40,100.0,13.333333333333334,local,0
720575940629370967,4,65,1,65,100.0,16.25,projection,20
720575940629377218,5,254,1,254,100.0,50.8,local,0
720575940629378754,2,39,1,39,100.0,19.5,local,0
720575940629388135,4,99,1,99,100.0,24.75,projection,29
720575940629392439,1,158,1,158,100.0,158.0,projection,847
720575940629398466,3,123,1,123,100.0,41.0,local,0
720575940629401674,1,10,1,10,100.0,10.0,projection,652
720575940629410048,1,27,1,27,100.0,27.0,projection,43
720575940629412170,5,129,1,129,100.0,25.8,local,0
720575940629412682,1,5,1,5,100.0,5.0,local,0
720575940629416318,1,85,1,85,100.0,85.0,local,0
720575940629421415,9,479,1,479,100.0,53.22222222222222,local,0
720575940629422183,20,850,1,850,100.0,42.5,local,0
720575940629427984,1,10,1,10,100.0,10.0,projection,847
720575940629428215,1,5,1,5,100.0,5.0,local,0
720575940629428695,1,54,1,54,100.0,54.0,projection,236
720575940629430978,1,152,1,152,100.0,152.0,projection,1034
720575940629470736,1,5,1,5,100.0,5.0,projection,78
720575940629481516,2,1030,1,1030,100.0,515.0,local,0
720575940629488578,1,8,1,8,100.0,8.0,projection,200
720575940629489212,1,5,1,5,100.0,5.0,projection,195
720575940629509948,2,68,1,68,100.0,34.0,projection,67
720575940629510338,2,66,1,66,100.0,33.0,local,0
720575940629524483,1,17,1,17,100.0,17.0,local,0
720575940629531351,3,59,1,59,100.0,19.666666666666668,projection,290
720575940629538320,1,5,1,5,100.0,5.0,projection,812
720575940629543409,9,418,1,418,100.0,46.44444444444444,local,0
720575940629548107,4,68,1,68,100.0,17.0,local,0
720575940629551375,1,20,1,20,100.0,20.0,projection,74
720575940629561338,2,108,1,108,100.0,54.0,projection,846
720575940629563642,1,15,1,15,100.0,15.0,projection,144
720575940629564688,2,81,1,81,100.0,40.5,local,0
720575940629572623,1,27,1,27,100.0,27.0,projection,5
720575940629576451,2,36,1,36,100.0,18.0,local,0
720575940629579836,1,12,1,12,100.0,12.0,projection,29
720575940629583914,1,10,1,10,100.0,10.0,projection,109
720575940629589292,2,17,1,17,100.0,8.5,projection,231
720575940629610967,1,10,1,10,100.0,10.0,projection,71
720575940629623351,2,24,1,24,100.0,12.0,local,0
720575940629639550,1,14,1,14,100.0,14.0,projection,24
720575940629642693,2,29,1,29,100.0,14.5,local,0
720575940629677417,7,692,1,692,100.0,98.85714285714286,local,0
720575940629681278,4,124,1,124,100.0,31.0,projection,204
720575940629717097,2,280,1,280,100.0,140.0,projection,5
720575940629717370,17,568,1,568,100.0,33.411764705882355,local,0
720575940629730934,2,224,1,224,100.0,112.0,projection,625
720575940629746176,1,11,1,11,100.0,11.0,projection,499
720575940629749559,1,31,1,31,100.0,31.0,projection,104
720575940629752190,1,24,1,24,100.0,24.0,projection,488
720575940629764906,3,176,1,176,100.0,58.666666666666664,projection,42
720575940629766266,1,5,1,5,100.0,5.0,projection,2073
720575940629773276,6,93,1,93,100.0,15.5,local,0
720575940629778554,14,761,1,761,100.0,54.357142857142854,local,0
720575940629783158,5,119,1,119,100.0,23.8,projection,149
720575940629786998,3,61,1,61,100.0,20.333333333333332,projection,1879
720575940629792060,4,47,1,47,100.0,11.75,local,0
720575940629806807,1,7,1,7,100.0,7.0,projection,149
720575940629806974,1,5,1,5,100.0,5.0,local,0
720575940629822842,11,621,1,621,100.0,56.45454545454545,projection,126
720575940629837563,8,1242,1,1242,100.0,155.25,projection,657
720575940629845303,1,7,1,7,100.0,7.0,projection,912
720575940629852419,2,69,1,69,100.0,34.5,projection,1093
720575940629861163,8,356,1,356,100.0,44.5,projection,637
720575940629865319,2,42,1,42,100.0,21.0,local,0
720575940629884119,4,108,1,108,100.0,27.0,local,0
720575940629888316,1,10,1,10,100.0,10.0,projection,120
720575940629888530,11,261,1,261,100.0,23.727272727272727,local,0
720575940629914732,2,39,1,39,100.0,19.5,projection,37
720575940629917771,2,33,1,33,100.0,16.5,projection,145
720575940629933559,5,119,1,119,100.0,23.8,projection,135
720575940629936591,1,30,1,30,100.0,30.0,projection,339
720575940629939499,2,135,1,135,100.0,67.5,projection,24
720575940629943148,2,23,1,23,100.0,11.5,projection,25
720575940629951852,4,66,1,66,100.0,16.5,projection,860
720575940629968128,1,12,1,12,100.0,12.0,projection,1554
720575940629972215,2,168,1,168,100.0,84.0,local,0
720575940629975799,4,401,1,401,100.0,100.25,local,0
720575940629985132,1,13,1,13,100.0,13.0,projection,219
720575940629986816,1,9,1,9,100.0,9.0,projection,1586
720575940629987587,11,325,1,325,100.0,29.545454545454547,local,0
720575940630005622,4,238,1,238,100.0,59.5,projection,420
720575940630015995,1,18,1,18,100.0,18.0,projection,37
720575940630041913,1,10,1,10,100.0,10.0,projection,93
720575940630065468,1,6,1,6,100.0,6.0,projection,16
720575940630067968,1,42,1,42,100.0,42.0,projection,75
720575940630073145,2,164,1,164,100.0,82.0,projection,61
720575940630076887,1,18,1,18,100.0,18.0,projection,18
720575940630113531,2,58,1,58,100.0,29.0,projection,1903
720575940630114524,1,7,1,7,100.0,7.0,projection,194
720575940630116345,1,30,1,30,100.0,30.0,projection,39
720575940630125884,2,34,1,34,100.0,17.0,projection,954
720575940630127634,1,12,1,12,100.0,12.0,projection,124
720575940630147127,1,8,1,8,100.0,8.0,projection,165
720575940630159616,6,67,1,67,100.0,11.166666666666666,local,0
720575940630159676,4,79,1,79,100.0,19.75,projection,280
720575940630165007,1,105,1,105,100.0,105.0,projection,154
720575940630168636,2,95,1,95,100.0,47.5,projection,236
720575940630181463,2,59,1,59,100.0,29.5,projection,103
720575940630181852,1,20,1,20,100.0,20.0,local,0
720575940630195909,1,102,1,102,100.0,102.0,local,0
720575940630229007,4,412,1,412,100.0,103.0,local,0
720575940630232380,5,266,1,266,100.0,53.2,local,0
720575940630233047,2,36,1,36,100.0,18.0,projection,85
720575940630233404,7,368,1,368,100.0,52.57142857142857,local,0
720575940630233916,3,177,1,177,100.0,59.0,local,0
720575940630245650,1,22,1,22,100.0,22.0,projection,65
720575940630250833,1,12,1,12,100.0,12.0,projection,32
720575940630250860,3,106,1,106,100.0,35.333333333333336,projection,406
720575940630260439,5,172,1,172,100.0,34.4,projection,46
720575940630281687,1,15,1,15,100.0,15.0,projection,145
720575940630291671,1,52,1,52,100.0,52.0,projection,2352
720575940630300434,2,13,1,13,100.0,6.5,local,0
720575940630301836,1,5,1,5,100.0,5.0,local,0
720575940630313324,1,30,1,30,100.0,30.0,projection,85
720575940630316647,4,51,1,51,100.0,12.75,projection,101
720575940630318695,3,64,1,64,100.0,21.333333333333332,projection,15
720575940630329903,1,19,1,19,100.0,19.0,projection,198
720575940630347628,1,252,1,252,100.0,252.0,projection,711
720575940630352379,1,6,1,6,100.0,6.0,projection,21
720575940630362179,1,54,1,54,100.0,54.0,projection,1245
720575940630372153,3,239,1,239,100.0,79.66666666666667,local,0
720575940630393427,4,442,1,442,100.0,110.5,projection,277
720575940630403031,2,13,1,13,100.0,6.5,local,0
720575940630407388,2,90,1,90,100.0,45.0,projection,4314
720575940630438731,1,22,1,22,100.0,22.0,projection,81
720575940630461404,10,657,1,657,100.0,65.7,local,0
720575940630461660,22,1065,1,1065,100.0,48.40909090909091,local,0
720575940630470391,10,2396,1,2396,100.0,239.6,local,0
720575940630484687,4,205,1,205,100.0,51.25,projection,167
720575940630493050,2,26,1,26,100.0,13.0,projection,738
720575940630501228,1,16,1,16,100.0,16.0,projection,2617
720575940630504466,15,896,1,896,100.0,59.733333333333334,local,0
720575940630506344,2,878,1,878,100.0,439.0,local,0
720575940630510454,10,385,1,385,100.0,38.5,projection,109
720575940630520139,3,108,1,108,100.0,36.0,projection,47
720575940630546540,1,42,1,42,100.0,42.0,projection,7932
720575940630553415,2,141,1,141,100.0,70.5,local,0
720575940630559051,1,42,1,42,100.0,42.0,projection,143
720575940630564712,2,51,1,51,100.0,25.5,projection,105
720575940630579052,5,251,1,251,100.0,50.2,projection,130
720575940630579574,14,667,1,667,100.0,47.642857142857146,local,0
720575940630597177,2,137,1,137,100.0,68.5,local,0
720575940630597839,10,1402,1,1402,100.0,140.2,local,0
720575940630606444,4,60,1,60,100.0,15.0,projection,576
720575940630608236,3,63,1,63,100.0,21.0,projection,756
720575940630610042,1,6,1,6,100.0,6.0,projection,44
720575940630613452,1,56,1,56,100.0,56.0,projection,5
720575940630616082,3,94,1,94,100.0,31.333333333333332,projection,44
720575940630618680,1,22,1,22,100.0,22.0,projection,1920
720575940630619719,1,12,1,12,100.0,12.0,local,0
720575940630620207,2,113,1,113,100.0,56.5,projection,12
720575940630640804,1,14,1,14,100.0,14.0,projection,56
720575940630644807,4,81,1,81,100.0,20.25,projection,44
720575940630654539,1,9,1,9,100.0,9.0,local,0
720575940630665210,18,693,1,693,100.0,38.5,local,0
720575940630665580,1,12,1,12,100.0,12.0,projection,3655
720575940630666234,1,6,1,6,100.0,6.0,projection,1502
720575940630667372,14,1375,1,1375,100.0,98.21428571428571,projection,6
720575940630670454,4,96,1,96,100.0,24.0,local,0
720575940630670890,11,676,1,676,100.0,61.45454545454545,projection,137
720575940630674038,7,132,1,132,100.0,18.857142857142858,local,0
720575940630679801,3,60,1,60,100.0,20.0,local,0
720575940630683383,1,8,1,8,100.0,8.0,projection,1615
720575940630683385,6,134,1,134,100.0,22.333333333333332,local,0
720575940630690093,1,30,1,30,100.0,30.0,projection,335
720575940630691958,13,2845,1,2845,100.0,218.84615384615384,local,0
720575940630697078,3,253,1,253,100.0,84.33333333333333,local,0
720575940630702789,2,186,1,186,100.0,93.0,local,0
720575940630718511,3,73,1,73,100.0,24.333333333333332,projection,67
720575940630720763,5,116,1,116,100.0,23.2,projection,808
720575940630724652,2,226,1,226,100.0,113.0,local,0
720575940630732414,1,18,1,18,100.0,18.0,projection,146
720575940630734393,2,222,1,222,100.0,111.0,local,0
720575940630736123,4,247,1,247,100.0,61.75,projection,1111
720575940630769145,1,12,1,12,100.0,12.0,projection,617
720575940630770042,1,12,1,12,100.0,12.0,projection,17735
720575940630773495,2,44,1,44,100.0,22.0,local,0
720575940630779586,4,74,1,74,100.0,18.5,projection,68
720575940630796115,1,6,1,6,100.0,6.0,projection,247
720575940630797113,3,71,1,71,100.0,23.666666666666668,local,0
720575940630799042,2,299,1,299,100.0,149.5,projection,639
720575940630799059,2,203,1,203,100.0,101.5,projection,437
720575940630808827,5,386,1,386,100.0,77.2,local,0
720575940630829051,1,30,1,30,100.0,30.0,local,0
720575940630836471,1,55,1,55,100.0,55.0,projection,248
720575940630839371,3,137,1,137,100.0,45.666666666666664,local,0
720575940630853436,2,48,1,48,100.0,24.0,projection,93
720575940630868271,2,121,1,121,100.0,60.5,projection,63
720575940630868793,6,181,1,181,100.0,30.166666666666668,local,0
720575940630882039,5,327,1,327,100.0,65.4,local,0
720575940630883343,2,111,1,111,100.0,55.5,projection,177
720575940630887737,8,158,1,158,100.0,19.75,projection,64
720575940630890040,2,114,1,114,100.0,57.0,projection,76
720575940630892631,1,16,1,16,100.0,16.0,projection,12
720575940630893196,11,3258,1,3258,100.0,296.1818181818182,local,0
720575940630899560,1,16,1,16,100.0,16.0,projection,18
720575940630902083,1,8,1,8,100.0,8.0,projection,24
720575940630911991,1,128,1,128,100.0,128.0,local,0
720575940630918308,3,29,1,29,100.0,9.666666666666666,projection,71
720575940630944843,1,32,1,32,100.0,32.0,projection,218
720575940630951424,1,63,1,63,100.0,63.0,local,0
720575940630955205,3,72,1,72,100.0,24.0,projection,391
720575940630957765,1,60,1,60,100.0,60.0,projection,170
720575940630960911,1,7,1,7,100.0,7.0,local,0
720575940630968335,4,340,1,340,100.0,85.0,local,0
720575940630981906,3,218,1,218,100.0,72.66666666666667,projection,303
720575940630991311,10,644,1,644,100.0,64.4,local,0
720575940631008824,6,262,1,262,100.0,43.666666666666664,projection,240
720575940631020079,3,333,1,333,100.0,111.0,local,0
720575940631021220,1,16,1,16,100.0,16.0,local,0
720575940631029048,2,54,1,54,100.0,27.0,projection,105
720575940631056185,16,897,1,897,100.0,56.0625,local,0
720575940631065144,3,22,1,22,100.0,7.333333333333333,local,0
720575940631069255,3,258,1,258,100.0,86.0,local,0
720575940631082124,5,1276,1,1276,100.0,255.2,local,0
720575940631092943,31,2770,1,2770,100.0,89.35483870967742,local,0
720575940631092947,2,662,1,662,100.0,331.0,projection,19
720575940631103744,1,20,1,20,100.0,20.0,projection,4831
720575940631106664,4,404,1,404,100.0,101.0,local,0
720575940631108303,6,366,1,366,100.0,61.0,local,0
720575940631110095,4,264,1,264,100.0,66.0,local,0
720575940631111983,19,826,1,826,100.0,43.473684210526315,local,0
720575940631135488,2,70,1,70,100.0,35.0,projection,97
720575940631147148,3,89,1,89,100.0,29.666666666666668,local,0
720575940631154380,1,27,1,27,100.0,27.0,projection,68
720575940631154396,3,88,1,88,100.0,29.333333333333332,projection,806
720575940631168057,13,445,1,445,100.0,34.23076923076923,local,0
720575940631179831,15,1113,1,1113,100.0,74.2,local,0
720575940631188876,2,20,1,20,100.0,10.0,projection,26
720575940631190851,1,26,1,26,100.0,26.0,projection,45
720575940631204163,5,1483,1,1483,100.0,296.6,local,0
720575940631205580,2,137,1,137,100.0,68.5,local,0
720575940631208466,1,6,1,6,100.0,6.0,projection,120
720575940631211831,1,6,1,6,100.0,6.0,projection,561
720575940631224889,1,50,1,50,100.0,50.0,projection,707
720575940631235665,1,104,1,104,100.0,104.0,projection,992
720575940631242799,1,8,1,8,100.0,8.0,projection,184
720575940631243279,1,144,1,144,100.0,144.0,projection,1002
720575940631244648,1,42,1,42,100.0,42.0,local,0
720575940631250232,1,23,1,23,100.0,23.0,projection,269
720575940631260716,2,35,1,35,100.0,17.5,projection,101
720575940631267858,2,20,1,20,100.0,10.0,projection,78
720575940631270162,1,81,1,81,100.0,81.0,projection,118
720575940631270954,2,90,1,90,100.0,45.0,projection,838
720575940631275050,1,48,1,48,100.0,48.0,projection,2631
720575940631275601,3,111,1,111,100.0,37.0,projection,1005
720575940631280721,2,34,1,34,100.0,17.0,local,0
720575940631282194,2,164,1,164,100.0,82.0,projection,236
720575940631284511,4,284,1,284,100.0,71.0,local,0
720575940631293202,4,412,1,412,100.0,103.0,local,0
720575940631293740,2,34,1,34,100.0,17.0,projection,16
720575940631295506,4,417,1,417,100.0,104.25,projection,206
720575940631299090,7,405,1,405,100.0,57.857142857142854,local,0
720575940631299602,13,889,1,889,100.0,68.38461538461539,local,0
720575940631301447,1,35,1,35,100.0,35.0,projection,123
720575940631309866,11,364,1,364,100.0,33.09090909090909,local,0
720575940631314908,10,315,1,315,100.0,31.5,projection,40
720575940631327739,3,144,1,144,100.0,48.0,projection,178
720575940631328763,5,226,1,226,100.0,45.2,local,0
720575940631331855,2,478,1,478,100.0,239.0,local,0
720575940631344971,1,10,1,10,100.0,10.0,local,0
720575940631365084,1,20,1,20,100.0,20.0,projection,203
720575940631365340,5,104,1,104,100.0,20.8,local,0
720575940631366061,8,378,1,378,100.0,47.25,projection,156
720575940631371991,3,124,1,124,100.0,41.333333333333336,projection,66
720575940631381212,1,27,1,27,100.0,27.0,projection,1254
720575940631393384,1,5,1,5,100.0,5.0,projection,58
720575940631393484,2,101,1,101,100.0,50.5,local,0
720575940631406411,9,627,1,627,100.0,69.66666666666667,local,0
720575940631408548,1,30,1,30,100.0,30.0,projection,256
720575940631412778,2,27,1,27,100.0,13.5,local,0
720575940631423263,2,96,1,96,100.0,48.0,local,0
720575940631434541,1,28,1,28,100.0,28.0,projection,53
720575940631436615,1,16,1,16,100.0,16.0,projection,137
720575940631451897,1,24,1,24,100.0,24.0,projection,63
720575940631454433,2,55,1,55,100.0,27.5,local,0
720575940631458733,3,79,1,79,100.0,26.333333333333332,projection,222
720575940631459923,1,20,1,20,100.0,20.0,projection,41
720575940631467050,1,14,1,14,100.0,14.0,projection,807
720575940631501112,2,48,1,48,100.0,24.0,projection,28
720575940631511948,1,8,1,8,100.0,8.0,projection,79
720575940631518495,1,33,1,33,100.0,33.0,projection,96
720575940631526215,2,27,1,27,100.0,13.5,projection,1449
720575940631528655,2,63,1,63,100.0,31.5,projection,125
720575940631530148,3,52,1,52,100.0,17.333333333333332,projection,636
720575940631538028,2,21,1,21,100.0,10.5,projection,1643
720575940631547729,1,32,1,32,100.0,32.0,projection,3032
720575940631555128,1,72,1,72,100.0,72.0,projection,49
720575940631559884,1,5,1,5,100.0,5.0,local,0
720575940631583519,1,7,1,7,100.0,7.0,projection,109
720575940631586924,1,17,1,17,100.0,17.0,projection,41
720575940631627843,1,12,1,12,100.0,12.0,projection,52
720575940631629160,6,190,1,190,100.0,31.666666666666668,local,0
720575940631638841,2,71,1,71,100.0,35.5,projection,54
720575940631678289,1,30,1,30,100.0,30.0,projection,163
720575940631703608,15,1229,1,1229,100.0,81.93333333333334,local,0
720575940631705130,1,9,1,9,100.0,9.0,projection,38
720575940631728431,1,20,1,20,100.0,20.0,projection,229
720575940631742381,27,799,1,799,100.0,29.59259259259259,projection,631
720575940631758111,1,15,1,15,100.0,15.0,projection,61
720575940631771971,3,77,1,77,100.0,25.666666666666668,projection,575
720575940631783507,1,18,1,18,100.0,18.0,projection,65
720575940631808569,1,15,1,15,100.0,15.0,projection,515
720575940631829279,4,63,1,63,100.0,15.75,local,0
720575940631842360,3,49,1,49,100.0,16.333333333333332,projection,4440
720575940631853615,2,24,1,24,100.0,12.0,projection,568
720575940631865228,1,18,1,18,100.0,18.0,projection,937
720575940631870291,1,23,1,23,100.0,23.0,projection,85
720575940631875896,2,198,1,198,100.0,99.0,projection,1025
720575940631880279,1,105,1,105,100.0,105.0,projection,141
720575940631898285,2,110,1,110,100.0,55.0,local,0
720575940631901409,5,79,1,79,100.0,15.8,projection,24
720575940631907159,2,45,1,45,100.0,22.5,projection,3520
720575940631915801,2,50,1,50,100.0,25.0,projection,61
720575940631918649,9,336,1,336,100.0,37.333333333333336,projection,25
720575940631919976,1,16,1,16,100.0,16.0,local,0
720575940631923304,5,55,1,55,100.0,11.0,local,0
720575940631930828,2,36,1,36,100.0,18.0,projection,3669
720575940631939415,1,10,1,10,100.0,10.0,local,0
720575940631939432,5,142,1,142,100.0,28.4,local,0
720575940631940377,2,22,1,22,100.0,11.0,projection,48
720575940631959097,2,44,1,44,100.0,22.0,local,0
720575940631960773,2,55,1,55,100.0,27.5,projection,64
720575940631966545,1,14,1,14,100.0,14.0,projection,218
720575940631967506,2,77,1,77,100.0,38.5,projection,768
720575940631968599,6,209,1,209,100.0,34.833333333333336,projection,908
720575940631989352,5,57,1,57,100.0,11.4,local,0
720575940631991266,1,11,1,11,100.0,11.0,projection,1006
720575940631992391,1,20,1,20,100.0,20.0,projection,133
720575940631994728,16,490,1,490,100.0,30.625,local,0
720575940631995167,2,30,1,30,100.0,15.0,projection,452
720575940631997032,29,3368,1,3368,100.0,116.13793103448276,local,0
720575940631997767,1,27,1,27,100.0,27.0,projection,1442
720575940631998023,1,5,1,5,100.0,5.0,projection,31
720575940632008877,1,10,1,10,100.0,10.0,projection,74
720575940632009784,4,151,1,151,100.0,37.75,projection,59
720575940632013387,1,45,1,45,100.0,45.0,projection,840
720575940632028216,5,79,1,79,100.0,15.8,local,0
720575940632029496,5,381,1,381,100.0,76.2,local,0
720575940632030008,6,134,1,134,100.0,22.333333333333332,local,0
720575940632036492,1,25,1,25,100.0,25.0,projection,264
720575940632042148,2,65,1,65,100.0,32.5,projection,2220
720575940632047890,7,673,1,673,100.0,96.14285714285714,local,0
720575940632048804,1,9,1,9,100.0,9.0,projection,120
720575940632065164,1,30,1,30,100.0,30.0,projection,109
720575940632078873,4,172,1,172,100.0,43.0,projection,21
720575940632081036,1,30,1,30,100.0,30.0,projection,166
720575940632095628,1,30,1,30,100.0,30.0,projection,965
720575940632118156,12,577,1,577,100.0,48.083333333333336,local,0
720575940632134227,9,547,1,547,100.0,60.77777777777778,local,0
720575940632134483,1,48,1,48,100.0,48.0,projection,70
720575940632146340,4,434,1,434,100.0,108.5,local,0
720575940632159519,1,36,1,36,100.0,36.0,local,0
720575940632171857,1,45,1,45,100.0,45.0,projection,312
720575940632178892,4,56,1,56,100.0,14.0,local,0
720575940632200749,1,5,1,5,100.0,5.0,projection,821
720575940632213730,1,35,1,35,100.0,35.0,local,0
720575940632225071,1,10,1,10,100.0,10.0,projection,490
720575940632250285,1,15,1,15,100.0,15.0,projection,349
720575940632252743,1,325,1,325,100.0,325.0,local,0
720575940632282449,1,15,1,15,100.0,15.0,projection,189
720575940632293346,7,1575,1,1575,100.0,225.0,local,0
720575940632295751,5,186,1,186,100.0,37.2,projection,71
720575940632302161,2,219,1,219,100.0,109.5,local,0
720575940632303073,1,32,1,32,100.0,32.0,projection,111
720575940632305711,3,41,1,41,100.0,13.666666666666666,local,0
720575940632308305,3,110,1,110,100.0,36.666666666666664,projection,95
720575940632308644,1,62,1,62,100.0,62.0,projection,2085
720575940632320815,6,113,1,113,100.0,18.833333333333332,projection,130
720575940632341452,4,420,1,420,100.0,105.0,local,0
720575940632364569,1,25,1,25,100.0,25.0,projection,20
720575940632365905,7,157,1,157,100.0,22.428571428571427,local,0
720575940632369439,2,55,1,55,100.0,27.5,projection,138
720575940632379467,4,69,1,69,100.0,17.25,projection,167
720575940632399691,1,5,1,5,100.0,5.0,projection,391
720575940632403986,2,27,1,27,100.0,13.5,projection,9570
720575940632407826,1,6,1,6,100.0,6.0,local,0
720575940632410828,1,18,1,18,100.0,18.0,projection,1153
720575940632416298,2,32,1,32,100.0,16.0,projection,3582
720575940632423394,6,398,1,398,100.0,66.33333333333333,local,0
720575940632425919,4,173,1,173,100.0,43.25,local,0
720575940632427595,1,49,1,49,100.0,49.0,projection,84
720575940632431268,2,70,1,70,100.0,35.0,projection,61
720575940632464146,3,187,1,187,100.0,62.333333333333336,projection,1279
720575940632467923,1,132,1,132,100.0,132.0,local,0
720575940632486969,9,1757,1,1757,100.0,195.22222222222223,local,0
720575940632501668,7,150,1,150,100.0,21.428571428571427,projection,81
720575940632508627,2,28,1,28,100.0,14.0,projection,25
720575940632510479,2,256,1,256,100.0,128.0,local,0
720575940632516879,2,11,1,11,100.0,5.5,projection,205
720575940632524559,3,35,1,35,100.0,11.666666666666666,local,0
720575940632530207,1,15,1,15,100.0,15.0,projection,48
720575940632575180,1,15,1,15,100.0,15.0,projection,292
720575940632582829,3,37,1,37,100.0,12.333333333333334,local,0
720575940632587932,4,189,1,189,100.0,47.25,local,0
720575940632588748,8,318,1,318,100.0,39.75,projection,43
720575940632595937,1,15,1,15,100.0,15.0,projection,68
720575940632596449,1,5,1,5,100.0,5.0,local,0
720575940632615507,1,10,1,10,100.0,10.0,projection,157
720575940632633133,1,18,1,18,100.0,18.0,projection,172
720575940632634532,1,5,1,5,100.0,5.0,local,0
720575940632638803,2,36,1,36,100.0,18.0,projection,126
720575940632639714,1,10,1,10,100.0,10.0,local,0
720575940632640287,9,227,1,227,100.0,25.22222222222222,local,0
720575940632658131,1,6,1,6,100.0,6.0,local,0
720575940632659404,29,3086,1,3086,100.0,106.41379310344827,projection,377
720575940632664268,2,66,1,66,100.0,33.0,local,0
720575940632670156,7,220,1,220,100.0,31.428571428571427,projection,188
720575940632672156,3,65,1,65,100.0,21.666666666666668,projection,484
720575940632695904,1,12,1,12,100.0,12.0,projection,155
720575940632701779,1,54,1,54,100.0,54.0,projection,199
720575940632706970,1,153,1,153,100.0,153.0,local,0
720575940632722771,1,12,1,12,100.0,12.0,local,0
720575940632723660,3,410,1,410,100.0,136.66666666666666,local,0
720575940632726220,3,73,1,73,100.0,24.333333333333332,local,0
720575940632732217,2,62,1,62,100.0,31.0,local,0
720575940632734033,2,48,1,48,100.0,24.0,projection,705
720575940632737081,1,96,1,96,100.0,96.0,projection,711
720575940632793645,4,72,1,72,100.0,18.0,projection,804
720575940632795532,2,206,1,206,100.0,103.0,projection,18730
720575940632803795,1,7,1,7,100.0,7.0,projection,362
720575940632821864,1,18,1,18,100.0,18.0,projection,34
720575940632828264,1,30,1,30,100.0,30.0,projection,28
720575940632832301,1,18,1,18,100.0,18.0,projection,159
720575940632835688,2,48,1,48,100.0,24.0,projection,3358
720575940632839763,12,252,1,252,100.0,21.0,local,0
720575940632848045,1,16,1,16,100.0,16.0,projection,49
720575940632879842,2,19,1,19,100.0,9.5,projection,353
720575940632880173,3,59,1,59,100.0,19.666666666666668,local,0
720575940632889389,3,104,1,104,100.0,34.666666666666664,local,0
720575940632890425,1,35,1,35,100.0,35.0,projection,1693
720575940632900503,1,5,1,5,100.0,5.0,projection,67
720575940632936332,1,16,1,16,100.0,16.0,local,0
720575940632960813,2,114,1,114,100.0,57.0,local,0
720575940632998028,8,422,1,422,100.0,52.75,projection,848
720575940633017903,2,70,1,70,100.0,35.0,projection,78
720575940633065901,4,59,1,59,100.0,14.75,local,0
720575940633117580,1,12,1,12,100.0,12.0,projection,2721
720575940633118637,5,74,1,74,100.0,14.8,projection,129
720575940633143833,4,119,1,119,100.0,29.75,local,0
720575940633165980,21,3485,1,3485,100.0,165.95238095238096,local,0
720575940633183628,1,30,1,30,100.0,30.0,projection,324
720575940633185567,3,180,1,180,100.0,60.0,local,0
720575940633189624,3,161,1,161,100.0,53.666666666666664,local,0
720575940633194892,2,305,1,305,100.0,152.5,projection,48
720575940633206753,4,48,1,48,100.0,12.0,projection,15
720575940633210475,1,15,1,15,100.0,15.0,projection,28
720575940633213792,1,168,1,168,100.0,168.0,local,0
720575940633226652,4,67,1,67,100.0,16.75,local,0
720575940633228172,3,79,1,79,100.0,26.333333333333332,local,0
720575940633277209,13,677,1,677,100.0,52.07692307692308,local,0
720575940633286335,4,89,1,89,100.0,22.25,projection,31
720575940633292057,1,6,1,6,100.0,6.0,projection,197
720575940633294796,2,76,1,76,100.0,38.0,projection,4430
720575940633303988,1,96,1,96,100.0,96.0,local,0
720575940633304601,8,539,1,539,100.0,67.375,projection,366
720575940633315921,2,55,1,55,100.0,27.5,local,0
720575940633316307,3,167,1,167,100.0,55.666666666666664,local,0
720575940633316563,9,760,1,760,100.0,84.44444444444444,projection,1322
720575940633356883,1,117,1,117,100.0,117.0,projection,539
720575940633366242,2,810,1,810,100.0,405.0,projection,31
720575940633366498,5,660,1,660,100.0,132.0,local,0
720575940633373651,13,561,1,561,100.0,43.15384615384615,local,0
720575940633406745,2,34,1,34,100.0,17.0,projection,108
720575940633445727,1,20,1,20,100.0,20.0,projection,37
720575940633471584,1,22,1,22,100.0,22.0,projection,542
720575940633483807,2,52,1,52,100.0,26.0,projection,3626
720575940633540447,2,32,1,32,100.0,16.0,projection,127
720575940633545823,2,19,1,19,100.0,9.5,projection,39
720575940633548128,1,50,1,50,100.0,50.0,local,0
720575940633557924,1,32,1,32,100.0,32.0,projection,598
720575940633563679,3,59,1,59,100.0,19.666666666666668,projection,341
720575940633587552,2,20,1,20,100.0,10.0,projection,277
720575940633590167,1,6,1,6,100.0,6.0,projection,19
720575940633593548,1,46,1,46,100.0,46.0,projection,1310
720575940633607649,4,228,1,228,100.0,57.0,projection,201
720575940633615820,1,40,1,40,100.0,40.0,projection,759
720575940633626337,6,490,1,490,100.0,81.66666666666667,projection,4621
720575940633634199,2,228,1,228,100.0,114.0,local,0
720575940633639063,10,757,1,757,100.0,75.7,local,0
720575940633644183,5,83,1,83,100.0,16.6,projection,24
720575940633652216,1,30,1,30,100.0,30.0,projection,27
720575940633660314,2,65,1,65,100.0,32.5,local,0
720575940633733601,2,447,1,447,100.0,223.5,local,0
720575940633754707,1,14,1,14,100.0,14.0,projection,85
720575940633762714,2,47,1,47,100.0,23.5,local,0
720575940633772257,4,106,1,106,100.0,26.5,local,0
720575940633785369,1,8,1,8,100.0,8.0,projection,36
720575940633791935,8,1582,1,1582,100.0,197.75,local,0
720575940633813940,8,233,1,233,100.0,29.125,local,0
720575940633819743,1,18,1,18,100.0,18.0,projection,21
720575940633881848,3,122,1,122,100.0,40.666666666666664,local,0
720575940633895469,1,7,1,7,100.0,7.0,local,0
720575940633901395,1,44,1,44,100.0,44.0,projection,1497
720575940633909344,4,137,1,137,100.0,34.25,projection,385
720575940633926295,2,108,1,108,100.0,54.0,projection,1429
720575940633978207,1,10,1,10,100.0,10.0,local,0
720575940633988633,2,20,1,20,100.0,10.0,projection,512
720575940634017619,2,52,1,52,100.0,26.0,projection,800
720575940634023961,2,40,1,40,100.0,20.0,local,0
720575940634035863,1,9,1,9,100.0,9.0,projection,510
720575940634038426,1,24,1,24,100.0,24.0,projection,146
720575940634085786,2,257,1,257,100.0,128.5,local,0
720575940634085983,5,57,1,57,100.0,11.4,local,0
720575940634086239,1,12,1,12,100.0,12.0,projection,864
720575940634093337,7,236,1,236,100.0,33.714285714285715,local,0
720575940634139799,1,70,1,70,100.0,70.0,projection,1220
720575940634156755,3,68,1,68,100.0,22.666666666666668,projection,2480
720575940634194783,1,15,1,15,100.0,15.0,projection,51
720575940634198926,1,55,1,55,100.0,55.0,local,0
720575940634210155,13,697,1,697,100.0,53.61538461538461,local,0
720575940634217061,1,9,1,9,100.0,9.0,projection,131
720575940634232427,1,9,1,9,100.0,9.0,projection,31
720575940634260636,2,51,1,51,100.0,25.5,projection,1861
720575940634278295,1,473,1,473,100.0,473.0,local,0
720575940634285523,1,7,1,7,100.0,7.0,projection,115
720575940634296986,2,260,1,260,100.0,130.0,local,0
720575940634301852,10,702,1,702,100.0,70.2,local,0
720575940634305747,2,36,1,36,100.0,18.0,projection,48
720575940634407566,3,95,1,95,100.0,31.666666666666668,local,0
720575940634422880,7,173,1,173,100.0,24.714285714285715,projection,98
720575940634455403,1,27,1,27,100.0,27.0,projection,73
720575940634475616,8,237,1,237,100.0,29.625,projection,90
720575940634527840,9,236,1,236,100.0,26.22222222222222,local,0
720575940634537591,1,27,1,27,100.0,27.0,projection,285
720575940634545634,1,270,1,270,100.0,270.0,projection,118
720575940634545890,2,131,1,131,100.0,65.5,projection,15688
720575940634557335,1,17,1,17,100.0,17.0,projection,147
720575940634645600,13,492,1,492,100.0,37.84615384615385,local,0
720575940634655851,1,12,1,12,100.0,12.0,projection,11
720575940634659508,23,505,1,505,100.0,21.956521739130434,local,0
720575940634667234,3,112,1,112,100.0,37.333333333333336,local,0
720575940634672610,3,126,1,126,100.0,42.0,local,0
720575940634682815,1,7,1,7,100.0,7.0,local,0
720575940634683743,2,358,1,358,100.0,179.0,local,0
720575940634698079,2,90,1,90,100.0,45.0,projection,560
720575940634707863,4,317,1,317,100.0,79.25,projection,3129
720575940634739886,2,53,1,53,100.0,26.5,projection,316
720575940634756203,2,49,1,49,100.0,24.5,local,0
720575940634767258,2,91,1,91,100.0,45.5,projection,20
720575940634782359,1,25,1,25,100.0,25.0,local,0
720575940634814315,1,14,1,14,100.0,14.0,projection,6
720575940634819167,1,90,1,90,100.0,90.0,projection,331
720575940634822751,1,6,1,6,100.0,6.0,projection,647
720575940634825623,8,290,1,290,100.0,36.25,local,0
720575940634842804,1,10,1,10,100.0,10.0,projection,62
720575940634856543,1,44,1,44,100.0,44.0,projection,260
720575940634862943,1,6,1,6,100.0,6.0,local,0
720575940634887054,4,362,1,362,100.0,90.5,local,0
720575940634900855,13,609,1,609,100.0,46.84615384615385,local,0
720575940634904677,1,7,1,7,100.0,7.0,projection,137
720575940634911589,4,110,1,110,100.0,27.5,projection,19
720575940634953079,1,36,1,36,100.0,36.0,projection,142
720575940634975423,3,52,1,52,100.0,17.333333333333332,projection,43
720575940634982904,2,100,1,100,100.0,50.0,projection,189
720575940635005303,1,26,1,26,100.0,26.0,local,0
720575940635022527,2,90,1,90,100.0,45.0,projection,159
720575940635069295,1,52,1,52,100.0,52.0,projection,76
720575940635111449,1,6,1,6,100.0,6.0,projection,591
720575940635116383,5,182,1,182,100.0,36.4,projection,1100
720575940635119723,1,12,1,12,100.0,12.0,projection,3148
720575940635137198,1,10,1,10,100.0,10.0,projection,53
720575940635141518,1,30,1,30,100.0,30.0,projection,13
720575940635157902,5,126,1,126,100.0,25.2,projection,86
720575940635166571,16,550,1,550,100.0,34.375,local,0
720575940635176366,3,372,1,372,100.0,124.0,local,0
720575940635184735,10,701,1,701,100.0,70.1,local,0
720575940635196779,4,119,1,119,100.0,29.75,projection,181
720575940635202155,9,574,1,574,100.0,63.77777777777778,local,0
720575940635202204,1,25,1,25,100.0,25.0,projection,5890
720575940635206251,5,164,1,164,100.0,32.8,projection,1702
720575940635209323,1,5,1,5,100.0,5.0,local,0
720575940635211115,4,232,1,232,100.0,58.0,projection,1238
720575940635211768,3,22,1,22,100.0,7.333333333333333,projection,2587
720575940635212143,5,569,1,569,100.0,113.8,local,0
720575940635229335,1,50,1,50,100.0,50.0,projection,409
720575940635280632,8,278,1,278,100.0,34.75,projection,206
720575940635297911,9,417,1,417,100.0,46.333333333333336,local,0
720575940635325551,1,14,1,14,100.0,14.0,projection,314
720575940635334007,1,20,1,20,100.0,20.0,local,0
720575940635360924,7,271,1,271,100.0,38.714285714285715,local,0
720575940635362716,1,18,1,18,100.0,18.0,projection,2004
720575940635391845,7,382,1,382,100.0,54.57142857142857,local,0
720575940635392910,2,176,1,176,100.0,88.0,local,0
720575940635425893,3,150,1,150,100.0,50.0,local,0
720575940635452570,4,76,1,76,100.0,19.0,projection,264
720575940635468991,2,45,1,45,100.0,22.5,projection,3421
720575940635491508,3,45,1,45,100.0,15.0,projection,58
720575940635493812,2,33,1,33,100.0,16.5,projection,80
720575940635507380,1,18,1,18,100.0,18.0,projection,211
720575940635508404,1,12,1,12,100.0,12.0,projection,18
720575940635510196,1,60,1,60,100.0,60.0,projection,461
720575940635527092,11,700,1,700,100.0,63.63636363636363,projection,620
720575940635527322,9,613,1,613,100.0,68.11111111111111,local,0
720575940635529464,1,30,1,30,100.0,30.0,projection,1470
720575940635530871,1,25,1,25,100.0,25.0,local,0
720575940635565175,1,10,1,10,100.0,10.0,projection,776
720575940635565816,1,6,1,6,100.0,6.0,projection,470
720575940635572576,1,12,1,12,100.0,12.0,projection,218
720575940635574958,2,55,1,55,100.0,27.5,local,0
720575940635596212,3,66,1,66,100.0,22.0,local,0
720575940635596468,10,516,1,516,100.0,51.6,local,0
720575940635610548,3,35,1,35,100.0,11.666666666666666,local,0
720575940635625367,2,813,1,813,100.0,406.5,local,0
720575940635630308,5,564,1,564,100.0,112.8,local,0
720575940635640312,1,10,1,10,100.0,10.0,projection,16
720575940635663472,1,18,1,18,100.0,18.0,projection,81
720575940635678871,2,185,1,185,100.0,92.5,projection,1126
720575940635684526,1,14,1,14,100.0,14.0,local,0
720575940635696279,19,830,1,830,100.0,43.68421052631579,local,0
720575940635703191,1,40,1,40,100.0,40.0,projection,153
720575940635735671,1,30,1,30,100.0,30.0,projection,3519
720575940635739504,2,143,1,143,100.0,71.5,local,0
720575940635744623,1,20,1,20,100.0,20.0,projection,162
720575940635751269,4,97,1,97,100.0,24.25,local,0
720575940635769719,2,78,1,78,100.0,39.0,projection,206
720575940635777893,2,26,1,26,100.0,13.0,projection,45
720575940635791167,3,183,1,183,100.0,61.0,local,0
720575940635807130,7,809,1,809,100.0,115.57142857142857,projection,925
720575940635838606,1,6,1,6,100.0,6.0,projection,370
720575940635839077,2,32,1,32,100.0,16.0,local,0
720575940635842990,1,14,1,14,100.0,14.0,projection,112
720575940635870831,1,64,1,64,100.0,64.0,projection,1167
720575940635887246,1,25,1,25,100.0,25.0,projection,511
720575940635891802,1,24,1,24,100.0,24.0,projection,70
720575940635938495,4,539,1,539,100.0,134.75,projection,119
720575940635945919,1,10,1,10,100.0,10.0,projection,10926
720575940635978126,1,6,1,6,100.0,6.0,projection,50
720575940635989439,1,12,1,12,100.0,12.0,projection,68
720575940635990896,3,303,1,303,100.0,101.0,local,0
720575940635995767,2,90,1,90,100.0,45.0,projection,45
720575940636023438,1,42,1,42,100.0,42.0,projection,42
720575940636084848,1,14,1,14,100.0,14.0,projection,131
720575940636105829,2,45,1,45,100.0,22.5,projection,39
720575940636137079,1,11,1,11,100.0,11.0,projection,596
720575940636148325,3,83,1,83,100.0,27.666666666666668,projection,617
720575940636165624,7,297,1,297,100.0,42.42857142857143,local,0
720575940636167280,2,38,1,38,100.0,19.0,projection,1239
720575940636168628,2,107,1,107,100.0,53.5,local,0
720575940636247273,5,177,1,177,100.0,35.4,projection,6
720575940636263543,6,400,1,400,100.0,66.66666666666667,projection,220
720575940636266926,2,242,1,242,100.0,121.0,local,0
720575940636286053,1,50,1,50,100.0,50.0,projection,424
720575940636306862,1,14,1,14,100.0,14.0,projection,655
720575940636316023,1,33,1,33,100.0,33.0,projection,2839
720575940636345463,4,166,1,166,100.0,41.5,projection,183
720575940636351118,1,48,1,48,100.0,48.0,projection,215
720575940636351845,1,8,1,8,100.0,8.0,projection,21
720575940636359275,1,25,1,25,100.0,25.0,projection,252
720575940636376804,1,58,1,58,100.0,58.0,projection,668
720575940636390542,1,6,1,6,100.0,6.0,projection,32
720575940636469166,1,6,1,6,100.0,6.0,projection,30
720575940636477541,1,39,1,39,100.0,39.0,projection,296
720575940636487598,2,198,1,198,100.0,99.0,local,0
720575940636489140,2,23,1,23,100.0,11.5,projection,5436
720575940636505957,2,25,1,25,100.0,12.5,projection,664
720575940636526308,1,21,1,21,100.0,21.0,projection,503
720575940636552805,4,241,1,241,100.0,60.25,local,0
720575940636571534,1,5,1,5,100.0,5.0,projection,318
720575940636574388,6,247,1,247,100.0,41.166666666666664,projection,458
720575940636624014,1,18,1,18,100.0,18.0,projection,185
720575940636625806,1,22,1,22,100.0,22.0,projection,77
720575940636627960,1,10,1,10,100.0,10.0,projection,17
720575940636649061,4,358,1,358,100.0,89.5,local,0
720575940636650985,1,6,1,6,100.0,6.0,projection,191
720575940636675214,14,898,1,898,100.0,64.14285714285714,local,0
720575940636685454,10,382,1,382,100.0,38.2,local,0
720575940636716718,2,49,1,49,100.0,24.5,projection,106
720575940636734382,2,40,1,40,100.0,20.0,projection,102
720575940636805958,1,12,1,12,100.0,12.0,projection,183
720575940636822069,6,177,1,177,100.0,29.5,local,0
720575940636828334,7,1061,1,1061,100.0,151.57142857142858,local,0
720575940636866906,1,22,1,22,100.0,22.0,projection,646
720575940636928398,1,7,1,7,100.0,7.0,projection,7
720575940636985422,2,414,1,414,100.0,207.0,local,0
720575940636990064,3,79,1,79,100.0,26.333333333333332,projection,130
720575940637002462,2,11,1,11,100.0,5.5,projection,52
720575940637002724,2,258,1,258,100.0,129.0,projection,139
720575940637013349,3,206,1,206,100.0,68.66666666666667,local,0
720575940637050735,2,36,1,36,100.0,18.0,local,0
720575940637068400,2,45,1,45,100.0,22.5,projection,234
720575940637072350,3,125,1,125,100.0,41.666666666666664,projection,459
720575940637078106,1,45,1,45,100.0,45.0,projection,700
720575940637098352,2,31,1,31,100.0,15.5,projection,5855
720575940637130985,21,2852,1,2852,100.0,135.8095238095238,local,0
720575940637144944,24,1984,1,1984,100.0,82.66666666666667,local,0
720575940637151807,3,782,1,782,100.0,260.6666666666667,projection,110
720575940637161182,1,18,1,18,100.0,18.0,projection,119
720575940637165028,4,251,1,251,100.0,62.75,local,0
720575940637192169,1,29,1,29,100.0,29.0,projection,40
720575940637263337,2,100,1,100,100.0,50.0,projection,254
720575940637274852,1,18,1,18,100.0,18.0,projection,292
720575940637330921,1,88,1,88,100.0,88.0,local,0
720575940637360730,7,736,1,736,100.0,105.14285714285714,local,0
720575940637391423,2,13,1,13,100.0,6.5,local,0
720575940637397309,2,81,1,81,100.0,40.5,projection,76
720575940637416026,1,18,1,18,100.0,18.0,projection,123
720575940637417038,5,182,1,182,100.0,36.4,local,0
720575940637424094,1,6,1,6,100.0,6.0,projection,20
720575940637436638,1,24,1,24,100.0,24.0,projection,272
720575940637507645,2,836,1,836,100.0,418.0,projection,11
720575940637508917,1,24,1,24,100.0,24.0,projection,61
720575940637530084,3,121,1,121,100.0,40.333333333333336,local,0
720575940637559182,1,10,1,10,100.0,10.0,projection,103
720575940637562469,1,80,1,80,100.0,80.0,local,0
720575940637568838,3,148,1,148,100.0,49.333333333333336,local,0
720575940637578853,2,36,1,36,100.0,18.0,local,0
720575940637580102,3,326,1,326,100.0,108.66666666666667,local,0
720575940637599204,1,27,1,27,100.0,27.0,projection,128
720575940637603038,2,122,1,122,100.0,61.0,local,0
720575940637648496,1,34,1,34,100.0,34.0,projection,1130
720575940637650522,3,138,1,138,100.0,46.0,local,0
720575940637656286,22,693,1,693,100.0,31.5,local,0
720575940637664357,2,65,1,65,100.0,32.5,projection,86
720575940637686750,7,902,1,902,100.0,128.85714285714286,projection,1233
720575940637688292,1,13,1,13,100.0,13.0,projection,352
720575940637702234,2,85,1,85,100.0,42.5,projection,533
720575940637711686,1,24,1,24,100.0,24.0,projection,716
720575940637718598,1,35,1,35,100.0,35.0,projection,116
720575940637742911,2,313,1,313,100.0,156.5,local,0
720575940637747519,4,1477,1,1477,100.0,369.25,local,0
720575940637762906,1,12,1,12,100.0,12.0,projection,1202
720575940637763135,1,6,1,6,100.0,6.0,local,0
720575940637765710,1,11,1,11,100.0,11.0,projection,32
720575940637790527,5,249,1,249,100.0,49.8,projection,456
720575940637791295,1,6,1,6,100.0,6.0,projection,628
720575940637820846,4,114,1,114,100.0,28.5,projection,191
720575940637830272,1,24,1,24,100.0,24.0,projection,518
720575940637852590,3,36,1,36,100.0,12.0,projection,83
720575940637861294,4,125,1,125,100.0,31.25,projection,32
720575940637878854,6,96,1,96,100.0,16.0,projection,696
720575940637889443,1,5,1,5,100.0,5.0,projection,11
720575940637910106,1,33,1,33,100.0,33.0,projection,2150
720575940637922367,1,5,1,5,100.0,5.0,projection,1403
720575940637936710,12,405,1,405,100.0,33.75,local,0
720575940637964521,1,7,1,7,100.0,7.0,projection,24
720575940637966682,3,378,1,378,100.0,126.0,projection,1675
720575940638001498,7,392,1,392,100.0,56.0,local,0
720575940638011994,2,121,1,121,100.0,60.5,local,0
720575940638013274,1,8,1,8,100.0,8.0,projection,26
720575940638024794,7,867,1,867,100.0,123.85714285714286,local,0
720575940638041459,5,120,1,120,100.0,24.0,local,0
720575940638054197,2,225,1,225,100.0,112.5,local,0
720575940638086256,1,45,1,45,100.0,45.0,local,0
720575940638092634,1,42,1,42,100.0,42.0,local,0
720575940638096499,1,14,1,14,100.0,14.0,projection,39
720575940638103349,22,1514,1,1514,100.0,68.81818181818181,local,0
720575940638125887,1,45,1,45,100.0,45.0,local,0
720575940638128474,2,17,1,17,100.0,8.5,projection,5850
720575940638128573,1,15,1,15,100.0,15.0,projection,86
720575940638149744,1,111,1,111,100.0,111.0,projection,547
720575940638168639,2,173,1,173,100.0,86.5,projection,584
720575940638170429,1,48,1,48,100.0,48.0,projection,56
720575940638183652,4,162,1,162,100.0,40.5,local,0
720575940638201021,2,60,1,60,100.0,30.0,projection,50
720575940638202345,4,317,1,317,100.0,79.25,local,0
720575940638218173,5,1247,1,1247,100.0,249.4,local,0
720575940638237662,4,131,1,131,100.0,32.75,projection,245
720575940638312262,1,96,1,96,100.0,96.0,local,0
720575940638396998,1,12,1,12,100.0,12.0,projection,290
720575940638412928,3,77,1,77,100.0,25.666666666666668,projection,115
720575940638419534,12,3251,1,3251,100.0,270.9166666666667,local,0
720575940638540221,8,159,1,159,100.0,19.875,projection,88
720575940638608803,4,676,1,676,100.0,169.0,local,0
720575940638642502,1,54,1,54,100.0,54.0,projection,723
720575940638642547,2,65,1,65,100.0,32.5,projection,78
720575940638660597,1,44,1,44,100.0,44.0,projection,1199
720575940638673478,1,15,1,15,100.0,15.0,projection,100
720575940638674384,1,14,1,14,100.0,14.0,projection,191
720575940638682787,2,219,1,219,100.0,109.5,local,0
720575940638691200,1,60,1,60,100.0,60.0,projection,81
720575940638714694,3,92,1,92,100.0,30.666666666666668,local,0
720575940638719807,1,10,1,10,100.0,10.0,local,0
720575940638723133,4,153,1,153,100.0,38.25,projection,72
720575940638774606,1,15,1,15,100.0,15.0,projection,826
720575940638792611,1,5,1,5,100.0,5.0,projection,133
720575940638813016,4,667,1,667,100.0,166.75,local,0
720575940638832035,2,26,1,26,100.0,13.0,projection,117
720575940638865011,3,121,1,121,100.0,40.333333333333336,projection,730
720575940638890355,1,10,1,10,100.0,10.0,projection,46
720575940638983145,1,6,1,6,100.0,6.0,projection,104
720575940638989219,13,478,1,478,100.0,36.76923076923077,local,0
720575940638996413,4,506,1,506,100.0,126.5,projection,175
720575940639017050,1,12,1,12,100.0,12.0,projection,2056
720575940639040675,1,54,1,54,100.0,54.0,projection,166
720575940639043280,4,189,1,189,100.0,47.25,local,0
720575940639046051,1,6,1,6,100.0,6.0,projection,220
720575940639053146,5,90,1,90,100.0,18.0,projection,85
720575940639071716,1,21,1,21,100.0,21.0,projection,1293
720575940639076954,1,30,1,30,100.0,30.0,projection,210
720575940639106613,1,7,1,7,100.0,7.0,projection,107
720575940639139280,1,10,1,10,100.0,10.0,projection,55
720575940639151987,1,20,1,20,100.0,20.0,projection,15
720575940639170723,1,30,1,30,100.0,30.0,projection,26
720575940639180963,1,16,1,16,100.0,16.0,projection,543
720575940639191017,2,292,1,292,100.0,146.0,projection,467
720575940639194165,1,20,1,20,100.0,20.0,projection,734
720575940639198397,2,38,1,38,100.0,19.0,local,0
720575940639198653,5,167,1,167,100.0,33.4,local,0
720575940639206077,15,1014,1,1014,100.0,67.6,local,0
720575940639219253,1,5,1,5,100.0,5.0,projection,63
720575940639227224,8,1578,1,1578,100.0,197.25,local,0
720575940639230692,2,20,1,20,100.0,10.0,projection,152
720575940639259967,5,172,1,172,100.0,34.4,local,0
720575940639274147,9,444,1,444,100.0,49.333333333333336,local,0
720575940639274574,1,6,1,6,100.0,6.0,projection,17
720575940639285949,6,222,1,222,100.0,37.0,local,0
720575940639293312,3,62,1,62,100.0,20.666666666666668,projection,149
720575940639301027,3,113,1,113,100.0,37.666666666666664,projection,503
720575940639309390,1,36,1,36,100.0,36.0,projection,55
720575940639332736,3,113,1,113,100.0,37.666666666666664,local,0
720575940639358579,3,116,1,116,100.0,38.666666666666664,projection,124
720575940639374707,1,21,1,21,100.0,21.0,projection,158
720575940639417728,2,375,1,375,100.0,187.5,projection,1457
720575940639420032,1,43,1,43,100.0,43.0,projection,335
720575940639440885,1,12,1,12,100.0,12.0,projection,25
720575940639512192,27,945,1,945,100.0,35.0,projection,880
720575940639553920,2,127,1,127,100.0,63.5,local,0
720575940639555928,2,78,1,78,100.0,39.0,local,0
720575940639588184,1,45,1,45,100.0,45.0,projection,809
720575940639623795,7,198,1,198,100.0,28.285714285714285,projection,303
720575940639624509,1,14,1,14,100.0,14.0,projection,1070
720575940639634304,1,9,1,9,100.0,9.0,local,0
720575940639672893,19,619,1,619,100.0,32.578947368421055,local,0
720575940639692251,1,40,1,40,100.0,40.0,projection,15
720575940639693373,1,45,1,45,100.0,45.0,projection,297
720575940639726141,1,8,1,8,100.0,8.0,local,0
720575940639751376,1,45,1,45,100.0,45.0,projection,424
720575940639753635,1,12,1,12,100.0,12.0,projection,74
720575940639755984,1,34,1,34,100.0,34.0,projection,150
720575940639756093,6,244,1,244,100.0,40.666666666666664,local,0
720575940639769715,12,582,1,582,100.0,48.5,local,0
720575940639773091,3,61,1,61,100.0,20.333333333333332,local,0
720575940639776088,1,7,1,7,100.0,7.0,projection,394
720575940639778904,2,48,1,48,100.0,24.0,projection,395
720575940639785379,7,123,1,123,100.0,17.571428571428573,local,0
720575940639787683,5,74,1,74,100.0,14.8,local,0
720575940639822755,1,48,1,48,100.0,48.0,projection,65
720575940639826339,2,78,1,78,100.0,39.0,local,0
720575940639831459,23,597,1,597,100.0,25.956521739130434,local,0
720575940639844597,1,8,1,8,100.0,8.0,projection,82
720575940639891288,1,24,1,24,100.0,24.0,projection,155
720575940639910488,3,43,1,43,100.0,14.333333333333334,projection,254
720575940639917400,1,6,1,6,100.0,6.0,projection,165
720575940639925211,2,110,1,110,100.0,55.0,projection,91
720575940639939712,6,95,1,95,100.0,15.833333333333334,projection,782
720575940639956643,5,220,1,220,100.0,44.0,projection,416
720575940639993819,7,496,1,496,100.0,70.85714285714286,local,0
720575940639994456,3,954,1,954,100.0,318.0,local,0
720575940640031360,10,273,1,273,100.0,27.3,projection,4292
720575940640100440,1,18,1,18,100.0,18.0,projection,1506
720575940640125312,2,45,1,45,100.0,22.5,projection,119
720575940640129408,1,19,1,19,100.0,19.0,projection,250
720575940640162944,5,54,1,54,100.0,10.8,local,0
720575940640177280,1,15,1,15,100.0,15.0,local,0
720575940640205952,1,5,1,5,100.0,5.0,projection,498
720575940640224640,3,650,1,650,100.0,216.66666666666666,local,0
720575940640258101,2,63,1,63,100.0,31.5,projection,137
720575940640348149,4,396,1,396,100.0,99.0,local,0
720575940640352821,1,48,1,48,100.0,48.0,projection,206
720575940640354638,1,22,1,22,100.0,22.0,projection,253
720575940640356149,1,18,1,18,100.0,18.0,projection,298
720575940640380917,2,185,1,185,100.0,92.5,projection,119
720575940640390709,1,85,1,85,100.0,85.0,local,0
720575940640437133,2,27,1,27,100.0,13.5,projection,70
720575940640469848,5,252,1,252,100.0,50.4,projection,58
720575940640554045,1,5,1,5,100.0,5.0,local,0
720575940640589171,5,102,1,102,100.0,20.4,projection,11
720575940640601563,25,5683,1,5683,100.0,227.32,local,0
720575940640611803,1,245,1,245,100.0,245.0,local,0
720575940640645949,2,81,1,81,100.0,40.5,projection,212
720575940640649691,3,117,1,117,100.0,39.0,local,0
720575940640728179,2,54,1,54,100.0,27.0,projection,147
720575940640757467,1,13,1,13,100.0,13.0,projection,154
720575940640830453,1,6,1,6,100.0,6.0,projection,4850
720575940640841973,1,14,1,14,100.0,14.0,projection,145
720575940640855384,1,30,1,30,100.0,30.0,projection,243
720575940640886691,2,90,1,90,100.0,45.0,projection,125
720575940640894709,1,12,1,12,100.0,12.0,projection,99
720575940640942837,2,25,1,25,100.0,12.5,projection,1957
720575940641148149,1,17,1,17,100.0,17.0,projection,149
720575940641220853,7,97,1,97,100.0,13.857142857142858,projection,2001
720575940641229520,2,167,1,167,100.0,83.5,local,0
720575940641237645,2,51,1,51,100.0,25.5,projection,374
720575940641243381,1,12,1,12,100.0,12.0,projection,68
720575940641281013,2,47,1,47,100.0,23.5,local,0
720575940641339611,3,87,1,87,100.0,29.0,local,0
720575940641495693,2,48,1,48,100.0,24.0,projection,106
720575940641536987,11,273,1,273,100.0,24.818181818181817,projection,1784
720575940641546715,3,113,1,113,100.0,37.666666666666664,projection,41
720575940641553805,1,35,1,35,100.0,35.0,projection,405
720575940641648091,11,687,1,687,100.0,62.45454545454545,local,0
720575940641655949,2,34,1,34,100.0,17.0,local,0
720575940641673936,2,72,1,72,100.0,36.0,projection,318
720575940641764552,1,5,1,5,100.0,5.0,local,0
720575940641780187,1,54,1,54,100.0,54.0,projection,715
720575940642030477,1,10,1,10,100.0,10.0,projection,358
720575940642088333,3,375,1,375,100.0,125.0,local,0
720575940642151565,3,325,1,325,100.0,108.33333333333333,projection,1179
720575940642312136,1,10,1,10,100.0,10.0,projection,150
720575940642398965,1,5,1,5,100.0,5.0,projection,103
720575940642399648,1,25,1,25,100.0,25.0,local,0
720575940642428045,19,1736,1,1736,100.0,91.36842105263158,local,0
720575940642439669,1,5,1,5,100.0,5.0,projection,194
720575940642478024,1,25,1,25,100.0,25.0,projection,47
720575940642495176,1,10,1,10,100.0,10.0,projection,183
720575940642549467,1,5,1,5,100.0,5.0,local,0
720575940642603464,1,10,1,10,100.0,10.0,projection,7
720575940642653147,1,10,1,10,100.0,10.0,projection,1478
720575940642658267,1,27,1,27,100.0,27.0,projection,255
720575940642715040,4,193,1,193,100.0,48.25,projection,169
720575940642884000,3,239,1,239,100.0,79.66666666666667,local,0
720575940643008968,2,25,1,25,100.0,12.5,projection,548
720575940643031240,1,36,1,36,100.0,36.0,projection,40
720575940643041992,1,60,1,60,100.0,60.0,projection,138
720575940643065032,4,1434,1,1434,100.0,358.5,local,0
720575940643074976,1,21,1,21,100.0,21.0,projection,445
720575940643174048,1,80,1,80,100.0,80.0,projection,366
720575940643191575,2,128,1,128,100.0,64.0,projection,109
720575940643251748,2,26,1,26,100.0,13.0,projection,82
720575940643259684,1,35,1,35,100.0,35.0,projection,32
720575940643288868,1,78,1,78,100.0,78.0,projection,22
720575940643293837,7,465,1,465,100.0,66.42857142857143,projection,676
720575940643305672,1,45,1,45,100.0,45.0,projection,46
720575940643311245,1,30,1,30,100.0,30.0,projection,66
720575940643311501,1,18,1,18,100.0,18.0,projection,139
720575940643315748,1,27,1,27,100.0,27.0,projection,3568
720575940643316590,1,10,1,10,100.0,10.0,projection,15
720575940643325581,10,289,1,289,100.0,28.9,projection,468
720575940643337508,6,184,1,184,100.0,30.666666666666668,local,0
720575940643448430,2,19,1,19,100.0,9.5,projection,41
720575940643569518,3,79,1,79,100.0,26.333333333333332,local,0
720575940643693000,1,15,1,15,100.0,15.0,projection,183
720575940643782048,4,70,1,70,100.0,17.5,projection,58
720575940643792544,3,171,1,171,100.0,57.0,projection,100
720575940643793444,1,14,1,14,100.0,14.0,projection,48
720575940643812000,1,10,1,10,100.0,10.0,projection,206
720575940643823470,16,661,1,661,100.0,41.3125,local,0
720575940643863496,1,10,1,10,100.0,10.0,projection,3491
720575940643867296,16,2417,1,2417,100.0,151.0625,local,0
720575940643882184,2,75,1,75,100.0,37.5,projection,1502
720575940643941832,1,48,1,48,100.0,48.0,projection,2930
720575940643980488,1,12,1,12,100.0,12.0,projection,53
720575940644064968,1,30,1,30,100.0,30.0,local,0
720575940644157988,1,132,1,132,100.0,132.0,local,0
720575940644176164,3,324,1,324,100.0,108.0,projection,1570
720575940644223267,3,36,1,36,100.0,12.0,projection,15
720575940644308503,4,433,1,433,100.0,108.25,projection,241
720575940644327022,3,570,1,570,100.0,190.0,projection,150
720575940644361508,1,69,1,69,100.0,69.0,projection,1318
720575940644412964,1,35,1,35,100.0,35.0,projection,167
720575940644464544,7,2667,1,2667,100.0,381.0,local,0
720575940644464919,5,217,1,217,100.0,43.4,local,0
720575940644653348,2,88,1,88,100.0,44.0,projection,5
720575940644659236,2,40,1,40,100.0,20.0,local,0
720575940644666148,8,90,1,90,100.0,11.25,local,0
720575940644666660,8,664,1,664,100.0,83.0,projection,146
720575940644669732,7,653,1,653,100.0,93.28571428571429,local,0
720575940644672548,14,980,1,980,100.0,70.0,local,0
720575940644676900,2,296,1,296,100.0,148.0,local,0
720575940644688238,1,18,1,18,100.0,18.0,projection,584
720575940644704160,1,12,1,12,100.0,12.0,projection,4346
720575940644709792,1,30,1,30,100.0,30.0,projection,137
720575940644745120,2,13,1,13,100.0,6.5,projection,109
720575940644751651,1,56,1,56,100.0,56.0,projection,96
720575940644807715,2,48,1,48,100.0,24.0,projection,80
720575940644849431,1,24,1,24,100.0,24.0,projection,468
720575940644899095,2,78,1,78,100.0,39.0,projection,143
720575940644932131,4,130,1,130,100.0,32.5,local,0
720575940644948771,4,101,1,101,100.0,25.25,projection,373
720575940644965399,2,331,1,331,100.0,165.5,local,0
720575940644965940,1,13,1,13,100.0,13.0,projection,21
720575940644993844,2,15,1,15,100.0,7.5,local,0
720575940645045527,4,232,1,232,100.0,58.0,local,0
720575940645047831,1,5,1,5,100.0,5.0,local,0
720575940645084548,2,197,1,197,100.0,98.5,projection,5
720575940645108936,2,219,1,219,100.0,109.5,local,0
720575940645126020,1,96,1,96,100.0,96.0,local,0
720575940645129524,3,39,1,39,100.0,13.0,projection,24
720575940645129672,5,71,1,71,100.0,14.2,projection,709
720575940645173960,5,522,1,522,100.0,104.4,projection,108
720575940645176264,1,5,1,5,100.0,5.0,projection,44
720575940645199924,1,18,1,18,100.0,18.0,projection,58
720575940645223278,1,20,1,20,100.0,20.0,projection,293
720575940645495587,12,508,1,508,100.0,42.333333333333336,local,0
720575940645527918,12,440,1,440,100.0,36.666666666666664,local,0
720575940645537902,1,11,1,11,100.0,11.0,projection,6
720575940645544068,1,72,1,72,100.0,72.0,projection,32
720575940645601572,1,10,1,10,100.0,10.0,projection,2179
720575940645682211,1,45,1,45,100.0,45.0,projection,55
720575940645743412,4,718,1,718,100.0,179.5,local,0
720575940645746468,1,15,1,15,100.0,15.0,projection,5
720575940645760820,1,12,1,12,100.0,12.0,local,0
720575940645866292,2,118,1,118,100.0,59.0,projection,471
720575940645878068,3,72,1,72,100.0,24.0,local,0
720575940645920052,2,208,1,208,100.0,104.0,projection,246
720575940645972276,1,22,1,22,100.0,22.0,projection,1114
720575940646156420,23,923,1,923,100.0,40.130434782608695,local,0
720575940646160948,1,40,1,40,100.0,40.0,projection,1123
720575940646173748,1,10,1,10,100.0,10.0,projection,44
720575940646212996,2,880,1,880,100.0,440.0,local,0
720575940646386308,2,47,1,47,100.0,23.5,projection,840
720575940646431267,1,14,1,14,100.0,14.0,projection,139
720575940646436899,3,47,1,47,100.0,15.666666666666666,projection,133
720575940646488430,4,103,1,103,100.0,25.75,projection,400
720575940646518382,1,72,1,72,100.0,72.0,projection,1592
720575940646705028,1,27,1,27,100.0,27.0,projection,193
720575940646735156,3,58,1,58,100.0,19.333333333333332,projection,125
720575940646736772,1,204,1,204,100.0,204.0,local,0
720575940646852660,1,5,1,5,100.0,5.0,projection,67
720575940646862132,1,25,1,25,100.0,25.0,projection,146
720575940646913844,1,12,1,12,100.0,12.0,projection,190
720575940646930996,4,46,1,46,100.0,11.5,local,0
720575940647003188,1,11,1,11,100.0,11.0,projection,43
720575940647006516,2,144,1,144,100.0,72.0,projection,291
720575940647023156,3,68,1,68,100.0,22.666666666666668,local,0
720575940647030324,28,2412,1,2412,100.0,86.14285714285714,local,0
720575940647030580,2,49,1,49,100.0,24.5,local,0
720575940647034676,1,18,1,18,100.0,18.0,local,0
720575940647036980,10,1094,1,1094,100.0,109.4,local,0
720575940647037492,3,67,1,67,100.0,22.333333333333332,local,0
720575940647060532,6,133,1,133,100.0,22.166666666666668,local,0
720575940647084164,2,120,1,120,100.0,60.0,local,0
720575940647214724,1,30,1,30,100.0,30.0,projection,48
720575940647471395,2,29,1,29,100.0,14.5,local,0
720575940647473796,5,96,1,96,100.0,19.2,projection,485
720575940647560500,2,138,1,138,100.0,69.0,local,0
720575940647586948,1,7,1,7,100.0,7.0,local,0
720575940647606148,10,647,1,647,100.0,64.7,local,0
720575940647907124,3,330,1,330,100.0,110.0,projection,905
720575940647961652,2,14,1,14,100.0,7.0,projection,399
720575940648180868,4,500,1,500,100.0,125.0,local,0
720575940648188548,4,333,1,333,100.0,83.25,local,0
720575940648377209,2,218,1,218,100.0,109.0,local,0
720575940648564612,2,39,1,39,100.0,19.5,projection,1886
720575940648652921,2,153,1,153,100.0,76.5,local,0
720575940648654468,8,247,1,247,100.0,30.875,local,0
720575940648716153,1,40,1,40,100.0,40.0,projection,104
720575940648748409,1,114,1,114,100.0,114.0,projection,187
720575940648864633,18,843,1,843,100.0,46.833333333333336,local,0
720575940649033593,1,5,1,5,100.0,5.0,projection,245
720575940649692281,1,45,1,45,100.0,45.0,projection,89
720575940649748857,1,7,1,7,100.0,7.0,projection,72
720575940649812857,9,260,1,260,100.0,28.88888888888889,projection,221
720575940649828473,6,94,1,94,100.0,15.666666666666666,projection,257
720575940649829241,1,5,1,5,100.0,5.0,local,0
720575940650169846,1,30,1,30,100.0,30.0,projection,390
720575940650386553,1,10,1,10,100.0,10.0,projection,489
720575940650760825,1,6,1,6,100.0,6.0,local,0
720575940650976502,1,15,1,15,100.0,15.0,projection,37
720575940651329526,1,21,1,21,100.0,21.0,projection,45
720575940651434486,2,118,1,118,100.0,59.0,projection,38
720575940651601910,13,650,1,650,100.0,50.0,local,0
720575940651736566,7,233,1,233,100.0,33.285714285714285,local,0
720575940652490742,7,208,1,208,100.0,29.714285714285715,projection,577
720575940652580086,20,1106,1,1106,100.0,55.3,local,0
720575940652993953,1,42,1,42,100.0,42.0,projection,28
720575940653093025,1,5,1,5,100.0,5.0,projection,106
720575940654185377,4,157,1,157,100.0,39.25,local,0
720575940654241441,2,110,1,110,100.0,55.0,projection,142
720575940654562209,1,9,1,9,100.0,9.0,local,0
720575940654611617,1,14,1,14,100.0,14.0,local,0
720575940654752673,1,7,1,7,100.0,7.0,projection,279
720575940654823329,1,16,1,16,100.0,16.0,projection,335
720575940654970529,1,30,1,30,100.0,30.0,projection,398
720575940655011489,25,1411,1,1411,100.0,56.44,projection,1165
720575940655014049,8,362,1,362,100.0,45.25,local,0
720575940655015329,2,28,1,28,100.0,14.0,local,0
720575940656152481,2,36,1,36,100.0,18.0,projection,102
720575940657585025,1,85,1,85,100.0,85.0,local,0
720575940657653633,2,216,1,216,100.0,108.0,local,0
720575940657858433,1,18,1,18,100.0,18.0,projection,819
720575940658442625,27,7499,1,7499,100.0,277.74074074074076,local,0
720575940659190145,2,108,1,108,100.0,54.0,projection,104
720575940659331713,1,6,1,6,100.0,6.0,projection,215
720575940659760001,3,40,1,40,100.0,13.333333333333334,projection,13
720575940659760769,1,30,1,30,100.0,30.0,projection,76
720575940659857025,1,30,1,30,100.0,30.0,projection,131
720575940660052865,1,30,1,30,100.0,30.0,projection,1255
720575940660220289,3,77,1,77,100.0,25.666666666666668,local,0
720575940660224641,3,415,1,415,100.0,138.33333333333334,local,0
720575940660233601,1,48,1,48,100.0,48.0,local,0
720575940660281217,6,264,1,264,100.0,44.0,projection,567
720575940660292225,2,96,1,96,100.0,48.0,local,0
720575940660313729,3,114,1,114,100.0,38.0,projection,298
720575940660914561,3,107,1,107,100.0,35.666666666666664,projection,39
720575940661302657,1,48,1,48,100.0,48.0,projection,866
