pre_root_id,post_root_id,syn_count,origin_set
720575940603579616,720575940604418993,5,set_2
720575940603579616,720575940607225609,5,set_2
720575940603579616,720575940607874315,5,set_2
720575940603579616,720575940613944994,12,set_2
720575940603579616,720575940617624866,5,set_2
720575940603579616,720575940620047414,6,set_2
720575940603579616,720575940620957423,10,set_2
720575940603579616,720575940621616381,6,set_2
720575940603579616,720575940622629011,5,set_2
720575940603579616,720575940624820112,11,set_2
720575940603579616,720575940626507027,7,set_2
720575940603579616,720575940626750089,13,set_2
720575940603579616,720575940627341156,5,set_2
720575940603579616,720575940628248326,5,set_2
720575940603579616,720575940628262249,6,set_2
720575940603579616,720575940629422183,13,set_2
720575940603579616,720575940629951852,6,set_2
720575940603579616,720575940630666234,6,set_2
720575940603579616,720575940632595937,15,set_2
720575940603579616,720575940635452570,11,set_2
720575940603579616,720575940637002462,6,set_2
720575940603579616,720575940639778904,12,set_2
720575940603579616,720575940653093025,5,set_2
720575940604030566,720575940611549902,18,set_2
720575940604030566,720575940616298171,24,set_2
720575940604030566,720575940623242900,18,set_2
720575940604030566,720575940623381286,15,set_2
720575940604030566,720575940626960536,18,set_2
720575940604030566,720575940627107721,18,set_2
720575940604030566,720575940628391686,15,set_2
720575940604030566,720575940630461660,15,set_2
720575940604030566,720575940632670156,15,set_2
720575940604150560,720575940604470956,6,set_2
720575940604150560,720575940606004866,49,set_2
720575940604150560,720575940610604334,45,set_2
720575940604150560,720575940611164770,7,set_2
720575940604150560,720575940612339123,5,set_2
720575940604150560,720575940613480159,9,set_2
720575940604150560,720575940615044502,17,set_2
720575940604150560,720575940615134557,42,set_2
720575940604150560,720575940615950109,5,set_2
720575940604150560,720575940617398745,14,set_2
720575940604150560,720575940617539355,16,set_2
720575940604150560,720575940620441024,54,set_2
720575940604150560,720575940621252468,14,set_2
720575940604150560,720575940622335197,45,set_2
720575940604150560,720575940622541005,29,set_2
720575940604150560,720575940623192871,9,set_2
720575940604150560,720575940623242900,13,set_2
720575940604150560,720575940624813437,35,set_2
720575940604150560,720575940625408333,79,set_2
720575940604150560,720575940627404858,9,set_2
720575940604150560,720575940628784066,8,set_2
720575940604150560,720575940630300434,8,set_2
720575940604150560,720575940631314908,12,set_2
720575940604150560,720575940631995167,8,set_2
720575940604150560,720575940632658131,6,set_2
720575940604150560,720575940638237662,6,set_2
720575940604150560,720575940644464919,29,set_2
720575940604150560,720575940644993844,8,set_2
720575940604459697,720575940609913042,583,set_2
720575940604459697,720575940610981362,297,set_2
720575940604459697,720575940617121819,143,set_2
720575940604459697,720575940618788944,55,set_2
720575940604459697,720575940619928929,99,set_2
720575940604459697,720575940621689880,121,set_2
720575940604459697,720575940622199593,319,set_2
720575940604459697,720575940623834300,121,set_2
720575940604459697,720575940624604560,209,set_2
720575940604459697,720575940624948867,209,set_2
720575940604459697,720575940625031610,154,set_2
720575940604459697,720575940626217226,143,set_2
720575940604459697,720575940626983952,66,set_2
720575940604459697,720575940627265265,242,set_2
720575940604459697,720575940627454569,264,set_2
720575940604459697,720575940629358807,66,set_2
720575940604459697,720575940637130985,77,set_2
720575940604459697,720575940640601563,363,set_2
720575940604459697,720575940658442625,88,set_2
720575940604891360,720575940607071106,48,set_2
720575940604891360,720575940613828202,68,set_2
720575940604891360,720575940615044502,24,set_2
720575940604891360,720575940615292895,32,set_2
720575940604891360,720575940616127931,28,set_2
720575940604891360,720575940617819216,20,set_2
720575940604891360,720575940618388463,24,set_2
720575940604891360,720575940620079440,40,set_2
720575940604891360,720575940621089741,40,set_2
720575940604891360,720575940622949820,40,set_2
720575940604891360,720575940624433027,28,set_2
720575940604891360,720575940624600840,32,set_2
720575940604891360,720575940628524150,36,set_2
720575940604891360,720575940628784066,40,set_2
720575940604891360,720575940628885160,20,set_2
720575940604891360,720575940629412170,32,set_2
720575940604891360,720575940629861163,88,set_2
720575940604891360,720575940629987587,36,set_2
720575940604891360,720575940631454433,24,set_2
720575940604891360,720575940633644183,28,set_2
720575940604891360,720575940634407566,20,set_2
720575940604891360,720575940635630308,28,set_2
720575940604891360,720575940639623795,44,set_2
720575940604891360,720575940644464919,28,set_2
720575940604891360,720575940645129672,28,set_2
720575940604891360,720575940649812857,60,set_2
720575940605158572,720575940608090069,30,set_2
720575940605158572,720575940608664184,54,set_2
720575940605158572,720575940610259406,108,set_2
720575940605158572,720575940618388463,51,set_2
720575940605158572,720575940618586862,15,set_2
720575940605158572,720575940619197093,18,set_2
720575940605158572,720575940619696133,57,set_2
720575940605158572,720575940624600840,15,set_2
720575940605158572,720575940626014218,153,set_2
720575940605158572,720575940627493638,15,set_2
720575940605158572,720575940627764780,30,set_2
720575940605158572,720575940633644183,15,set_2
720575940605158572,720575940634407566,54,set_2
720575940605158572,720575940634672610,21,set_2
720575940605158572,720575940639623795,18,set_2
720575940605158572,720575940640177280,15,set_2
720575940605158572,720575940649812857,27,set_2
720575940605443017,720575940609913042,156,set_2
720575940605443017,720575940614830239,247,set_2
720575940605443017,720575940619928929,182,set_2
720575940605443017,720575940624948867,78,set_2
720575940605443017,720575940627454569,286,set_2
720575940605443017,720575940629358807,91,set_2
720575940605443017,720575940630597839,91,set_2
720575940605443017,720575940637130985,130,set_2
720575940605443017,720575940640601563,312,set_2
720575940605443017,720575940658442625,520,set_2
720575940605698080,720575940609922372,5,set_2
720575940605698080,720575940623133223,6,set_2
720575940605698080,720575940627254856,13,set_2
720575940605698080,720575940627443996,6,set_2
720575940605698080,720575940630504466,6,set_2
720575940605698080,720575940631111983,5,set_2
720575940605698080,720575940632900503,5,set_2
720575940605698080,720575940634659508,13,set_2
720575940605698080,720575940639512192,14,set_2
720575940605698080,720575940643823470,8,set_2
720575940605698080,720575940646156420,5,set_2
720575940605703456,720575940609922372,36,set_2
720575940605703456,720575940615672130,30,set_2
720575940605703456,720575940619310757,42,set_2
720575940605703456,720575940628885160,66,set_2
720575940605971330,720575940613640685,10,set_2
720575940605971330,720575940615292895,22,set_2
720575940605971330,720575940617853730,36,set_2
720575940605971330,720575940620353300,20,set_2
720575940605971330,720575940623381286,68,set_2
720575940605971330,720575940623476407,10,set_2
720575940605971330,720575940624600840,22,set_2
720575940605971330,720575940624988455,10,set_2
720575940605971330,720575940628023685,12,set_2
720575940605971330,720575940628436282,66,set_2
720575940605971330,720575940629717370,22,set_2
720575940605971330,720575940631092943,148,set_2
720575940605971330,720575940638103349,14,set_2
720575940605971330,720575940639769715,10,set_2
720575940605971330,720575940641536987,10,set_2
720575940606720265,720575940605647234,6,set_2
720575940606720265,720575940611782874,5,set_2
720575940606720265,720575940612923390,5,set_2
720575940606720265,720575940614572542,13,set_2
720575940606720265,720575940616153371,6,set_2
720575940606720265,720575940618385718,17,set_2
720575940606720265,720575940619451989,8,set_2
720575940606720265,720575940619888622,10,set_2
720575940606720265,720575940620026864,6,set_2
720575940606720265,720575940622872870,8,set_2
720575940606720265,720575940623011845,16,set_2
720575940606720265,720575940623014695,8,set_2
720575940606720265,720575940623044103,14,set_2
720575940606720265,720575940623777065,20,set_2
720575940606720265,720575940626015640,6,set_2
720575940606720265,720575940628422555,8,set_2
720575940606720265,720575940629285879,5,set_2
720575940606720265,720575940629365868,8,set_2
720575940606720265,720575940630718511,5,set_2
720575940606720265,720575940631968599,22,set_2
720575940606720265,720575940635861146,21,set_2
720575940606720265,720575940636748095,5,set_2
720575940606720265,720575940643325581,5,set_2
720575940606866377,720575940606567125,28,set_2
720575940606866377,720575940606801282,42,set_2
720575940606866377,720575940607737099,28,set_2
720575940606866377,720575940608305161,62,set_2
720575940606866377,720575940609919897,38,set_2
720575940606866377,720575940610296622,10,set_2
720575940606866377,720575940611015122,16,set_2
720575940606866377,720575940611875570,68,set_2
720575940606866377,720575940612422579,32,set_2
720575940606866377,720575940612446866,56,set_2
720575940606866377,720575940612670570,54,set_2
720575940606866377,720575940616167218,56,set_2
720575940606866377,720575940616851286,48,set_2
720575940606866377,720575940616885538,92,set_2
720575940606866377,720575940617000768,84,set_2
720575940606866377,720575940617181725,34,set_2
720575940606866377,720575940617398502,40,set_2
720575940606866377,720575940617539355,16,set_2
720575940606866377,720575940617597268,34,set_2
720575940606866377,720575940617937543,28,set_2
720575940606866377,720575940618706043,18,set_2
720575940606866377,720575940618706811,26,set_2
720575940606866377,720575940618709371,26,set_2
720575940606866377,720575940620289701,18,set_2
720575940606866377,720575940620296641,56,set_2
720575940606866377,720575940620589838,46,set_2
720575940606866377,720575940620856046,26,set_2
720575940606866377,720575940620874757,12,set_2
720575940606866377,720575940621502051,58,set_2
720575940606866377,720575940621508479,12,set_2
720575940606866377,720575940621704197,10,set_2
720575940606866377,720575940621754367,42,set_2
720575940606866377,720575940622200233,42,set_2
720575940606866377,720575940622335197,30,set_2
720575940606866377,720575940622371037,12,set_2
720575940606866377,720575940622405708,22,set_2
720575940606866377,720575940622413508,64,set_2
720575940606866377,720575940622450924,52,set_2
720575940606866377,720575940622825736,26,set_2
720575940606866377,720575940622861326,34,set_2
720575940606866377,720575940623718380,10,set_2
720575940606866377,720575940624963786,66,set_2
720575940606866377,720575940624967305,24,set_2
720575940606866377,720575940625164558,14,set_2
720575940606866377,720575940625526805,76,set_2
720575940606866377,720575940625632516,20,set_2
720575940606866377,720575940626217226,28,set_2
720575940606866377,720575940626279742,10,set_2
720575940606866377,720575940627490663,30,set_2
720575940606866377,720575940627588218,16,set_2
720575940606866377,720575940627903804,26,set_2
720575940606866377,720575940628330256,38,set_2
720575940606866377,720575940628853239,68,set_2
720575940606866377,720575940629025324,54,set_2
720575940606866377,720575940629176663,50,set_2
720575940606866377,720575940629358807,20,set_2
720575940606866377,720575940629388135,28,set_2
720575940606866377,720575940629884119,38,set_2
720575940606866377,720575940629888530,26,set_2
720575940606866377,720575940630233916,58,set_2
720575940606866377,720575940630461660,16,set_2
720575940606866377,720575940630797113,36,set_2
720575940606866377,720575940630882039,54,set_2
720575940606866377,720575940630968335,38,set_2
720575940606866377,720575940631147148,24,set_2
720575940606866377,720575940632293346,14,set_2
720575940606866377,720575940632425919,44,set_2
720575940606866377,720575940632880173,16,set_2
720575940606866377,720575940632889389,56,set_2
720575940606866377,720575940633143833,38,set_2
720575940606866377,720575940633189624,16,set_2
720575940606866377,720575940633366498,36,set_2
720575940606866377,720575940637568838,62,set_2
720575940606866377,720575940638103349,10,set_2
720575940606866377,720575940638183652,30,set_2
720575940606866377,720575940638202345,74,set_2
720575940606866377,720575940639043280,36,set_2
720575940606866377,720575940639198653,32,set_2
720575940606866377,720575940639259967,46,set_2
720575940606866377,720575940639274147,66,set_2
720575940606866377,720575940639332736,48,set_2
720575940606866377,720575940640649691,52,set_2
720575940606866377,720575940641339611,24,set_2
720575940606866377,720575940655014049,12,set_2
720575940606867145,720575940609922372,68,set_2
720575940606867145,720575940610611246,24,set_2
720575940606867145,720575940612572131,36,set_2
720575940606867145,720575940613746087,28,set_2
720575940606867145,720575940618165787,36,set_2
720575940606867145,720575940623605180,32,set_2
720575940606867145,720575940623777065,60,set_2
720575940606867145,720575940639512192,36,set_2
720575940606867145,720575940643191575,32,set_2
720575940607253170,720575940609306563,27,set_2
720575940607253170,720575940610649442,15,set_2
720575940607253170,720575940611106453,24,set_2
720575940607253170,720575940611184819,15,set_2
720575940607253170,720575940612582514,24,set_2
720575940607253170,720575940613080751,18,set_2
720575940607253170,720575940614734186,21,set_2
720575940607253170,720575940615134557,33,set_2
720575940607253170,720575940616264788,30,set_2
720575940607253170,720575940617181725,15,set_2
720575940607253170,720575940618466384,27,set_2
720575940607253170,720575940619103435,33,set_2
720575940607253170,720575940619155403,36,set_2
720575940607253170,720575940619793940,30,set_2
720575940607253170,720575940620441024,39,set_2
720575940607253170,720575940620698136,27,set_2
720575940607253170,720575940622236671,18,set_2
720575940607253170,720575940622313971,24,set_2
720575940607253170,720575940622335197,21,set_2
720575940607253170,720575940622585224,21,set_2
720575940607253170,720575940622604109,27,set_2
720575940607253170,720575940624310676,18,set_2
720575940607253170,720575940624352643,15,set_2
720575940607253170,720575940624433027,60,set_2
720575940607253170,720575940624792197,27,set_2
720575940607253170,720575940624813437,48,set_2
720575940607253170,720575940625163790,18,set_2
720575940607253170,720575940625507870,21,set_2
720575940607253170,720575940625741114,30,set_2
720575940607253170,720575940625760912,30,set_2
720575940607253170,720575940626143806,24,set_2
720575940607253170,720575940627036746,15,set_2
720575940607253170,720575940627397263,27,set_2
720575940607253170,720575940628675433,21,set_2
720575940607253170,720575940629111814,24,set_2
720575940607253170,720575940629270339,27,set_2
720575940607253170,720575940629301248,48,set_2
720575940607253170,720575940630229007,27,set_2
720575940607253170,720575940630546540,42,set_2
720575940607253170,720575940631106664,15,set_2
720575940607253170,720575940632146340,21,set_2
720575940607253170,720575940632302161,27,set_2
720575940607253170,720575940633455073,30,set_2
720575940607253170,720575940633733601,27,set_2
720575940607253170,720575940635176366,39,set_2
720575940607253170,720575940635425893,15,set_2
720575940607253170,720575940635630308,42,set_2
720575940607253170,720575940635791167,36,set_2
720575940607253170,720575940635990896,30,set_2
720575940607253170,720575940637650522,15,set_2
720575940607253170,720575940638682787,24,set_2
720575940607253170,720575940638865011,30,set_2
720575940607253170,720575940644308503,42,set_2
720575940607253170,720575940644464919,51,set_2
720575940607253170,720575940647084164,24,set_2
720575940607472988,720575940620627035,25,set_2
720575940607472988,720575940622457579,80,set_2
720575940607472988,720575940631111983,30,set_2
720575940607472988,720575940638419534,30,set_2
720575940607472988,720575940647036980,215,set_2
720575940607472988,720575940647606148,35,set_2
720575940607872969,720575940620353300,5,set_2
720575940607872969,720575940623381286,11,set_2
720575940607872969,720575940624600840,10,set_2
720575940607872969,720575940639831459,7,set_2
720575940607872969,720575940641536987,19,set_2
720575940608239371,720575940619866059,25,set_2
720575940608239371,720575940621827419,90,set_2
720575940608239371,720575940623158709,35,set_2
720575940608601355,720575940605105696,16,set_2
720575940608601355,720575940607091979,30,set_2
720575940608601355,720575940607512533,32,set_2
720575940608601355,720575940611490778,58,set_2
720575940608601355,720575940612430821,10,set_2
720575940608601355,720575940614098897,72,set_2
720575940608601355,720575940614186090,20,set_2
720575940608601355,720575940614388447,10,set_2
720575940608601355,720575940615251083,12,set_2
720575940608601355,720575940615251339,12,set_2
720575940608601355,720575940615458235,16,set_2
720575940608601355,720575940615886534,84,set_2
720575940608601355,720575940617397341,18,set_2
720575940608601355,720575940617509701,14,set_2
720575940608601355,720575940618168635,24,set_2
720575940608601355,720575940618174032,12,set_2
720575940608601355,720575940618533265,26,set_2
720575940608601355,720575940619280981,18,set_2
720575940608601355,720575940619767899,22,set_2
720575940608601355,720575940620445934,32,set_2
720575940608601355,720575940621025872,16,set_2
720575940608601355,720575940622724429,10,set_2
720575940608601355,720575940623282985,48,set_2
720575940608601355,720575940623458262,12,set_2
720575940608601355,720575940623550698,24,set_2
720575940608601355,720575940624329037,24,set_2
720575940608601355,720575940624351273,10,set_2
720575940608601355,720575940624712206,12,set_2
720575940608601355,720575940625922404,10,set_2
720575940608601355,720575940625926693,28,set_2
720575940608601355,720575940626219038,34,set_2
720575940608601355,720575940626382473,26,set_2
720575940608601355,720575940626439498,18,set_2
720575940608601355,720575940626525059,10,set_2
720575940608601355,720575940626617914,28,set_2
720575940608601355,720575940628543847,18,set_2
720575940608601355,720575940629244359,22,set_2
720575940608601355,720575940630510454,16,set_2
720575940608601355,720575940630520139,12,set_2
720575940608601355,720575940630559051,42,set_2
720575940608601355,720575940630853436,14,set_2
720575940608601355,720575940631154396,12,set_2
720575940608601355,720575940631408548,30,set_2
720575940608601355,720575940631530148,22,set_2
720575940608601355,720575940631728431,20,set_2
720575940608601355,720575940632379467,10,set_2
720575940608601355,720575940632793645,12,set_2
720575940608601355,720575940633909344,76,set_2
720575940608601355,720575940635508404,12,set_2
720575940608601355,720575940639939712,12,set_2
720575940608601355,720575940640031360,16,set_2
720575940608601355,720575940641220853,12,set_2
720575940608601355,720575940643293837,24,set_2
720575940608601355,720575940644807715,12,set_2
720575940608601355,720575940646173748,10,set_2
720575940608713993,720575940622457579,60,set_2
720575940608713993,720575940631111983,28,set_2
720575940608713993,720575940631742381,20,set_2
720575940608713993,720575940646156420,48,set_2
720575940608883780,720575940613106582,44,set_2
720575940608883780,720575940620610881,10,set_2
720575940608883780,720575940626220669,10,set_2
720575940608883780,720575940627607192,10,set_2
720575940608883780,720575940627700554,12,set_2
720575940608883780,720575940628885160,10,set_2
720575940608883780,720575940631366061,78,set_2
720575940609237187,720575940609646126,5,set_2
720575940609237187,720575940611469518,5,set_2
720575940609237187,720575940612127706,33,set_2
720575940609237187,720575940615000426,5,set_2
720575940609237187,720575940615505979,7,set_2
720575940609237187,720575940615677330,6,set_2
720575940609237187,720575940616104379,8,set_2
720575940609237187,720575940617552340,7,set_2
720575940609237187,720575940618168635,7,set_2
720575940609237187,720575940619197366,5,set_2
720575940609237187,720575940619992997,23,set_2
720575940609237187,720575940622182669,8,set_2
720575940609237187,720575940622999688,21,set_2
720575940609237187,720575940623636957,6,set_2
720575940609237187,720575940625765520,9,set_2
720575940609237187,720575940625981626,5,set_2
720575940609237187,720575940627822340,10,set_2
720575940609237187,720575940628800811,5,set_2
720575940609237187,720575940629489212,5,set_2
720575940609237187,720575940629561338,18,set_2
720575940609237187,720575940630579052,11,set_2
720575940609237187,720575940630608236,5,set_2
720575940609237187,720575940630796115,6,set_2
720575940609237187,720575940633587552,5,set_2
720575940609237187,720575940634822751,6,set_2
720575940609237187,720575940637820846,8,set_2
720575940609237187,720575940637966682,28,set_2
720575940609237187,720575940638832035,6,set_2
720575940609237187,720575940639106613,7,set_2
720575940609237187,720575940641237645,11,set_2
720575940609237187,720575940647961652,7,set_2
720575940609237187,720575940649748857,7,set_2
720575940609425874,720575940616153371,16,set_2
720575940609425874,720575940618385718,32,set_2
720575940609425874,720575940620008112,26,set_2
720575940609425874,720575940625796839,12,set_2
720575940609425874,720575940625799513,14,set_2
720575940609425874,720575940640681680,10,set_2
720575940609551826,720575940615606489,16,set_2
720575940609551826,720575940618335301,10,set_2
720575940609551826,720575940618410177,46,set_2
720575940609551826,720575940619850411,42,set_2
720575940609551826,720575940619876267,12,set_2
720575940609551826,720575940625375240,18,set_2
720575940609551826,720575940625494792,44,set_2
720575940609551826,720575940626968305,12,set_2
720575940609551826,720575940630606444,10,set_2
720575940609551826,720575940631992391,20,set_2
720575940609551826,720575940637878854,10,set_2
720575940609551826,720575940644176164,20,set_2
720575940609592270,720575940604470956,7,set_2
720575940609592270,720575940610000964,5,set_2
720575940609592270,720575940610708430,64,set_2
720575940609592270,720575940611812050,15,set_2
720575940609592270,720575940615406590,24,set_2
720575940609592270,720575940616440091,9,set_2
720575940609592270,720575940616801622,5,set_2
720575940609592270,720575940619757366,78,set_2
720575940609592270,720575940620096171,5,set_2
720575940609592270,720575940620878785,7,set_2
720575940609592270,720575940621373278,7,set_2
720575940609592270,720575940621478358,5,set_2
720575940609592270,720575940622266748,13,set_2
720575940609592270,720575940623777065,5,set_2
720575940609592270,720575940623817223,10,set_2
720575940609592270,720575940623847181,6,set_2
720575940609592270,720575940624532408,15,set_2
720575940609592270,720575940625320530,7,set_2
720575940609592270,720575940626179658,14,set_2
720575940609592270,720575940626500362,18,set_2
720575940609592270,720575940627436554,29,set_2
720575940609592270,720575940628269303,9,set_2
720575940609592270,720575940629543409,6,set_2
720575940609592270,720575940630329903,19,set_2
720575940609592270,720575940635452570,21,set_2
720575940609592270,720575940639420032,43,set_2
720575940609592270,720575940644666660,61,set_2
720575940609993284,720575940610173048,45,set_2
720575940609993284,720575940611496165,5,set_2
720575940609993284,720575940616018956,8,set_2
720575940609993284,720575940618165787,8,set_2
720575940609993284,720575940620672432,19,set_2
720575940609993284,720575940620878785,6,set_2
720575940609993284,720575940621667693,84,set_2
720575940609993284,720575940623535044,17,set_2
720575940609993284,720575940624991495,6,set_2
720575940609993284,720575940625047479,6,set_2
720575940609993284,720575940625489160,14,set_2
720575940609993284,720575940627244200,21,set_2
720575940609993284,720575940628070419,12,set_2
720575940609993284,720575940630665210,90,set_2
720575940609993284,720575940630980559,82,set_2
720575940609993284,720575940631108303,6,set_2
720575940609993284,720575940632524559,5,set_2
720575940609993284,720575940636165624,10,set_2
720575940609993284,720575940644745120,7,set_2
720575940609993284,720575940645527918,17,set_2
720575940610356849,720575940616153371,6,set_2
720575940610356849,720575940618385718,12,set_2
720575940610356849,720575940620411169,8,set_2
720575940610356849,720575940635861146,10,set_2
720575940610524339,720575940609913042,84,set_2
720575940610524339,720575940617121819,497,set_2
720575940610524339,720575940618788944,70,set_2
720575940610524339,720575940619928929,35,set_2
720575940610524339,720575940621689880,392,set_2
720575940610524339,720575940622199593,287,set_2
720575940610524339,720575940623834300,532,set_2
720575940610524339,720575940624948867,245,set_2
720575940610524339,720575940625031610,448,set_2
720575940610524339,720575940626983952,364,set_2
720575940610524339,720575940627454569,42,set_2
720575940610524339,720575940628131778,322,set_2
720575940610524339,720575940633165980,35,set_2
720575940610550830,720575940611596467,10,set_2
720575940610550830,720575940615052812,16,set_2
720575940610550830,720575940618098459,26,set_2
720575940610550830,720575940622182569,14,set_2
720575940610550830,720575940624007523,22,set_2
720575940610550830,720575940626015242,28,set_2
720575940610550830,720575940627359621,14,set_2
720575940610550830,720575940628034044,24,set_2
720575940610550830,720575940628198503,12,set_2
720575940610550830,720575940629009468,18,set_2
720575940610550830,720575940629752190,24,set_2
720575940610550830,720575940630667372,72,set_2
720575940610550830,720575940631412778,20,set_2
720575940610550830,720575940633366498,10,set_2
720575940610550830,720575940635196779,10,set_2
720575940610550830,720575940635334007,20,set_2
720575940610550830,720575940637790527,48,set_2
720575940610550830,720575940638237662,20,set_2
720575940610550830,720575940645173960,10,set_2
720575940610550830,720575940655011489,80,set_2
720575940610916465,720575940606567125,403,set_2
720575940610916465,720575940610698052,91,set_2
720575940610916465,720575940610981362,130,set_2
720575940610916465,720575940612446866,442,set_2
720575940610916465,720575940612556402,533,set_2
720575940610916465,720575940617597268,416,set_2
720575940610916465,720575940618788944,455,set_2
720575940610916465,720575940620856046,546,set_2
720575940610916465,720575940620926234,65,set_2
720575940610916465,720575940621910399,208,set_2
720575940610916465,720575940622298631,78,set_2
720575940610916465,720575940622371037,507,set_2
720575940610916465,720575940622450924,741,set_2
720575940610916465,720575940622861326,637,set_2
720575940610916465,720575940624967305,520,set_2
720575940610916465,720575940625526805,325,set_2
720575940610916465,720575940625632516,624,set_2
720575940610916465,720575940626572802,91,set_2
720575940610916465,720575940627588218,91,set_2
720575940610916465,720575940627903804,273,set_2
720575940610916465,720575940629837563,260,set_2
720575940610916465,720575940632009784,65,set_2
720575940610916465,720575940632293346,494,set_2
720575940610916465,720575940633165980,338,set_2
720575940610916465,720575940633189624,117,set_2
720575940610916465,720575940633366498,312,set_2
720575940610916465,720575940637130985,130,set_2
720575940610916465,720575940638202345,143,set_2
720575940610916465,720575940644308503,195,set_2
720575940610916465,720575940649812857,65,set_2
720575940611018865,720575940608370645,10,set_2
720575940611018865,720575940610004437,12,set_2
720575940611018865,720575940611157746,30,set_2
720575940611018865,720575940611211417,122,set_2
720575940611018865,720575940618165787,14,set_2
720575940611018865,720575940618788944,14,set_2
720575940611018865,720575940621870349,12,set_2
720575940611018865,720575940622835947,18,set_2
720575940611018865,720575940623660558,98,set_2
720575940611018865,720575940624607076,12,set_2
720575940611018865,720575940626705497,64,set_2
720575940611018865,720575940627206074,12,set_2
720575940611018865,720575940627254856,10,set_2
720575940611018865,720575940628319899,16,set_2
720575940611018865,720575940628329546,10,set_2
720575940611018865,720575940628680553,14,set_2
720575940611018865,720575940628885160,18,set_2
720575940611018865,720575940630893196,96,set_2
720575940611018865,720575940631111983,16,set_2
720575940611018865,720575940632423394,14,set_2
720575940611018865,720575940633165980,30,set_2
720575940611018865,720575940633791935,30,set_2
720575940611018865,720575940635391845,12,set_2
720575940611018865,720575940638419534,128,set_2
720575940611018865,720575940639206077,10,set_2
720575940611018865,720575940643823470,46,set_2
720575940611018865,720575940646156420,26,set_2
720575940611366058,720575940607386290,26,set_2
720575940611366058,720575940609939780,30,set_2
720575940611366058,720575940610001220,54,set_2
720575940611366058,720575940610232274,20,set_2
720575940611366058,720575940610584945,10,set_2
720575940611366058,720575940612479205,102,set_2
720575940611366058,720575940612554393,14,set_2
720575940611366058,720575940612906518,22,set_2
720575940611366058,720575940613929391,12,set_2
720575940611366058,720575940616018956,38,set_2
720575940611366058,720575940617494877,18,set_2
720575940611366058,720575940617593233,54,set_2
720575940611366058,720575940619176094,10,set_2
720575940611366058,720575940620374693,108,set_2
720575940611366058,720575940620521350,12,set_2
720575940611366058,720575940622391337,16,set_2
720575940611366058,720575940623476407,10,set_2
720575940611366058,720575940625047484,24,set_2
720575940611366058,720575940625861660,60,set_2
720575940611366058,720575940626835146,130,set_2
720575940611366058,720575940626968216,30,set_2
720575940611366058,720575940627083294,44,set_2
720575940611366058,720575940627704392,28,set_2
720575940611366058,720575940627812168,16,set_2
720575940611366058,720575940628598121,24,set_2
720575940611366058,720575940628755815,34,set_2
720575940611366058,720575940628802069,118,set_2
720575940611366058,720575940628972048,118,set_2
720575940611366058,720575940628995331,48,set_2
720575940611366058,720575940629623351,12,set_2
720575940611366058,720575940629888530,12,set_2
720575940611366058,720575940630579574,96,set_2
720575940611366058,720575940630674038,14,set_2
720575940611366058,720575940631168057,36,set_2
720575940611366058,720575940631406411,66,set_2
720575940611366058,720575940631703608,100,set_2
720575940611366058,720575940631994728,14,set_2
720575940611366058,720575940631997032,142,set_2
720575940611366058,720575940632118156,12,set_2
720575940611366058,720575940632839763,56,set_2
720575940611366058,720575940634645600,24,set_2
720575940611366058,720575940635596468,36,set_2
720575940611366058,720575940637656286,14,set_2
720575940611366058,720575940639285949,58,set_2
720575940611366058,720575940639785379,20,set_2
720575940611366058,720575940640589171,10,set_2
720575940611366058,720575940644542880,32,set_2
720575940611366058,720575940652580086,222,set_2
720575940611411057,720575940610355882,10,set_2
720575940611411057,720575940611975594,10,set_2
720575940611411057,720575940612120794,20,set_2
720575940611411057,720575940613511987,40,set_2
720575940611411057,720575940614483879,18,set_2
720575940611411057,720575940615663466,10,set_2
720575940611411057,720575940616318045,38,set_2
720575940611411057,720575940616483414,18,set_2
720575940611411057,720575940617904208,12,set_2
720575940611411057,720575940622495401,92,set_2
720575940611411057,720575940622519773,10,set_2
720575940611411057,720575940623299623,14,set_2
720575940611411057,720575940624662798,10,set_2
720575940611411057,720575940625749904,12,set_2
720575940611411057,720575940626617914,10,set_2
720575940611411057,720575940627091206,24,set_2
720575940611411057,720575940627110824,140,set_2
720575940611411057,720575940627848196,10,set_2
720575940611411057,720575940628407098,18,set_2
720575940611411057,720575940628800811,10,set_2
720575940611411057,720575940629531351,20,set_2
720575940611411057,720575940629968128,12,set_2
720575940611411057,720575940630125884,24,set_2
720575940611411057,720575940630291671,52,set_2
720575940611411057,720575940630316647,12,set_2
720575940611411057,720575940630606444,10,set_2
720575940611411057,720575940631842360,14,set_2
720575940611411057,720575940632588748,10,set_2
720575940611411057,720575940633286335,10,set_2
720575940611411057,720575940633545823,14,set_2
720575940611411057,720575940633607649,14,set_2
720575940611411057,720575940634911589,28,set_2
720575940611411057,720575940635157902,10,set_2
720575940611411057,720575940637263337,84,set_2
720575940611411057,720575940637820846,10,set_2
720575940611411057,720575940639939712,12,set_2
720575940611411057,720575940641220853,14,set_2
720575940611411057,720575940646436899,16,set_2
720575940611475698,720575940609913042,250,set_2
720575940611475698,720575940610981362,260,set_2
720575940611475698,720575940617121819,120,set_2
720575940611475698,720575940622199593,370,set_2
720575940611475698,720575940624604560,110,set_2
720575940611475698,720575940624948867,310,set_2
720575940611475698,720575940625031610,90,set_2
720575940611475698,720575940627265265,100,set_2
720575940611475698,720575940627454569,310,set_2
720575940611475698,720575940629358807,80,set_2
720575940611475698,720575940637130985,90,set_2
720575940611475698,720575940640601563,80,set_2
720575940611475698,720575940658442625,160,set_2
720575940611667173,720575940611298522,10,set_2
720575940611667173,720575940621507208,20,set_2
720575940611667173,720575940627673073,10,set_2
720575940611667173,720575940627955578,20,set_2
720575940611667173,720575940629583914,10,set_2
720575940611715813,720575940605707710,18,set_2
720575940611715813,720575940605890784,66,set_2
720575940611715813,720575940607272649,30,set_2
720575940611715813,720575940607377586,18,set_2
720575940611715813,720575940607386290,39,set_2
720575940611715813,720575940609407939,48,set_2
720575940611715813,720575940609521250,18,set_2
720575940611715813,720575940610584945,63,set_2
720575940611715813,720575940610741880,18,set_2
720575940611715813,720575940611015122,15,set_2
720575940611715813,720575940611157746,51,set_2
720575940611715813,720575940611160930,201,set_2
720575940611715813,720575940611248662,21,set_2
720575940611715813,720575940611812050,51,set_2
720575940611715813,720575940611958994,18,set_2
720575940611715813,720575940612357618,201,set_2
720575940611715813,720575940614998166,51,set_2
720575940611715813,720575940615376863,102,set_2
720575940611715813,720575940615406590,48,set_2
720575940611715813,720575940616200790,48,set_2
720575940611715813,720575940617373268,21,set_2
720575940611715813,720575940617493078,117,set_2
720575940611715813,720575940617494877,45,set_2
720575940611715813,720575940617917579,54,set_2
720575940611715813,720575940619114048,18,set_2
720575940611715813,720575940619176094,69,set_2
720575940611715813,720575940619771375,18,set_2
720575940611715813,720575940619877396,39,set_2
720575940611715813,720575940620274085,18,set_2
720575940611715813,720575940620633947,84,set_2
720575940611715813,720575940621150191,60,set_2
720575940611715813,720575940621261296,138,set_2
720575940611715813,720575940621573030,21,set_2
720575940611715813,720575940622026245,111,set_2
720575940611715813,720575940622054753,42,set_2
720575940611715813,720575940622116705,48,set_2
720575940611715813,720575940622235425,18,set_2
720575940611715813,720575940622391337,84,set_2
720575940611715813,720575940622835947,54,set_2
720575940611715813,720575940623039838,21,set_2
720575940611715813,720575940623164941,147,set_2
720575940611715813,720575940623314312,288,set_2
720575940611715813,720575940623718380,93,set_2
720575940611715813,720575940623847181,141,set_2
720575940611715813,720575940624310857,30,set_2
720575940611715813,720575940624987175,18,set_2
720575940611715813,720575940625334349,27,set_2
720575940611715813,720575940625740346,84,set_2
720575940611715813,720575940626557442,18,set_2
720575940611715813,720575940626856344,66,set_2
720575940611715813,720575940626968216,69,set_2
720575940611715813,720575940626972056,45,set_2
720575940611715813,720575940627285267,60,set_2
720575940611715813,720575940627404858,18,set_2
720575940611715813,720575940628070419,18,set_2
720575940611715813,720575940628174848,48,set_2
720575940611715813,720575940628995331,18,set_2
720575940611715813,720575940628997123,15,set_2
720575940611715813,720575940629717370,21,set_2
720575940611715813,720575940630461404,63,set_2
720575940611715813,720575940630461660,54,set_2
720575940611715813,720575940630720763,18,set_2
720575940611715813,720575940631918649,60,set_2
720575940611715813,720575940631994728,30,set_2
720575940611715813,720575940633277209,102,set_2
720575940611715813,720575940633813940,15,set_2
720575940611715813,720575940634210155,57,set_2
720575940611715813,720575940634301852,27,set_2
720575940611715813,720575940634825623,18,set_2
720575940611715813,720575940635166571,81,set_2
720575940611715813,720575940635211115,18,set_2
720575940611715813,720575940636675214,30,set_2
720575940611715813,720575940636685454,27,set_2
720575940611715813,720575940643867296,21,set_2
720575940611715813,720575940645495587,21,set_2
720575940611715813,720575940647030324,153,set_2
720575940611756723,720575940610698052,24,set_2
720575940611756723,720575940611531986,20,set_2
720575940611756723,720575940616127931,24,set_2
720575940611756723,720575940616353675,44,set_2
720575940611756723,720575940618259269,20,set_2
720575940611756723,720575940621827419,24,set_2
720575940611756723,720575940622478349,76,set_2
720575940611756723,720575940624789652,20,set_2
720575940611756723,720575940625408333,36,set_2
720575940611756723,720575940628345610,20,set_2
720575940611756723,720575940628478449,36,set_2
720575940611756723,720575940629837563,120,set_2
720575940611756723,720575940629861163,20,set_2
720575940611756723,720575940632295751,68,set_2
720575940611756723,720575940633316307,48,set_2
720575940611756723,720575940636552805,84,set_2
720575940611756723,720575940640469848,72,set_2
720575940611780648,720575940615251339,21,set_2
720575940611780648,720575940621144385,15,set_2
720575940611780648,720575940630510454,18,set_2
720575940611780648,720575940632588748,33,set_2
720575940611780648,720575940633607649,18,set_2
720575940611780648,720575940637664357,15,set_2
720575940611780648,720575940641220853,15,set_2
720575940612423922,720575940606388146,322,set_2
720575940612423922,720575940608475331,98,set_2
720575940612423922,720575940608707192,42,set_2
720575940612423922,720575940609937476,84,set_2
720575940612423922,720575940611168921,56,set_2
720575940612423922,720575940611548878,42,set_2
720575940612423922,720575940612261603,322,set_2
720575940612423922,720575940612277090,147,set_2
720575940612423922,720575940613170385,196,set_2
720575940612423922,720575940615215922,182,set_2
720575940612423922,720575940616308921,77,set_2
720575940612423922,720575940616328705,91,set_2
720575940612423922,720575940617476379,343,set_2
720575940612423922,720575940617678566,1610,set_2
720575940612423922,720575940617787963,427,set_2
720575940612423922,720575940620025620,77,set_2
720575940612423922,720575940620177543,343,set_2
720575940612423922,720575940620626011,84,set_2
720575940612423922,720575940621827419,56,set_2
720575940612423922,720575940622124833,63,set_2
720575940612423922,720575940622810153,280,set_2
720575940612423922,720575940623148285,91,set_2
720575940612423922,720575940623261675,49,set_2
720575940612423922,720575940623609895,413,set_2
720575940612423922,720575940623654804,49,set_2
720575940612423922,720575940624987175,63,set_2
720575940612423922,720575940624988455,259,set_2
720575940612423922,720575940625601594,63,set_2
720575940612423922,720575940628095593,56,set_2
720575940612423922,720575940628684023,56,set_2
720575940612423922,720575940628743752,42,set_2
720575940612423922,720575940629717370,70,set_2
720575940612423922,720575940630890040,98,set_2
720575940612423922,720575940631056185,259,set_2
720575940612423922,720575940631092943,497,set_2
720575940612423922,720575940633639063,126,set_2
720575940612423922,720575940634260636,42,set_2
720575940612423922,720575940639993819,98,set_2
720575940612423922,720575940644669732,343,set_2
720575940612423922,720575940646274670,189,set_2
720575940612423922,720575940647036980,322,set_2
720575940612692633,720575940609133269,6,set_2
720575940612692633,720575940610000964,5,set_2
720575940612692633,720575940610173048,6,set_2
720575940612692633,720575940610232274,9,set_2
720575940612692633,720575940610482883,5,set_2
720575940612692633,720575940614014895,5,set_2
720575940612692633,720575940616018956,25,set_2
720575940612692633,720575940617298747,9,set_2
720575940612692633,720575940617393625,12,set_2
720575940612692633,720575940619176094,6,set_2
720575940612692633,720575940620274085,66,set_2
720575940612692633,720575940620633070,6,set_2
720575940612692633,720575940620874757,11,set_2
720575940612692633,720575940620994292,5,set_2
720575940612692633,720575940621119367,14,set_2
720575940612692633,720575940621332092,5,set_2
720575940612692633,720575940621667693,54,set_2
720575940612692633,720575940621833281,5,set_2
720575940612692633,720575940622493260,25,set_2
720575940612692633,720575940623210445,17,set_2
720575940612692633,720575940625164558,5,set_2
720575940612692633,720575940626279742,11,set_2
720575940612692633,720575940627113544,13,set_2
720575940612692633,720575940627828296,26,set_2
720575940612692633,720575940627847752,10,set_2
720575940612692633,720575940628070419,9,set_2
720575940612692633,720575940628755815,42,set_2
720575940612692633,720575940628815381,14,set_2
720575940612692633,720575940629888530,12,set_2
720575940612692633,720575940630159616,11,set_2
720575940612692633,720575940630461660,10,set_2
720575940612692633,720575940630665210,60,set_2
720575940612692633,720575940630667372,6,set_2
720575940612692633,720575940630674038,6,set_2
720575940612692633,720575940630691958,5,set_2
720575940612692633,720575940630980559,18,set_2
720575940612692633,720575940631168057,11,set_2
720575940612692633,720575940631918649,31,set_2
720575940612692633,720575940631997032,145,set_2
720575940612692633,720575940632659404,9,set_2
720575940612692633,720575940632839763,15,set_2
720575940612692633,720575940633065901,5,set_2
720575940612692633,720575940637144944,10,set_2
720575940612692633,720575940637790527,5,set_2
720575940612692633,720575940638024794,46,set_2
720575940612692633,720575940638103349,62,set_2
720575940612692633,720575940639756093,12,set_2
720575940612692633,720575940640162944,9,set_2
720575940612692633,720575940642428045,52,set_2
720575940612692633,720575940644666148,8,set_2
720575940612692633,720575940647030324,8,set_2
720575940612692633,720575940652580086,6,set_2
720575940612692889,720575940609417995,15,set_2
720575940612692889,720575940610861554,5,set_2
720575940612692889,720575940611772083,6,set_2
720575940612692889,720575940612036837,19,set_2
720575940612692889,720575940616471052,12,set_2
720575940612692889,720575940621057702,7,set_2
720575940612692889,720575940622266236,6,set_2
720575940612692889,720575940623110123,5,set_2
720575940612692889,720575940623211725,20,set_2
720575940612692889,720575940623453959,5,set_2
720575940612692889,720575940623478115,5,set_2
720575940612692889,720575940624333802,7,set_2
720575940612692889,720575940628802069,11,set_2
720575940612692889,720575940628891396,7,set_2
720575940612692889,720575940631705130,9,set_2
720575940612692889,720575940631959097,19,set_2
720575940612692889,720575940632042148,7,set_2
720575940612692889,720575940632722771,12,set_2
720575940612692889,720575940632803795,7,set_2
720575940612692889,720575940642549467,5,set_2
720575940612692889,720575940645047831,5,set_2
720575940612738197,720575940608400323,18,set_2
720575940612738197,720575940610986006,12,set_2
720575940612738197,720575940612572131,22,set_2
720575940612738197,720575940613944994,12,set_2
720575940612738197,720575940616840665,18,set_2
720575940612738197,720575940617691170,32,set_2
720575940612738197,720575940619436225,20,set_2
720575940612738197,720575940620550534,16,set_2
720575940612738197,720575940621373052,10,set_2
720575940612738197,720575940622828056,24,set_2
720575940612738197,720575940622994323,10,set_2
720575940612738197,720575940623217577,68,set_2
720575940612738197,720575940624860599,10,set_2
720575940612738197,720575940626500745,50,set_2
720575940612738197,720575940626750089,12,set_2
720575940612738197,720575940628741379,12,set_2
720575940612738197,720575940629422183,10,set_2
720575940612738197,720575940629951852,12,set_2
720575940612910503,720575940609939780,44,set_2
720575940612910503,720575940610584945,22,set_2
720575940612910503,720575940612574435,14,set_2
720575940612910503,720575940614998166,56,set_2
720575940612910503,720575940617151266,10,set_2
720575940612910503,720575940619145045,18,set_2
720575940612910503,720575940623314312,122,set_2
720575940612910503,720575940624987175,18,set_2
720575940612910503,720575940625047484,40,set_2
720575940612910503,720575940626625813,10,set_2
720575940612910503,720575940626968216,12,set_2
720575940612910503,720575940629421415,10,set_2
720575940612910503,720575940634210155,12,set_2
720575940612910503,720575940634900855,10,set_2
720575940612910503,720575940635166571,10,set_2
720575940612910503,720575940636675214,104,set_2
720575940612910503,720575940647023156,26,set_2
720575940612910503,720575940647030324,10,set_2
720575940612984981,720575940612208858,7,set_2
720575940612984981,720575940612289010,8,set_2
720575940612984981,720575940612478383,10,set_2
720575940612984981,720575940612952557,65,set_2
720575940612984981,720575940613170385,7,set_2
720575940612984981,720575940613356851,13,set_2
720575940612984981,720575940613533607,7,set_2
720575940612984981,720575940613695346,6,set_2
720575940612984981,720575940613747734,14,set_2
720575940612984981,720575940614950194,6,set_2
720575940612984981,720575940616028475,6,set_2
720575940612984981,720575940619453831,5,set_2
720575940612984981,720575940619624795,10,set_2
720575940612984981,720575940620353300,8,set_2
720575940612984981,720575940620506996,26,set_2
720575940612984981,720575940620866544,15,set_2
720575940612984981,720575940622124833,7,set_2
720575940612984981,720575940622144648,5,set_2
720575940612984981,720575940623148285,7,set_2
720575940612984981,720575940624289789,7,set_2
720575940612984981,720575940624608442,11,set_2
720575940612984981,720575940625002936,8,set_2
720575940612984981,720575940627356459,7,set_2
720575940612984981,720575940628038187,5,set_2
720575940612984981,720575940628149763,18,set_2
720575940612984981,720575940628287546,9,set_2
720575940612984981,720575940628644218,5,set_2
720575940612984981,720575940631829279,8,set_2
720575940612984981,720575940631901409,10,set_2
720575940612984981,720575940633639063,9,set_2
720575940612984981,720575940635696279,67,set_2
720575940612984981,720575940640681680,6,set_2
720575940612984981,720575940646274670,6,set_2
720575940612984981,720575940646930996,11,set_2
720575940612987134,720575940616187754,5,set_2
720575940612987134,720575940616571485,5,set_2
720575940612987134,720575940618953126,7,set_2
720575940612987134,720575940626600067,5,set_2
720575940612987134,720575940628949839,5,set_2
720575940612987134,720575940639844597,8,set_2
720575940612987134,720575940639910488,12,set_2
720575940612987134,720575940641220853,6,set_2
720575940612987134,720575940642495176,10,set_2
720575940613133718,720575940616200790,26,set_2
720575940613133718,720575940620748457,12,set_2
720575940613133718,720575940624384304,12,set_2
720575940613133718,720575940628038187,16,set_2
720575940613133718,720575940628787016,20,set_2
720575940613133718,720575940635184735,18,set_2
720575940613222195,720575940606254002,60,set_2
720575940613222195,720575940609913042,260,set_2
720575940613222195,720575940610981362,170,set_2
720575940613222195,720575940617121819,610,set_2
720575940613222195,720575940618788944,130,set_2
720575940613222195,720575940621689880,450,set_2
720575940613222195,720575940622199593,530,set_2
720575940613222195,720575940623834300,520,set_2
720575940613222195,720575940624604560,80,set_2
720575940613222195,720575940624948867,450,set_2
720575940613222195,720575940625031610,460,set_2
720575940613222195,720575940626983952,300,set_2
720575940613222195,720575940627454569,140,set_2
720575940613222195,720575940628131778,300,set_2
720575940613222195,720575940637130985,130,set_2
720575940613222195,720575940640601563,90,set_2
720575940613222195,720575940658442625,50,set_2
720575940613361010,720575940604395436,30,set_2
720575940613361010,720575940607802123,15,set_2
720575940613361010,720575940611134414,21,set_2
720575940613361010,720575940611298522,24,set_2
720575940613361010,720575940611456661,18,set_2
720575940613361010,720575940611952810,36,set_2
720575940613361010,720575940612490958,51,set_2
720575940613361010,720575940612531370,87,set_2
720575940613361010,720575940614936543,24,set_2
720575940613361010,720575940615668370,15,set_2
720575940613361010,720575940615749819,15,set_2
720575940613361010,720575940618043806,30,set_2
720575940613361010,720575940619596709,27,set_2
720575940613361010,720575940620057758,51,set_2
720575940613361010,720575940620913392,27,set_2
720575940613361010,720575940621129607,156,set_2
720575940613361010,720575940621743860,105,set_2
720575940613361010,720575940622495401,24,set_2
720575940613361010,720575940622808959,15,set_2
720575940613361010,720575940624007207,21,set_2
720575940613361010,720575940624247787,27,set_2
720575940613361010,720575940624344072,54,set_2
720575940613361010,720575940625851676,15,set_2
720575940613361010,720575940625993656,15,set_2
720575940613361010,720575940626003130,18,set_2
720575940613361010,720575940626091722,180,set_2
720575940613361010,720575940626132030,21,set_2
720575940613361010,720575940626174564,36,set_2
720575940613361010,720575940627110824,15,set_2
720575940613361010,720575940627646280,24,set_2
720575940613361010,720575940628003304,15,set_2
720575940613361010,720575940628572815,21,set_2
720575940613361010,720575940628923907,24,set_2
720575940613361010,720575940629852419,51,set_2
720575940613361010,720575940630281687,15,set_2
720575940613361010,720575940631371991,57,set_2
720575940613361010,720575940633406745,24,set_2
720575940613361010,720575940633563679,18,set_2
720575940613361010,720575940637599204,27,set_2
720575940613361010,720575940638774606,15,set_2
720575940613361010,720575940643311501,18,set_2
720575940613361010,720575940643882184,36,set_2
720575940613361010,720575940646488430,33,set_2
720575940613361010,720575940652490742,21,set_2
720575940613426343,720575940606388146,21,set_2
720575940613426343,720575940622457579,57,set_2
720575940613426343,720575940629987587,21,set_2
720575940613426343,720575940631742381,48,set_2
720575940613433519,720575940609913042,9,set_2
720575940613433519,720575940610981362,5,set_2
720575940613433519,720575940614830239,9,set_2
720575940613433519,720575940616971035,5,set_2
720575940613433519,720575940619928929,12,set_2
720575940613433519,720575940637130985,10,set_2
720575940613433519,720575940640601563,11,set_2
720575940613524973,720575940604395436,12,set_2
720575940613524973,720575940608348338,10,set_2
720575940613524973,720575940610588057,16,set_2
720575940613524973,720575940611755157,54,set_2
720575940613524973,720575940614466983,10,set_2
720575940613524973,720575940617422481,12,set_2
720575940613524973,720575940617492436,12,set_2
720575940613524973,720575940619662539,24,set_2
720575940613524973,720575940620122503,12,set_2
720575940613524973,720575940623888681,18,set_2
720575940613524973,720575940626754192,12,set_2
720575940613524973,720575940627101512,12,set_2
720575940613524973,720575940629610967,10,set_2
720575940613524973,720575940634305747,18,set_2
720575940613524973,720575940645173960,20,set_2
720575940613527789,720575940609922372,64,set_2
720575940613527789,720575940639512192,36,set_2
720575940613670893,720575940610209378,44,set_2
720575940613670893,720575940617290043,10,set_2
720575940613670893,720575940618931846,38,set_2
720575940613670893,720575940619403942,16,set_2
720575940613670893,720575940621431884,12,set_2
720575940613670893,720575940621766938,10,set_2
720575940613670893,720575940623252407,12,set_2
720575940613670893,720575940623373606,12,set_2
720575940613670893,720575940623817223,106,set_2
720575940613670893,720575940623862015,62,set_2
720575940613670893,720575940624886160,26,set_2
720575940613670893,720575940625823280,78,set_2
720575940613670893,720575940626140164,22,set_2
720575940613670893,720575940626433881,18,set_2
720575940613670893,720575940626667663,20,set_2
720575940613670893,720575940628319546,16,set_2
720575940613670893,720575940628627867,64,set_2
720575940613670893,720575940630665580,12,set_2
720575940613670893,720575940631314908,30,set_2
720575940613670893,720575940631547729,32,set_2
720575940613670893,720575940631742381,26,set_2
720575940613670893,720575940632410828,18,set_2
720575940613670893,720575940632582829,12,set_2
720575940613670893,720575940633471584,22,set_2
720575940613670893,720575940633593548,46,set_2
720575940613670893,720575940635206251,18,set_2
720575940613670893,720575940635684526,14,set_2
720575940613670893,720575940636306862,14,set_2
720575940613670893,720575940637711686,24,set_2
720575940613670893,720575940639170723,30,set_2
720575940613670893,720575940639512192,30,set_2
720575940613825814,720575940607017993,18,set_2
720575940613825814,720575940607162754,12,set_2
720575940613825814,720575940608557323,18,set_2
720575940613825814,720575940611142323,22,set_2
720575940613825814,720575940612208858,16,set_2
720575940613825814,720575940612470755,18,set_2
720575940613825814,720575940612564135,14,set_2
720575940613825814,720575940613687789,28,set_2
720575940613825814,720575940619042427,12,set_2
720575940613825814,720575940621593626,14,set_2
720575940613825814,720575940623079095,14,set_2
720575940613825814,720575940623132621,10,set_2
720575940613825814,720575940625408333,14,set_2
720575940613825814,720575940626557442,24,set_2
720575940613825814,720575940626919144,22,set_2
720575940613825814,720575940629421415,10,set_2
720575940613825814,720575940629543409,10,set_2
720575940613825814,720575940629642693,22,set_2
720575940613825814,720575940630159616,12,set_2
720575940613825814,720575940630608236,10,set_2
720575940613825814,720575940630691958,30,set_2
720575940613825814,720575940631314908,24,set_2
720575940613825814,720575940631629160,14,set_2
720575940613825814,720575940632640287,10,set_2
720575940613825814,720575940633218444,10,set_2
720575940613825814,720575940633373651,42,set_2
720575940613825814,720575940634301852,10,set_2
720575940613825814,720575940637686750,40,set_2
720575940613825814,720575940640162944,16,set_2
720575940613825814,720575940644666148,10,set_2
720575940613825814,720575940647030324,20,set_2
720575940613943215,720575940605890784,28,set_2
720575940613943215,720575940609133269,22,set_2
720575940613943215,720575940610054980,22,set_2
720575940613943215,720575940611160930,18,set_2
720575940613943215,720575940611548878,10,set_2
720575940613943215,720575940615197747,32,set_2
720575940613943215,720575940618165019,42,set_2
720575940613943215,720575940618539810,142,set_2
720575940613943215,720575940620335269,10,set_2
720575940613943215,720575940620633947,18,set_2
720575940613943215,720575940620819659,22,set_2
720575940613943215,720575940621047632,94,set_2
720575940613943215,720575940621150191,10,set_2
720575940613943215,720575940621833281,132,set_2
720575940613943215,720575940622054753,22,set_2
720575940613943215,720575940622452715,12,set_2
720575940613943215,720575940623535044,12,set_2
720575940613943215,720575940625045180,10,set_2
720575940613943215,720575940625167886,26,set_2
720575940613943215,720575940625874992,126,set_2
720575940613943215,720575940626798736,50,set_2
720575940613943215,720575940628598121,18,set_2
720575940613943215,720575940628780309,84,set_2
720575940613943215,720575940629778554,24,set_2
720575940613943215,720575940630233404,140,set_2
720575940613943215,720575940630868793,38,set_2
720575940613943215,720575940631179831,16,set_2
720575940613943215,720575940631994728,66,set_2
720575940613943215,720575940632118156,18,set_2
720575940613943215,720575940632839763,10,set_2
720575940613943215,720575940634210155,10,set_2
720575940613943215,720575940634645600,18,set_2
720575940613943215,720575940635360924,10,set_2
720575940613943215,720575940636165624,50,set_2
720575940613943215,720575940645527918,90,set_2
720575940614061930,720575940612289010,12,set_2
720575940614061930,720575940612952557,32,set_2
720575940614061930,720575940613533607,22,set_2
720575940614061930,720575940616200790,16,set_2
720575940614061930,720575940628287546,18,set_2
720575940614061930,720575940635696279,50,set_2
720575940614061930,720575940644672548,18,set_2
720575940614128691,720575940608557323,24,set_2
720575940614128691,720575940609269001,18,set_2
720575940614128691,720575940610588057,15,set_2
720575940614128691,720575940610698052,39,set_2
720575940614128691,720575940615950109,63,set_2
720575940614128691,720575940616317211,15,set_2
720575940614128691,720575940618098459,93,set_2
720575940614128691,720575940621252468,42,set_2
720575940614128691,720575940621651327,33,set_2
720575940614128691,720575940622695448,21,set_2
720575940614128691,720575940627702288,51,set_2
720575940614128691,720575940629861163,87,set_2
720575940614128691,720575940635196779,36,set_2
720575940614128691,720575940635507380,18,set_2
720575940614128691,720575940655011489,24,set_2
720575940614128691,720575940660313729,21,set_2
720575940614155462,720575940605647234,18,set_2
720575940614155462,720575940614572542,32,set_2
720575940614155462,720575940614753653,14,set_2
720575940614155462,720575940615222634,12,set_2
720575940614155462,720575940615824011,26,set_2
720575940614155462,720575940616153371,36,set_2
720575940614155462,720575940618385718,26,set_2
720575940614155462,720575940619451989,22,set_2
720575940614155462,720575940619888622,10,set_2
720575940614155462,720575940621633683,14,set_2
720575940614155462,720575940622872870,10,set_2
720575940614155462,720575940623011845,12,set_2
720575940614155462,720575940623014695,34,set_2
720575940614155462,720575940623044103,14,set_2
720575940614155462,720575940623777065,24,set_2
720575940614155462,720575940626015640,24,set_2
720575940614155462,720575940628422555,26,set_2
720575940614155462,720575940629365868,12,set_2
720575940614155462,720575940631968599,12,set_2
720575940614155462,720575940632508627,14,set_2
720575940614155462,720575940635861146,12,set_2
720575940614155462,720575940638989219,16,set_2
720575940614418794,720575940614109586,6,set_2
720575940614418794,720575940618156689,5,set_2
720575940614418794,720575940621313414,34,set_2
720575940614418794,720575940622466027,6,set_2
720575940614418794,720575940623381286,6,set_2
720575940614418794,720575940623986364,5,set_2
720575940614418794,720575940626390018,8,set_2
720575940614418794,720575940626843194,43,set_2
720575940614418794,720575940632295751,21,set_2
720575940614418794,720575940632664268,34,set_2
720575940614418794,720575940637603038,50,set_2
720575940614418794,720575940640469848,18,set_2
720575940614418794,720575940645129672,8,set_2
720575940614635175,720575940602353632,136,set_2
720575940614635175,720575940603266592,425,set_2
720575940614635175,720575940603765937,102,set_2
720575940614635175,720575940604027168,102,set_2
720575940614635175,720575940606279179,85,set_2
720575940614635175,720575940606343945,425,set_2
720575940614635175,720575940608787413,459,set_2
720575940614635175,720575940608900050,153,set_2
720575940614635175,720575940610259370,85,set_2
720575940614635175,720575940610481370,221,set_2
720575940614635175,720575940610483162,595,set_2
720575940614635175,720575940610683315,374,set_2
720575940614635175,720575940610773090,357,set_2
720575940614635175,720575940610981362,119,set_2
720575940614635175,720575940611849178,799,set_2
720575940614635175,720575940612920386,544,set_2
720575940614635175,720575940613061118,204,set_2
720575940614635175,720575940614211295,663,set_2
720575940614635175,720575940614281266,221,set_2
720575940614635175,720575940615134557,102,set_2
720575940614635175,720575940615274425,238,set_2
720575940614635175,720575940615292895,187,set_2
720575940614635175,720575940615641798,238,set_2
720575940614635175,720575940615677090,102,set_2
720575940614635175,720575940615903259,119,set_2
720575940614635175,720575940615929373,153,set_2
720575940614635175,720575940616616861,187,set_2
720575940614635175,720575940617239197,272,set_2
720575940614635175,720575940617433830,153,set_2
720575940614635175,720575940617828766,1377,set_2
720575940614635175,720575940618025199,680,set_2
720575940614635175,720575940618029733,289,set_2
720575940614635175,720575940618586862,153,set_2
720575940614635175,720575940618788944,187,set_2
720575940614635175,720575940618887217,255,set_2
720575940614635175,720575940619028208,102,set_2
720575940614635175,720575940619072513,374,set_2
720575940614635175,720575940619197093,391,set_2
720575940614635175,720575940619421823,731,set_2
720575940614635175,720575940619625792,136,set_2
720575940614635175,720575940620692833,204,set_2
720575940614635175,720575940620797976,102,set_2
720575940614635175,720575940621375231,272,set_2
720575940614635175,720575940621778381,306,set_2
720575940614635175,720575940621864060,119,set_2
720575940614635175,720575940621898665,425,set_2
720575940614635175,720575940621916952,612,set_2
720575940614635175,720575940622298631,306,set_2
720575940614635175,720575940622346180,1870,set_2
720575940614635175,720575940622949820,323,set_2
720575940614635175,720575940623183083,408,set_2
720575940614635175,720575940623804106,136,set_2
720575940614635175,720575940624079544,646,set_2
720575940614635175,720575940624266061,782,set_2
720575940614635175,720575940624310345,153,set_2
720575940614635175,720575940624433027,170,set_2
720575940614635175,720575940624805765,289,set_2
720575940614635175,720575940624976572,527,set_2
720575940614635175,720575940625032548,119,set_2
720575940614635175,720575940625163790,136,set_2
720575940614635175,720575940625450498,595,set_2
720575940614635175,720575940625696601,170,set_2
720575940614635175,720575940625750105,646,set_2
720575940614635175,720575940625907143,85,set_2
720575940614635175,720575940626015242,1122,set_2
720575940614635175,720575940626016017,425,set_2
720575940614635175,720575940626217226,782,set_2
720575940614635175,720575940626217744,102,set_2
720575940614635175,720575940626241636,153,set_2
720575940614635175,720575940626287336,170,set_2
720575940614635175,720575940627044901,85,set_2
720575940614635175,720575940627402568,646,set_2
720575940614635175,720575940627438906,374,set_2
720575940614635175,720575940627513210,102,set_2
720575940614635175,720575940627556868,170,set_2
720575940614635175,720575940627578156,289,set_2
720575940614635175,720575940627709956,136,set_2
720575940614635175,720575940628198503,663,set_2
720575940614635175,720575940628329546,170,set_2
720575940614635175,720575940628391686,119,set_2
720575940614635175,720575940628436282,204,set_2
720575940614635175,720575940628524150,153,set_2
720575940614635175,720575940628686695,136,set_2
720575940614635175,720575940628885160,374,set_2
720575940614635175,720575940629009468,833,set_2
720575940614635175,720575940629146711,119,set_2
720575940614635175,720575940629358807,748,set_2
720575940614635175,720575940629416318,85,set_2
720575940614635175,720575940629481516,646,set_2
720575940614635175,720575940629717097,136,set_2
720575940614635175,720575940629837563,187,set_2
720575940614635175,720575940630195909,102,set_2
720575940614635175,720575940631082124,374,set_2
720575940614635175,720575940631092943,204,set_2
720575940614635175,720575940631092947,374,set_2
720575940614635175,720575940631204163,391,set_2
720575940614635175,720575940632706970,153,set_2
720575940614635175,720575940633165980,153,set_2
720575940614635175,720575940633366242,442,set_2
720575940614635175,720575940633791935,85,set_2
720575940614635175,720575940635630308,238,set_2
720575940614635175,720575940635807130,170,set_2
720575940614635175,720575940636985422,238,set_2
720575940614635175,720575940637507645,340,set_2
720575940614635175,720575940637686750,323,set_2
720575940614635175,720575940637742911,153,set_2
720575940614635175,720575940637747519,629,set_2
720575940614635175,720575940638218173,204,set_2
720575940614635175,720575940638813016,170,set_2
720575940614635175,720575940640390709,85,set_2
720575940614635175,720575940642088333,153,set_2
720575940614635175,720575940643065032,493,set_2
720575940614635175,720575940644464919,85,set_2
720575940614635175,720575940645084548,85,set_2
720575940614635175,720575940645173960,102,set_2
720575940614635175,720575940645743412,306,set_2
720575940614635175,720575940646212996,544,set_2
720575940614635175,720575940647006516,102,set_2
720575940614635175,720575940657585025,85,set_2
720575940614635175,720575940657653633,136,set_2
720575940614660519,720575940607162754,9,set_2
720575940614660519,720575940610001220,16,set_2
720575940614660519,720575940610694098,9,set_2
720575940614660519,720575940612470755,9,set_2
720575940614660519,720575940614768168,13,set_2
720575940614660519,720575940617629841,5,set_2
720575940614660519,720575940620353300,6,set_2
720575940614660519,720575940620627035,5,set_2
720575940614660519,720575940621833281,7,set_2
720575940614660519,720575940622493260,16,set_2
720575940614660519,720575940624007523,5,set_2
720575940614660519,720575940624600840,12,set_2
720575940614660519,720575940625861660,6,set_2
720575940614660519,720575940627079823,6,set_2
720575940614660519,720575940627429907,5,set_2
720575940614660519,720575940627812168,14,set_2
720575940614660519,720575940627828296,35,set_2
720575940614660519,720575940628034044,13,set_2
720575940614660519,720575940628478449,7,set_2
720575940614660519,720575940630159616,9,set_2
720575940614660519,720575940630667372,11,set_2
720575940614660519,720575940630691958,14,set_2
720575940614660519,720575940631092943,17,set_2
720575940614660519,720575940631108303,7,set_2
720575940614660519,720575940631923304,9,set_2
720575940614660519,720575940631997032,6,set_2
720575940614660519,720575940632640287,11,set_2
720575940614660519,720575940632659404,7,set_2
720575940614660519,720575940634085983,5,set_2
720575940614660519,720575940634093337,12,set_2
720575940614660519,720575940635807130,26,set_2
720575940614660519,720575940640162944,8,set_2
720575940614660519,720575940641648091,9,set_2
720575940614660519,720575940644666148,5,set_2
720575940614714514,720575940610232274,312,set_2
720575940614714514,720575940611988197,246,set_2
720575940614714514,720575940615052812,36,set_2
720575940614714514,720575940616018956,78,set_2
720575940614714514,720575940616317211,60,set_2
720575940614714514,720575940619176094,168,set_2
720575940614714514,720575940619397797,36,set_2
720575940614714514,720575940621332092,78,set_2
720575940614714514,720575940621651327,78,set_2
720575940614714514,720575940623164941,54,set_2
720575940614714514,720575940624310857,78,set_2
720575940614714514,720575940627113544,60,set_2
720575940614714514,720575940627847752,54,set_2
720575940614714514,720575940628755815,210,set_2
720575940614714514,720575940629081849,72,set_2
720575940614714514,720575940630667372,462,set_2
720575940614714514,720575940631406411,42,set_2
720575940614714514,720575940631703608,48,set_2
720575940614714514,720575940632659404,54,set_2
720575940614714514,720575940633316563,66,set_2
720575940614714514,720575940634645600,30,set_2
720575940614714514,720575940635596468,180,set_2
720575940614714514,720575940636828334,54,set_2
720575940614714514,720575940637144944,270,set_2
720575940614714514,720575940648864633,30,set_2
720575940614714514,720575940652580086,30,set_2
720575940614714514,720575940655011489,576,set_2
720575940614799007,720575940605040300,5,set_2
720575940614799007,720575940613213165,5,set_2
720575940614799007,720575940622768408,7,set_2
720575940614799007,720575940629060986,12,set_2
720575940614799007,720575940630316647,7,set_2
720575940614799007,720575940640031360,5,set_2
720575940614859893,720575940613106582,24,set_2
720575940614859893,720575940615606634,20,set_2
720575940614859893,720575940621181004,18,set_2
720575940614859893,720575940626829840,18,set_2
720575940614859893,720575940627607192,26,set_2
720575940614859893,720575940630606444,10,set_2
720575940614859893,720575940631366061,40,set_2
720575940614859893,720575940633118637,10,set_2
720575940614916725,720575940604791217,35,set_2
720575940614916725,720575940614099818,25,set_2
720575940614916725,720575940620748457,50,set_2
720575940614916725,720575940621332092,45,set_2
720575940614916725,720575940624263655,30,set_2
720575940614916725,720575940624608442,55,set_2
720575940614916725,720575940627371834,115,set_2
720575940614954536,720575940605694240,15,set_2
720575940614954536,720575940609937476,6,set_2
720575940614954536,720575940610004437,42,set_2
720575940614954536,720575940610606126,9,set_2
720575940614954536,720575940611549902,11,set_2
720575940614954536,720575940612019569,16,set_2
720575940614954536,720575940612606105,8,set_2
720575940614954536,720575940612686233,16,set_2
720575940614954536,720575940613563117,103,set_2
720575940614954536,720575940615063592,20,set_2
720575940614954536,720575940617636725,5,set_2
720575940614954536,720575940617833265,14,set_2
720575940614954536,720575940618165787,5,set_2
720575940614954536,720575940618166811,11,set_2
720575940614954536,720575940620627035,7,set_2
720575940614954536,720575940620633947,8,set_2
720575940614954536,720575940620692974,10,set_2
720575940614954536,720575940620778223,30,set_2
720575940614954536,720575940620819659,5,set_2
720575940614954536,720575940621569728,18,set_2
720575940614954536,720575940621894750,7,set_2
720575940614954536,720575940621928453,31,set_2
720575940614954536,720575940622415948,15,set_2
720575940614954536,720575940622863287,26,set_2
720575940614954536,720575940623133223,24,set_2
720575940614954536,720575940623208141,9,set_2
720575940614954536,720575940624882407,25,set_2
720575940614954536,720575940624987175,20,set_2
720575940614954536,720575940625167886,9,set_2
720575940614954536,720575940626185353,6,set_2
720575940614954536,720575940626557186,90,set_2
720575940614954536,720575940626705497,10,set_2
720575940614954536,720575940626798736,81,set_2
720575940614954536,720575940626960536,5,set_2
720575940614954536,720575940627117193,61,set_2
720575940614954536,720575940627828040,39,set_2
720575940614954536,720575940627828296,7,set_2
720575940614954536,720575940628319899,11,set_2
720575940614954536,720575940628492712,5,set_2
720575940614954536,720575940628668009,132,set_2
720575940614954536,720575940628680553,12,set_2
720575940614954536,720575940628973827,19,set_2
720575940614954536,720575940629111490,41,set_2
720575940614954536,720575940629677417,5,set_2
720575940614954536,720575940629773276,7,set_2
720575940614954536,720575940630461660,6,set_2
720575940614954536,720575940630470391,5,set_2
720575940614954536,720575940630683385,7,set_2
720575940614954536,720575940631299090,97,set_2
720575940614954536,720575940631365340,32,set_2
720575940614954536,720575940632839763,5,set_2
720575940614954536,720575940633373651,42,set_2
720575940614954536,720575940635202155,165,set_2
720575940614954536,720575940635751269,7,set_2
720575940614954536,720575940639773091,6,set_2
720575940614954536,720575940644464544,7,set_2
720575940614954536,720575940644669732,14,set_2
720575940614954536,720575940644672548,10,set_2
720575940614954536,720575940645527918,8,set_2
720575940615034408,720575940623381286,18,set_2
720575940615034408,720575940624600840,17,set_2
720575940615034408,720575940625873560,5,set_2
720575940615034408,720575940630665210,6,set_2
720575940615034408,720575940639831459,5,set_2
720575940615034408,720575940641536987,21,set_2
720575940615050346,720575940608498780,120,set_2
720575940615050346,720575940610611246,45,set_2
720575940615050346,720575940612470755,55,set_2
720575940615050346,720575940613828202,50,set_2
720575940615050346,720575940614642838,55,set_2
720575940615050346,720575940615292895,250,set_2
720575940615050346,720575940616298171,215,set_2
720575940615050346,720575940617568697,35,set_2
720575940615050346,720575940620094366,75,set_2
720575940615050346,720575940620135645,25,set_2
720575940615050346,720575940620303380,25,set_2
720575940615050346,720575940622154266,70,set_2
720575940615050346,720575940622632084,25,set_2
720575940615050346,720575940623209165,25,set_2
720575940615050346,720575940623381286,170,set_2
720575940615050346,720575940624789652,95,set_2
720575940615050346,720575940626227774,25,set_2
720575940615050346,720575940626960536,35,set_2
720575940615050346,720575940627403578,490,set_2
720575940615050346,720575940627443996,25,set_2
720575940615050346,720575940627538690,50,set_2
720575940615050346,720575940628030440,45,set_2
720575940615050346,720575940628378440,30,set_2
720575940615050346,720575940628885160,270,set_2
720575940615050346,720575940629543409,190,set_2
720575940615050346,720575940629987587,45,set_2
720575940615050346,720575940630724652,85,set_2
720575940615050346,720575940630808827,85,set_2
720575940615050346,720575940631742381,55,set_2
720575940615050346,720575940632029496,80,set_2
720575940615050346,720575940632640287,35,set_2
720575940615050346,720575940636168628,65,set_2
720575940615050346,720575940636552805,30,set_2
720575940615050346,720575940636734382,25,set_2
720575940615050346,720575940637530084,55,set_2
720575940615050346,720575940638642547,50,set_2
720575940615050346,720575940639512192,60,set_2
720575940615050346,720575940641229520,80,set_2
720575940615050346,720575940647060532,55,set_2
720575940615050346,720575940648180868,85,set_2
720575940615071391,720575940607071106,10,set_2
720575940615071391,720575940610054980,7,set_2
720575940615071391,720575940610584945,8,set_2
720575940615071391,720575940610606126,6,set_2
720575940615071391,720575940612261603,16,set_2
720575940615071391,720575940612277090,9,set_2
720575940615071391,720575940612289010,5,set_2
720575940615071391,720575940612339123,22,set_2
720575940615071391,720575940612564135,10,set_2
720575940615071391,720575940614763666,17,set_2
720575940615071391,720575940617346718,5,set_2
720575940615071391,720575940617398745,7,set_2
720575940615071391,720575940617494877,15,set_2
720575940615071391,720575940619310757,5,set_2
720575940615071391,720575940620335269,10,set_2
720575940615071391,720575940620550534,5,set_2
720575940615071391,720575940621827419,31,set_2
720575940615071391,720575940622235425,5,set_2
720575940615071391,720575940622391337,5,set_2
720575940615071391,720575940622695448,28,set_2
720575940615071391,720575940622931976,10,set_2
720575940615071391,720575940623476407,18,set_2
720575940615071391,720575940623718380,5,set_2
720575940615071391,720575940624600840,10,set_2
720575940615071391,720575940624988455,20,set_2
720575940615071391,720575940625705930,11,set_2
720575940615071391,720575940627182217,13,set_2
720575940615071391,720575940627404858,9,set_2
720575940615071391,720575940628034044,5,set_2
720575940615071391,720575940628675433,5,set_2
720575940615071391,720575940628825210,21,set_2
720575940615071391,720575940628995331,11,set_2
720575940615071391,720575940629422183,45,set_2
720575940615071391,720575940629642693,7,set_2
720575940615071391,720575940629822842,6,set_2
720575940615071391,720575940631065144,5,set_2
720575940615071391,720575940631092943,8,set_2
720575940615071391,720575940631314908,11,set_2
720575940615071391,720575940631923304,6,set_2
720575940615071391,720575940632030008,6,set_2
720575940615071391,720575940633277209,53,set_2
720575940615071391,720575940634085983,5,set_2
720575940615071391,720575940636675214,24,set_2
720575940615071391,720575940637656286,6,set_2
720575940615071391,720575940647060532,7,set_2
720575940615071391,720575940655011489,5,set_2
720575940615076162,720575940611374554,77,set_2
720575940615076162,720575940611868825,70,set_2
720575940615076162,720575940614572542,35,set_2
720575940615076162,720575940616153371,77,set_2
720575940615076162,720575940617241629,63,set_2
720575940615076162,720575940618195254,35,set_2
720575940615076162,720575940618385718,189,set_2
720575940615076162,720575940619451989,70,set_2
720575940615076162,720575940623044103,56,set_2
720575940615076162,720575940626015640,105,set_2
720575940615076162,720575940630613452,56,set_2
720575940615076162,720575940631309866,49,set_2
720575940615076162,720575940633304601,252,set_2
720575940615076162,720575940638989219,84,set_2
720575940615076162,720575940639672893,70,set_2
720575940615245107,720575940622457579,76,set_2
720575940615245107,720575940629548107,20,set_2
720575940615245107,720575940629987587,40,set_2
720575940615245107,720575940631742381,44,set_2
720575940615296818,720575940611812050,110,set_2
720575940615296818,720575940611988197,55,set_2
720575940615296818,720575940612554393,143,set_2
720575940615296818,720575940615052812,308,set_2
720575940615296818,720575940615406590,231,set_2
720575940615296818,720575940620994292,55,set_2
720575940615296818,720575940621119367,55,set_2
720575940615296818,720575940623333964,121,set_2
720575940615296818,720575940624310857,77,set_2
720575940615296818,720575940626308697,132,set_2
720575940615296818,720575940627371834,132,set_2
720575940615296818,720575940631295506,66,set_2
720575940615296818,720575940635184735,99,set_2
720575940615296818,720575940637144944,55,set_2
720575940615311628,720575940626754192,18,set_2
720575940615311628,720575940627607192,14,set_2
720575940615311628,720575940633118637,10,set_2
720575940615311628,720575940633644183,10,set_2
720575940615311628,720575940636247273,34,set_2
720575940615407583,720575940609133269,7,set_2
720575940615407583,720575940611160930,13,set_2
720575940615407583,720575940611496165,6,set_2
720575940615407583,720575940612387434,24,set_2
720575940615407583,720575940612558061,13,set_2
720575940615407583,720575940613838289,11,set_2
720575940615407583,720575940614099142,25,set_2
720575940615407583,720575940615382751,8,set_2
720575940615407583,720575940615672130,7,set_2
720575940615407583,720575940616298171,9,set_2
720575940615407583,720575940617494877,6,set_2
720575940615407583,720575940617997140,12,set_2
720575940615407583,720575940618058667,10,set_2
720575940615407583,720575940618106553,7,set_2
720575940615407583,720575940618156689,9,set_2
720575940615407583,720575940619310757,38,set_2
720575940615407583,720575940620093019,24,set_2
720575940615407583,720575940621313414,5,set_2
720575940615407583,720575940621771041,24,set_2
720575940615407583,720575940622734106,5,set_2
720575940615407583,720575940623164941,11,set_2
720575940615407583,720575940623636701,5,set_2
720575940615407583,720575940624028855,25,set_2
720575940615407583,720575940625175310,5,set_2
720575940615407583,720575940625376442,6,set_2
720575940615407583,720575940626968216,5,set_2
720575940615407583,720575940626972056,5,set_2
720575940615407583,720575940627667530,16,set_2
720575940615407583,720575940629524483,17,set_2
720575940615407583,720575940631021220,16,set_2
720575940615407583,720575940631299602,5,set_2
720575940615407583,720575940631344971,10,set_2
720575940615407583,720575940631967506,5,set_2
720575940615407583,720575940632030008,60,set_2
720575940615407583,720575940632634532,5,set_2
720575940615407583,720575940637656286,13,set_2
720575940615407583,720575940641281013,5,set_2
720575940615407583,720575940647034676,18,set_2
720575940615407583,720575940648188548,10,set_2
720575940615495839,720575940615197747,25,set_2
720575940615495839,720575940616018956,90,set_2
720575940615495839,720575940620819659,40,set_2
720575940615495839,720575940621332092,35,set_2
720575940615495839,720575940621827419,40,set_2
720575940615495839,720575940622457579,235,set_2
720575940615495839,720575940622493260,30,set_2
720575940615495839,720575940623535044,110,set_2
720575940615495839,720575940625167886,65,set_2
720575940615495839,720575940625873560,30,set_2
720575940615495839,720575940627113544,65,set_2
720575940615495839,720575940628034044,40,set_2
720575940615495839,720575940628787016,30,set_2
720575940615495839,720575940631111983,85,set_2
720575940615495839,720575940631997032,630,set_2
720575940615495839,720575940632365905,55,set_2
720575940615495839,720575940634085983,25,set_2
720575940615495839,720575940634093337,30,set_2
720575940615495839,720575940634659508,40,set_2
720575940615495839,720575940638103349,125,set_2
720575940615626018,720575940622040419,10,set_2
720575940615626018,720575940626132030,12,set_2
720575940615626018,720575940629142171,12,set_2
720575940615626018,720575940631188876,10,set_2
720575940615626018,720575940637559182,10,set_2
720575940615626018,720575940647473796,18,set_2
720575940615742353,720575940607672003,6,set_2
720575940615742353,720575940611442296,14,set_2
720575940615742353,720575940619048315,5,set_2
720575940615742353,720575940623476407,15,set_2
720575940615742353,720575940627182217,8,set_2
720575940615742353,720575940628500540,9,set_2
720575940615742353,720575940628972048,8,set_2
720575940615742353,720575940633316563,5,set_2
720575940615742353,720575940634527840,5,set_2
720575940615811670,720575940604470956,34,set_2
720575940615811670,720575940607387314,72,set_2
720575940615811670,720575940608735241,44,set_2
720575940615811670,720575940609417995,20,set_2
720575940615811670,720575940609939780,20,set_2
720575940615811670,720575940610001220,216,set_2
720575940615811670,720575940610232274,24,set_2
720575940615811670,720575940611160930,78,set_2
720575940615811670,720575940611164770,12,set_2
720575940615811670,720575940611988197,64,set_2
720575940615811670,720575940612030899,20,set_2
720575940615811670,720575940613687789,196,set_2
720575940615811670,720575940613743569,22,set_2
720575940615811670,720575940613929391,48,set_2
720575940615811670,720575940614014895,48,set_2
720575940615811670,720575940617296029,10,set_2
720575940615811670,720575940617593233,104,set_2
720575940615811670,720575940617630182,10,set_2
720575940615811670,720575940618563664,16,set_2
720575940615811670,720575940619176094,14,set_2
720575940615811670,720575940619397797,22,set_2
720575940615811670,720575940619403942,10,set_2
720575940615811670,720575940620271636,42,set_2
720575940615811670,720575940620474278,28,set_2
720575940615811670,720575940621057702,62,set_2
720575940615811670,720575940621150191,20,set_2
720575940615811670,720575940621431884,12,set_2
720575940615811670,720575940622624214,116,set_2
720575940615811670,720575940623164941,22,set_2
720575940615811670,720575940623377596,16,set_2
720575940615811670,720575940623503318,60,set_2
720575940615811670,720575940623687757,12,set_2
720575940615811670,720575940623847181,34,set_2
720575940615811670,720575940624274685,24,set_2
720575940615811670,720575940624310857,62,set_2
720575940615811670,720575940624950078,16,set_2
720575940615811670,720575940625047484,26,set_2
720575940615811670,720575940625172238,62,set_2
720575940615811670,720575940625172750,10,set_2
720575940615811670,720575940625823280,14,set_2
720575940615811670,720575940626278974,42,set_2
720575940615811670,720575940626289021,52,set_2
720575940615811670,720575940626557442,200,set_2
720575940615811670,720575940626856344,244,set_2
720575940615811670,720575940626941080,12,set_2
720575940615811670,720575940627081534,12,set_2
720575940615811670,720575940627083294,10,set_2
720575940615811670,720575940627101512,12,set_2
720575940615811670,720575940627285267,106,set_2
720575940615811670,720575940627814728,104,set_2
720575940615811670,720575940628174848,14,set_2
720575940615811670,720575940628492712,14,set_2
720575940615811670,720575940628755815,122,set_2
720575940615811670,720575940628815381,88,set_2
720575940615811670,720575940628869648,42,set_2
720575940615811670,720575940629681278,10,set_2
720575940615811670,720575940629822842,44,set_2
720575940615811670,720575940630461404,52,set_2
720575940615811670,720575940630667372,158,set_2
720575940615811670,720575940630720763,42,set_2
720575940615811670,720575940631168057,18,set_2
720575940615811670,720575940631282194,90,set_2
720575940615811670,720575940631406411,194,set_2
720575940615811670,720575940631997032,40,set_2
720575940615811670,720575940632047890,30,set_2
720575940615811670,720575940632178892,10,set_2
720575940615811670,720575940632587932,16,set_2
720575940615811670,720575940632659404,58,set_2
720575940615811670,720575940633218444,10,set_2
720575940615811670,720575940633316563,40,set_2
720575940615811670,720575940633881848,42,set_2
720575940615811670,720575940634301852,152,set_2
720575940615811670,720575940635211115,36,set_2
720575940615811670,720575940635596468,60,set_2
720575940615811670,720575940635807130,10,set_2
720575940615811670,720575940636345463,70,set_2
720575940615811670,720575940636828334,332,set_2
720575940615811670,720575940637144944,32,set_2
720575940615811670,720575940638001498,94,set_2
720575940615811670,720575940645045527,108,set_2
720575940615811670,720575940645495587,28,set_2
720575940615811670,720575940645866292,80,set_2
720575940615811670,720575940647030324,40,set_2
720575940615811670,720575940648864633,14,set_2
720575940615894614,720575940606388146,38,set_2
720575940615894614,720575940608707192,80,set_2
720575940615894614,720575940611548878,54,set_2
720575940615894614,720575940611630194,20,set_2
720575940615894614,720575940612606105,82,set_2
720575940615894614,720575940613170385,24,set_2
720575940615894614,720575940613563117,10,set_2
720575940615894614,720575940615063592,60,set_2
720575940615894614,720575940615215922,40,set_2
720575940615894614,720575940615292895,16,set_2
720575940615894614,720575940615330265,120,set_2
720575940615894614,720575940616014092,16,set_2
720575940615894614,720575940616162866,60,set_2
720575940615894614,720575940616328705,42,set_2
720575940615894614,720575940616667186,76,set_2
720575940615894614,720575940617678566,70,set_2
720575940615894614,720575940617787963,16,set_2
720575940615894614,720575940618325302,22,set_2
720575940615894614,720575940618788944,12,set_2
720575940615894614,720575940620177543,26,set_2
720575940615894614,720575940620353300,74,set_2
720575940615894614,720575940620627035,10,set_2
720575940615894614,720575940621013640,80,set_2
720575940615894614,720575940621894750,64,set_2
720575940615894614,720575940622137633,10,set_2
720575940615894614,720575940622154266,16,set_2
720575940615894614,720575940622493260,16,set_2
720575940615894614,720575940623476407,10,set_2
720575940615894614,720575940623525258,14,set_2
720575940615894614,720575940623535044,10,set_2
720575940615894614,720575940623609895,170,set_2
720575940615894614,720575940623654804,10,set_2
720575940615894614,720575940624882407,54,set_2
720575940615894614,720575940625004034,14,set_2
720575940615894614,720575940625304094,96,set_2
720575940615894614,720575940625408796,24,set_2
720575940615894614,720575940625873560,92,set_2
720575940615894614,720575940626557186,16,set_2
720575940615894614,720575940626583836,26,set_2
720575940615894614,720575940626953561,46,set_2
720575940615894614,720575940627047400,36,set_2
720575940615894614,720575940627429907,10,set_2
720575940615894614,720575940628095593,138,set_2
720575940615894614,720575940628436282,10,set_2
720575940615894614,720575940628676457,12,set_2
720575940615894614,720575940628684023,14,set_2
720575940615894614,720575940629111490,94,set_2
720575940615894614,720575940630470391,24,set_2
720575940615894614,720575940630839371,12,set_2
720575940615894614,720575940632365905,10,set_2
720575940615894614,720575940633639063,14,set_2
720575940615894614,720575940635751269,26,set_2
720575940615894614,720575940637936710,12,set_2
720575940615894614,720575940639769715,36,set_2
720575940615894614,720575940644464544,12,set_2
720575940616065254,720575940609913042,310,set_2
720575940616065254,720575940610981362,220,set_2
720575940616065254,720575940618788944,70,set_2
720575940616065254,720575940619928929,70,set_2
720575940616065254,720575940624604560,110,set_2
720575940616065254,720575940624948867,70,set_2
720575940616065254,720575940627265265,150,set_2
720575940616065254,720575940627454569,460,set_2
720575940616065254,720575940629358807,60,set_2
720575940616065254,720575940637130985,90,set_2
720575940616065254,720575940640601563,130,set_2
720575940616065254,720575940658442625,210,set_2
720575940616100582,720575940611549902,106,set_2
720575940616100582,720575940613604162,10,set_2
720575940616100582,720575940620521350,48,set_2
720575940616100582,720575940621128583,18,set_2
720575940616100582,720575940622931976,10,set_2
720575940616100582,720575940623476407,12,set_2
720575940616100582,720575940626835146,18,set_2
720575940616100582,720575940626968216,26,set_2
720575940616100582,720575940627182217,16,set_2
720575940616100582,720575940628972048,32,set_2
720575940616100582,720575940630665210,18,set_2
720575940616100582,720575940634527840,22,set_2
720575940616100582,720575940637144944,10,set_2
720575940616100582,720575940639785379,20,set_2
720575940616167730,720575940605707710,54,set_2
720575940616167730,720575940607272649,144,set_2
720575940616167730,720575940607387314,198,set_2
720575940616167730,720575940608735241,180,set_2
720575940616167730,720575940609133269,360,set_2
720575940616167730,720575940610482883,99,set_2
720575940616167730,720575940611160930,207,set_2
720575940616167730,720575940611164770,864,set_2
720575940616167730,720575940611248662,45,set_2
720575940616167730,720575940612235747,153,set_2
720575940616167730,720575940612354034,45,set_2
720575940616167730,720575940612357618,225,set_2
720575940616167730,720575940612599193,81,set_2
720575940616167730,720575940613743569,63,set_2
720575940616167730,720575940615583650,144,set_2
720575940616167730,720575940617494877,171,set_2
720575940616167730,720575940618563664,45,set_2
720575940616167730,720575940619114048,63,set_2
720575940616167730,720575940619176094,63,set_2
720575940616167730,720575940620271636,54,set_2
720575940616167730,720575940620274085,45,set_2
720575940616167730,720575940620474278,225,set_2
720575940616167730,720575940620642940,108,set_2
720575940616167730,720575940620982437,189,set_2
720575940616167730,720575940621150191,405,set_2
720575940616167730,720575940622235425,45,set_2
720575940616167730,720575940622391337,63,set_2
720575940616167730,720575940622624214,54,set_2
720575940616167730,720575940622695448,180,set_2
720575940616167730,720575940623164941,162,set_2
720575940616167730,720575940623377596,162,set_2
720575940616167730,720575940623476407,252,set_2
720575940616167730,720575940623687757,81,set_2
720575940616167730,720575940623847181,909,set_2
720575940616167730,720575940624310857,180,set_2
720575940616167730,720575940624950078,72,set_2
720575940616167730,720575940625172238,54,set_2
720575940616167730,720575940625334349,45,set_2
720575940616167730,720575940626094350,153,set_2
720575940616167730,720575940626557442,126,set_2
720575940616167730,720575940626625813,423,set_2
720575940616167730,720575940626856344,504,set_2
720575940616167730,720575940627062088,54,set_2
720575940616167730,720575940627083294,63,set_2
720575940616167730,720575940627182217,369,set_2
720575940616167730,720575940627285267,45,set_2
720575940616167730,720575940628492712,108,set_2
720575940616167730,720575940628675433,126,set_2
720575940616167730,720575940628997123,216,set_2
720575940616167730,720575940629421415,180,set_2
720575940616167730,720575940630461404,288,set_2
720575940616167730,720575940631918649,63,set_2
720575940616167730,720575940631939432,54,set_2
720575940616167730,720575940633277209,126,set_2
720575940616167730,720575940633813940,63,set_2
720575940616167730,720575940634210155,45,set_2
720575940616167730,720575940634900855,171,set_2
720575940616167730,720575940635166571,108,set_2
720575940616167730,720575940635184735,54,set_2
720575940616167730,720575940635211115,144,set_2
720575940616167730,720575940636675214,378,set_2
720575940616167730,720575940637656286,90,set_2
720575940616167730,720575940638001498,180,set_2
720575940616203869,720575940612952557,42,set_2
720575940616203869,720575940613747734,12,set_2
720575940616203869,720575940623040094,10,set_2
720575940616203869,720575940627404858,10,set_2
720575940616203869,720575940628287546,22,set_2
720575940616203869,720575940629422183,12,set_2
720575940616203869,720575940635696279,16,set_2
720575940616217403,720575940610079957,70,set_2
720575940616217403,720575940610986006,49,set_2
720575940616217403,720575940611496165,154,set_2
720575940616217403,720575940613170385,105,set_2
720575940616217403,720575940615480370,56,set_2
720575940616217403,720575940617755220,112,set_2
720575940616217403,720575940618936710,49,set_2
720575940616217403,720575940620177543,56,set_2
720575940616217403,720575940620550534,98,set_2
720575940616217403,720575940621332092,35,set_2
720575940616217403,720575940622466027,77,set_2
720575940616217403,720575940623158709,343,set_2
720575940616217403,720575940624176312,546,set_2
720575940616217403,720575940624600840,98,set_2
720575940616217403,720575940626567701,84,set_2
720575940616217403,720575940626583836,126,set_2
720575940616217403,720575940630670890,49,set_2
720575940616217403,720575940631056185,77,set_2
720575940616217403,720575940634699119,154,set_2
720575940616404820,720575940615424086,10,set_2
720575940616404820,720575940615898086,12,set_2
720575940616404820,720575940622809638,10,set_2
720575940616404820,720575940624662798,14,set_2
720575940616404820,720575940628038555,10,set_2
720575940616404820,720575940628131371,14,set_2
720575940616404820,720575940628949839,24,set_2
720575940616404820,720575940629060986,36,set_2
720575940616404820,720575940641220853,20,set_2
720575940616497477,720575940613687789,30,set_2
720575940616497477,720575940613828202,21,set_2
720575940616497477,720575940627254856,15,set_2
720575940616497477,720575940627443996,54,set_2
720575940616497477,720575940639512192,45,set_2
720575940616747830,720575940610763874,18,set_2
720575940616747830,720575940623512467,27,set_2
720575940616747830,720575940625123453,18,set_2
720575940616747830,720575940627638037,24,set_2
720575940616747830,720575940635280632,21,set_2
720575940616747830,720575940635491508,15,set_2
720575940616747830,720575940638723133,21,set_2
720575940616759014,720575940604389344,16,set_2
720575940616759014,720575940604921446,64,set_2
720575940616759014,720575940605675808,24,set_2
720575940616759014,720575940605842400,10,set_2
720575940616759014,720575940606743654,18,set_2
720575940616759014,720575940608348338,12,set_2
720575940616759014,720575940609719250,10,set_2
720575940616759014,720575940610005828,24,set_2
720575940616759014,720575940611672785,18,set_2
720575940616759014,720575940612120794,48,set_2
720575940616759014,720575940612999909,14,set_2
720575940616759014,720575940613613721,10,set_2
720575940616759014,720575940613858046,22,set_2
720575940616759014,720575940614150567,46,set_2
720575940616759014,720575940614388447,16,set_2
720575940616759014,720575940614483879,20,set_2
720575940616759014,720575940614936543,14,set_2
720575940616759014,720575940615257567,42,set_2
720575940616759014,720575940615593522,10,set_2
720575940616759014,720575940615749819,10,set_2
720575940616759014,720575940615770811,40,set_2
720575940616759014,720575940616592523,14,set_2
720575940616759014,720575940617406548,14,set_2
720575940616759014,720575940617492436,16,set_2
720575940616759014,720575940619320046,14,set_2
720575940616759014,720575940619615424,18,set_2
720575940616759014,720575940619898971,20,set_2
720575940616759014,720575940619935829,26,set_2
720575940616759014,720575940620527707,10,set_2
720575940616759014,720575940620610881,38,set_2
720575940616759014,720575940620900869,26,set_2
720575940616759014,720575940621087777,14,set_2
720575940616759014,720575940621337460,12,set_2
720575940616759014,720575940621698542,42,set_2
720575940616759014,720575940622107937,24,set_2
720575940616759014,720575940622129321,28,set_2
720575940616759014,720575940622514922,18,set_2
720575940616759014,720575940622779519,32,set_2
720575940616759014,720575940623242022,12,set_2
720575940616759014,720575940624007207,10,set_2
720575940616759014,720575940624157001,14,set_2
720575940616759014,720575940625110967,16,set_2
720575940616759014,720575940625494792,12,set_2
720575940616759014,720575940625749904,46,set_2
720575940616759014,720575940625776272,10,set_2
720575940616759014,720575940625865738,24,set_2
720575940616759014,720575940626220669,40,set_2
720575940616759014,720575940626394767,28,set_2
720575940616759014,720575940626754192,24,set_2
720575940616759014,720575940626883345,12,set_2
720575940616759014,720575940627383569,14,set_2
720575940616759014,720575940627673073,14,set_2
720575940616759014,720575940627713045,10,set_2
720575940616759014,720575940628340998,24,set_2
720575940616759014,720575940628407098,22,set_2
720575940616759014,720575940628411706,14,set_2
720575940616759014,720575940628561628,32,set_2
720575940616759014,720575940629040119,16,set_2
720575940616759014,720575940629244154,12,set_2
720575940616759014,720575940629326380,14,set_2
720575940616759014,720575940629783158,54,set_2
720575940616759014,720575940629933559,38,set_2
720575940616759014,720575940630233047,20,set_2
720575940616759014,720575940630260439,18,set_2
720575940616759014,720575940630316647,20,set_2
720575940616759014,720575940630510454,12,set_2
720575940616759014,720575940630779586,12,set_2
720575940616759014,720575940630887737,16,set_2
720575940616759014,720575940631029048,12,set_2
720575940616759014,720575940631154396,34,set_2
720575940616759014,720575940631267858,10,set_2
720575940616759014,720575940632501668,22,set_2
720575940616759014,720575940632638803,16,set_2
720575940616759014,720575940633117580,12,set_2
720575940616759014,720575940633540447,14,set_2
720575940616759014,720575940633607649,16,set_2
720575940616759014,720575940633926295,58,set_2
720575940616759014,720575940634422880,10,set_2
720575940616759014,720575940634475616,20,set_2
720575940616759014,720575940634975423,16,set_2
720575940616759014,720575940635777893,10,set_2
720575940616759014,720575940637861294,16,set_2
720575940616759014,720575940637878854,10,set_2
720575940616759014,720575940638396998,12,set_2
720575940616759014,720575940638540221,10,set_2
720575940616759014,720575940639053146,24,set_2
720575940616759014,720575940639753635,12,set_2
720575940616759014,720575940639939712,10,set_2
720575940616759014,720575940640728179,36,set_2
720575940616759014,720575940641243381,12,set_2
720575940616759014,720575940643448430,14,set_2
720575940616759014,720575940643782048,16,set_2
720575940616759014,720575940645601572,10,set_2
720575940616759014,720575940646488430,14,set_2
720575940616759014,720575940646913844,12,set_2
720575940616759014,720575940652490742,16,set_2
720575940616759014,720575940659760001,12,set_2
720575940616777105,720575940609913042,45,set_2
720575940616777105,720575940614830239,126,set_2
720575940616777105,720575940617121819,432,set_2
720575940616777105,720575940621689880,252,set_2
720575940616777105,720575940622199593,351,set_2
720575940616777105,720575940622853011,54,set_2
720575940616777105,720575940623834300,333,set_2
720575940616777105,720575940624948867,270,set_2
720575940616777105,720575940625031610,360,set_2
720575940616777105,720575940626983952,279,set_2
720575940616777105,720575940628131778,477,set_2
720575940616777105,720575940630597839,63,set_2
720575940616777105,720575940632341452,72,set_2
720575940616777105,720575940633165980,81,set_2
720575940616777105,720575940640601563,153,set_2
720575940616777105,720575940658442625,108,set_2
720575940616791709,720575940604791217,182,set_2
720575940616791709,720575940607345586,117,set_2
720575940616791709,720575940608471900,78,set_2
720575940616791709,720575940609922372,182,set_2
720575940616791709,720575940610986006,104,set_2
720575940616791709,720575940612772915,650,set_2
720575940616791709,720575940613640685,65,set_2
720575940616791709,720575940615063592,91,set_2
720575940616791709,720575940616829401,65,set_2
720575940616791709,720575940617678566,507,set_2
720575940616791709,720575940617787963,1287,set_2
720575940616791709,720575940619042427,1014,set_2
720575940616791709,720575940619757366,78,set_2
720575940616791709,720575940620025620,130,set_2
720575940616791709,720575940620217582,429,set_2
720575940616791709,720575940620353300,312,set_2
720575940616791709,720575940620692974,156,set_2
720575940616791709,720575940620748457,117,set_2
720575940616791709,720575940621755888,390,set_2
720575940616791709,720575940622124833,117,set_2
720575940616791709,720575940622810153,338,set_2
720575940616791709,720575940622853258,65,set_2
720575940616791709,720575940623148285,65,set_2
720575940616791709,720575940624176312,104,set_2
720575940616791709,720575940624263655,91,set_2
720575940616791709,720575940624384304,117,set_2
720575940616791709,720575940625002936,182,set_2
720575940616791709,720575940626583836,273,set_2
720575940616791709,720575940626960536,2405,set_2
720575940616791709,720575940628070419,325,set_2
720575940616791709,720575940628644218,559,set_2
720575940616791709,720575940628743752,91,set_2
720575940616791709,720575940629111490,104,set_2
720575940616791709,720575940629677417,143,set_2
720575940616791709,720575940629778554,169,set_2
720575940616791709,720575940630470391,1105,set_2
720575940616791709,720575940630670890,91,set_2
720575940616791709,720575940634699119,104,set_2
720575940616791709,720575940635212143,377,set_2
720575940616791709,720575940635527092,91,set_2
720575940616791709,720575940637936710,78,set_2
720575940616791709,720575940639769715,143,set_2
720575940616791709,720575940640348149,78,set_2
720575940616791709,720575940643288868,78,set_2
720575940616791709,720575940643325581,78,set_2
720575940616791709,720575940643867296,533,set_2
720575940616791709,720575940644464544,949,set_2
720575940616791709,720575940644672548,468,set_2
720575940616921152,720575940604791217,224,set_2
720575940616921152,720575940606388146,80,set_2
720575940616921152,720575940612289010,112,set_2
720575940616921152,720575940612772915,112,set_2
720575940616921152,720575940613170385,288,set_2
720575940616921152,720575940613356851,96,set_2
720575940616921152,720575940614736290,832,set_2
720575940616921152,720575940615063592,112,set_2
720575940616921152,720575940617678566,1920,set_2
720575940616921152,720575940617787963,1152,set_2
720575940616921152,720575940620025620,432,set_2
720575940616921152,720575940620177543,80,set_2
720575940616921152,720575940620217582,128,set_2
720575940616921152,720575940620353300,3248,set_2
720575940616921152,720575940620692974,80,set_2
720575940616921152,720575940620748457,160,set_2
720575940616921152,720575940621755888,192,set_2
720575940616921152,720575940621930710,624,set_2
720575940616921152,720575940622116705,160,set_2
720575940616921152,720575940622124833,640,set_2
720575940616921152,720575940622515895,112,set_2
720575940616921152,720575940622810153,1056,set_2
720575940616921152,720575940622853258,160,set_2
720575940616921152,720575940623148285,592,set_2
720575940616921152,720575940623158709,128,set_2
720575940616921152,720575940623366102,112,set_2
720575940616921152,720575940624263655,224,set_2
720575940616921152,720575940624384304,96,set_2
720575940616921152,720575940624600840,912,set_2
720575940616921152,720575940624856409,272,set_2
720575940616921152,720575940626308697,176,set_2
720575940616921152,720575940626583836,160,set_2
720575940616921152,720575940626960536,704,set_2
720575940616921152,720575940627419962,96,set_2
720575940616921152,720575940628023685,160,set_2
720575940616921152,720575940628070419,80,set_2
720575940616921152,720575940628743752,80,set_2
720575940616921152,720575940629111490,96,set_2
720575940616921152,720575940629677417,416,set_2
720575940616921152,720575940629778554,160,set_2
720575940616921152,720575940629822842,144,set_2
720575940616921152,720575940630470391,1088,set_2
720575940616921152,720575940630506344,848,set_2
720575940616921152,720575940631056185,128,set_2
720575940616921152,720575940631997032,80,set_2
720575940616921152,720575940633639063,432,set_2
720575940616921152,720575940634699119,80,set_2
720575940616921152,720575940635212143,96,set_2
720575940616921152,720575940635527092,144,set_2
720575940616921152,720575940637144944,144,set_2
720575940616921152,720575940637936710,128,set_2
720575940616921152,720575940639769715,144,set_2
720575940616921152,720575940639956643,80,set_2
720575940616921152,720575940643867296,992,set_2
720575940616921152,720575940644464544,1632,set_2
720575940617155558,720575940610623658,12,set_2
720575940617155558,720575940611374554,18,set_2
720575940617155558,720575940614572542,24,set_2
720575940617155558,720575940617241629,14,set_2
720575940617155558,720575940618195254,18,set_2
720575940617155558,720575940618385718,22,set_2
720575940617155558,720575940619451989,16,set_2
720575940617155558,720575940622515895,14,set_2
720575940617155558,720575940623014695,24,set_2
720575940617155558,720575940623044103,30,set_2
720575940617155558,720575940623777065,12,set_2
720575940617155558,720575940626015640,50,set_2
720575940617155558,720575940628422555,10,set_2
720575940617155558,720575940630670890,16,set_2
720575940617155558,720575940631008824,18,set_2
720575940617155558,720575940633304601,22,set_2
720575940617155558,720575940635861146,24,set_2
720575940617155558,720575940638989219,32,set_2
720575940617155558,720575940639672893,14,set_2
720575940617155558,720575940647963513,10,set_2
720575940617184001,720575940611374554,111,set_2
720575940617184001,720575940611868825,75,set_2
720575940617184001,720575940613992657,27,set_2
720575940617184001,720575940617241629,54,set_2
720575940617184001,720575940618195254,18,set_2
720575940617184001,720575940618385718,30,set_2
720575940617184001,720575940621827419,84,set_2
720575940617184001,720575940622515895,15,set_2
720575940617184001,720575940622934711,21,set_2
720575940617184001,720575940627594540,24,set_2
720575940617184001,720575940631008824,21,set_2
720575940617184001,720575940631309866,36,set_2
720575940617184001,720575940633304601,36,set_2
720575940617184001,720575940634659508,24,set_2
720575940617184001,720575940638989219,51,set_2
720575940617184001,720575940639672893,63,set_2
720575940617184001,720575940651601910,24,set_2
720575940617244027,720575940611248662,32,set_2
720575940617244027,720575940611549902,76,set_2
720575940617244027,720575940623164941,12,set_2
720575940617244027,720575940623476407,14,set_2
720575940617244027,720575940626625813,16,set_2
720575940617244027,720575940626968216,10,set_2
720575940617244027,720575940627182217,20,set_2
720575940617244027,720575940629773276,20,set_2
720575940617244027,720575940634900855,18,set_2
720575940617244027,720575940647030324,20,set_2
720575940617244027,720575940648864633,12,set_2
720575940617244027,720575940652580086,10,set_2
720575940617299515,720575940608557323,66,set_2
720575940617299515,720575940614604962,39,set_2
720575940617299515,720575940615950109,21,set_2
720575940617299515,720575940617398745,54,set_2
720575940617299515,720575940617648453,18,set_2
720575940617299515,720575940618098459,51,set_2
720575940617299515,720575940621252468,30,set_2
720575940617299515,720575940623203805,18,set_2
720575940617299515,720575940623982484,15,set_2
720575940617299515,720575940626730115,18,set_2
720575940617299515,720575940627404858,15,set_2
720575940617299515,720575940628885160,21,set_2
720575940617299515,720575940629013199,39,set_2
720575940617299515,720575940629091431,30,set_2
720575940617299515,720575940632009784,30,set_2
720575940617299515,720575940632582829,15,set_2
720575940617299515,720575940635196779,63,set_2
720575940617335382,720575940605726385,30,set_2
720575940617335382,720575940610381778,85,set_2
720575940617335382,720575940610763874,195,set_2
720575940617335382,720575940610979938,25,set_2
720575940617335382,720575940612079845,30,set_2
720575940617335382,720575940612631445,25,set_2
720575940617335382,720575940612942289,30,set_2
720575940617335382,720575940613213165,35,set_2
720575940617335382,720575940613277491,35,set_2
720575940617335382,720575940614362851,60,set_2
720575940617335382,720575940614702239,50,set_2
720575940617335382,720575940616769497,40,set_2
720575940617335382,720575940616974941,80,set_2
720575940617335382,720575940618110774,40,set_2
720575940617335382,720575940619281031,30,set_2
720575940617335382,720575940619506481,25,set_2
720575940617335382,720575940620499115,25,set_2
720575940617335382,720575940620718808,40,set_2
720575940617335382,720575940622107937,25,set_2
720575940617335382,720575940622649855,60,set_2
720575940617335382,720575940623299623,25,set_2
720575940617335382,720575940623591403,25,set_2
720575940617335382,720575940623742956,45,set_2
720575940617335382,720575940625667888,95,set_2
720575940617335382,720575940627702288,40,set_2
720575940617335382,720575940628022141,30,set_2
720575940617335382,720575940628326522,35,set_2
720575940617335382,720575940628739644,35,set_2
720575940617335382,720575940629060986,245,set_2
720575940617335382,720575940629147132,40,set_2
720575940617335382,720575940630116345,30,set_2
720575940617335382,720575940630159676,35,set_2
720575940617335382,720575940630318695,30,set_2
720575940617335382,720575940631638841,35,set_2
720575940617335382,720575940632364569,25,set_2
720575940617335382,720575940632588748,100,set_2
720575940617335382,720575940633286335,50,set_2
720575940617335382,720575940633626337,230,set_2
720575940617335382,720575940634707863,205,set_2
720575940617335382,720575940634911589,45,set_2
720575940617335382,720575940635157902,30,set_2
720575940617335382,720575940635491508,25,set_2
720575940617335382,720575940636105829,25,set_2
720575940617335382,720575940637664357,50,set_2
720575940617335382,720575940638201021,40,set_2
720575940617335382,720575940639925211,70,set_2
720575940617335382,720575940640031360,25,set_2
720575940617335382,720575940641495693,30,set_2
720575940617335382,720575940643305672,45,set_2
720575940617369117,720575940610916194,5,set_2
720575940617369117,720575940611250650,6,set_2
720575940617369117,720575940612278114,10,set_2
720575940617369117,720575940615973388,17,set_2
720575940617369117,720575940620287067,5,set_2
720575940617369117,720575940621044348,5,set_2
720575940617369117,720575940621775130,7,set_2
720575940617369117,720575940621827419,11,set_2
720575940617369117,720575940624343822,7,set_2
720575940617369117,720575940625841241,6,set_2
720575940617369117,720575940626308697,7,set_2
720575940617369117,720575940626412563,10,set_2
720575940617369117,720575940629470736,5,set_2
720575940617369117,720575940630114524,7,set_2
720575940617369117,720575940630504466,9,set_2
720575940617369117,720575940631436615,16,set_2
720575940617369117,720575940631583519,7,set_2
720575940617369117,720575940632516879,6,set_2
720575940617369117,720575940632879842,13,set_2
720575940617369117,720575940639301027,6,set_2
720575940617369117,720575940639672893,5,set_2
720575940617369117,720575940643337508,8,set_2
720575940617369117,720575940649828473,12,set_2
720575940617488477,720575940605890784,32,set_2
720575940617488477,720575940607377586,7,set_2
720575940617488477,720575940608735241,29,set_2
720575940617488477,720575940609407939,68,set_2
720575940617488477,720575940610000964,5,set_2
720575940617488477,720575940610677828,14,set_2
720575940617488477,720575940611160930,10,set_2
720575940617488477,720575940611442296,28,set_2
720575940617488477,720575940611849826,10,set_2
720575940617488477,720575940612208858,17,set_2
720575940617488477,720575940613828202,17,set_2
720575940617488477,720575940613929391,9,set_2
720575940617488477,720575940615292895,32,set_2
720575940617488477,720575940615582111,8,set_2
720575940617488477,720575940616014092,13,set_2
720575940617488477,720575940616200790,6,set_2
720575940617488477,720575940616851030,10,set_2
720575940617488477,720575940616864086,7,set_2
720575940617488477,720575940617494877,5,set_2
720575940617488477,720575940617648453,10,set_2
720575940617488477,720575940618166811,5,set_2
720575940617488477,720575940619310757,5,set_2
720575940617488477,720575940620819659,9,set_2
720575940617488477,720575940622695448,5,set_2
720575940617488477,720575940622734106,7,set_2
720575940617488477,720575940623008659,5,set_2
720575940617488477,720575940623380556,5,set_2
720575940617488477,720575940623476407,8,set_2
720575940617488477,720575940623663084,81,set_2
720575940617488477,720575940625823280,12,set_2
720575940617488477,720575940627182217,13,set_2
720575940617488477,720575940627812168,8,set_2
720575940617488477,720575940627828040,5,set_2
720575940617488477,720575940627847752,37,set_2
720575940617488477,720575940628885160,77,set_2
720575940617488477,720575940628972048,11,set_2
720575940617488477,720575940629013199,6,set_2
720575940617488477,720575940629421415,9,set_2
720575940617488477,720575940629792060,9,set_2
720575940617488477,720575940630300434,5,set_2
720575940617488477,720575940630461660,15,set_2
720575940617488477,720575940630679801,10,set_2
720575940617488477,720575940631365340,9,set_2
720575940617488477,720575940631629160,8,set_2
720575940617488477,720575940631994728,12,set_2
720575940617488477,720575940632134227,9,set_2
720575940617488477,720575940634900855,30,set_2
720575940617488477,720575940635574958,22,set_2
720575940617488477,720575940638001498,7,set_2
720575940617488477,720575940639512192,11,set_2
720575940617488477,720575940648864633,19,set_2
720575940617663537,720575940609913042,583,set_2
720575940617663537,720575940610981362,154,set_2
720575940617663537,720575940614830239,88,set_2
720575940617663537,720575940619928929,88,set_2
720575940617663537,720575940627454569,627,set_2
720575940617663537,720575940637130985,77,set_2
720575940617663537,720575940640601563,495,set_2
720575940617663537,720575940658442625,550,set_2
720575940617671285,720575940604395436,14,set_2
720575940617671285,720575940604921446,26,set_2
720575940617671285,720575940605842400,22,set_2
720575940617671285,720575940607731292,20,set_2
720575940617671285,720575940608348338,18,set_2
720575940617671285,720575940608616899,48,set_2
720575940617671285,720575940610457457,10,set_2
720575940617671285,720575940611298522,22,set_2
720575940617671285,720575940612120794,28,set_2
720575940617671285,720575940613858046,16,set_2
720575940617671285,720575940614150567,30,set_2
720575940617671285,720575940614388447,16,set_2
720575940617671285,720575940614936543,10,set_2
720575940617671285,720575940615257567,32,set_2
720575940617671285,720575940615345595,12,set_2
720575940617671285,720575940615424086,10,set_2
720575940617671285,720575940615770811,30,set_2
720575940617671285,720575940616104379,14,set_2
720575940617671285,720575940616187754,14,set_2
720575940617671285,720575940616219222,30,set_2
720575940617671285,720575940617406548,10,set_2
720575940617671285,720575940617492436,26,set_2
720575940617671285,720575940618164534,14,set_2
720575940617671285,720575940619320046,10,set_2
720575940617671285,720575940619898971,16,set_2
720575940617671285,720575940620157787,12,set_2
720575940617671285,720575940620610881,26,set_2
720575940617671285,720575940621337460,14,set_2
720575940617671285,720575940621383804,12,set_2
720575940617671285,720575940621698542,106,set_2
720575940617671285,720575940622107937,26,set_2
720575940617671285,720575940622129321,16,set_2
720575940617671285,720575940622514922,28,set_2
720575940617671285,720575940622779519,10,set_2
720575940617671285,720575940623273254,12,set_2
720575940617671285,720575940624007207,12,set_2
720575940617671285,720575940624157001,14,set_2
720575940617671285,720575940624351273,12,set_2
720575940617671285,720575940624662798,10,set_2
720575940617671285,720575940625110967,36,set_2
720575940617671285,720575940625865738,10,set_2
720575940617671285,720575940625993656,12,set_2
720575940617671285,720575940626091722,10,set_2
720575940617671285,720575940626220669,24,set_2
720575940617671285,720575940626394767,20,set_2
720575940617671285,720575940626437148,12,set_2
720575940617671285,720575940626484057,16,set_2
720575940617671285,720575940626754192,42,set_2
720575940617671285,720575940626798744,20,set_2
720575940617671285,720575940626982799,14,set_2
720575940617671285,720575940627286149,10,set_2
720575940617671285,720575940627654933,10,set_2
720575940617671285,720575940627713045,12,set_2
720575940617671285,720575940628326522,10,set_2
720575940617671285,720575940628340998,16,set_2
720575940617671285,720575940628407098,16,set_2
720575940617671285,720575940628561628,20,set_2
720575940617671285,720575940629040119,10,set_2
720575940617671285,720575940629326380,14,set_2
720575940617671285,720575940629783158,28,set_2
720575940617671285,720575940629933559,22,set_2
720575940617671285,720575940630015995,18,set_2
720575940617671285,720575940630159676,14,set_2
720575940617671285,720575940630233047,16,set_2
720575940617671285,720575940630260439,42,set_2
720575940617671285,720575940630316647,12,set_2
720575940617671285,720575940630644807,10,set_2
720575940617671285,720575940630779586,12,set_2
720575940617671285,720575940631267858,10,set_2
720575940617671285,720575940631371991,16,set_2
720575940617671285,720575940632008877,10,set_2
720575940617671285,720575940632501668,16,set_2
720575940617671285,720575940632793645,10,set_2
720575940617671285,720575940633206753,12,set_2
720575940617671285,720575940633926295,50,set_2
720575940617671285,720575940634475616,12,set_2
720575940617671285,720575940634975423,22,set_2
720575940617671285,720575940635777893,16,set_2
720575940617671285,720575940636624014,18,set_2
720575940617671285,720575940636627960,10,set_2
720575940617671285,720575940637852590,12,set_2
720575940617671285,720575940637861294,10,set_2
720575940617671285,720575940637878854,12,set_2
720575940617671285,720575940638540221,46,set_2
720575940617671285,720575940639053146,10,set_2
720575940617671285,720575940639939712,14,set_2
720575940617671285,720575940640728179,18,set_2
720575940617671285,720575940641495693,18,set_2
720575940617671285,720575940643782048,12,set_2
720575940617671285,720575940643792544,10,set_2
720575940617671285,720575940646488430,14,set_2
720575940617671285,720575940652490742,30,set_2
720575940617671285,720575940656152481,14,set_2
720575940617799253,720575940606388146,15,set_2
720575940617799253,720575940621119367,15,set_2
720575940617799253,720575940622457579,84,set_2
720575940617799253,720575940629987587,21,set_2
720575940617799253,720575940631742381,21,set_2
720575940617839739,720575940607471829,30,set_2
720575940617839739,720575940608956373,21,set_2
720575940617839739,720575940610861554,24,set_2
720575940617839739,720575940611379569,15,set_2
720575940617839739,720575940612856342,27,set_2
720575940617839739,720575940617552541,27,set_2
720575940617839739,720575940617765405,36,set_2
720575940617839739,720575940618518582,18,set_2
720575940617839739,720575940619441112,39,set_2
720575940617839739,720575940619895125,24,set_2
720575940617839739,720575940620116091,45,set_2
720575940617839739,720575940620205147,15,set_2
720575940617839739,720575940621472294,27,set_2
720575940617839739,720575940622150569,39,set_2
720575940617839739,720575940623000858,18,set_2
720575940617839739,720575940624470247,15,set_2
720575940617839739,720575940624600840,48,set_2
720575940617839739,720575940625909991,15,set_2
720575940617839739,720575940626083428,60,set_2
720575940617839739,720575940627327238,24,set_2
720575940617839739,720575940627582724,15,set_2
720575940617839739,720575940628059722,24,set_2
720575940617839739,720575940628864762,24,set_2
720575940617839739,720575940631381212,27,set_2
720575940617839739,720575940631758111,15,set_2
720575940617839739,720575940632095628,30,set_2
720575940617839739,720575940632734033,30,set_2
720575940617839739,720575940634537591,27,set_2
720575940617839739,720575940636316023,33,set_2
720575940617839739,720575940636477541,39,set_2
720575940617839739,720575940636526308,21,set_2
720575940617839739,720575940638642502,54,set_2
720575940617839739,720575940639374707,21,set_2
720575940617839739,720575940640855384,30,set_2
720575940617839739,720575940642658267,27,set_2
720575940617839739,720575940643074976,21,set_2
720575940617839739,720575940643693000,15,set_2
720575940617839739,720575940645746468,15,set_2
720575940617854676,720575940604921446,42,set_2
720575940617854676,720575940605040300,33,set_2
720575940617854676,720575940605420674,27,set_2
720575940617854676,720575940609941145,21,set_2
720575940617854676,720575940610457457,18,set_2
720575940617854676,720575940611128782,210,set_2
720575940617854676,720575940612910376,15,set_2
720575940617854676,720575940614067507,150,set_2
720575940617854676,720575940614150567,18,set_2
720575940617854676,720575940614388447,45,set_2
720575940617854676,720575940614483879,33,set_2
720575940617854676,720575940615379686,15,set_2
720575940617854676,720575940615763573,36,set_2
720575940617854676,720575940615770811,30,set_2
720575940617854676,720575940616056114,30,set_2
720575940617854676,720575940616799547,18,set_2
720575940617854676,720575940617443001,18,set_2
720575940617854676,720575940617853986,54,set_2
720575940617854676,720575940618142513,33,set_2
720575940617854676,720575940620423533,21,set_2
720575940617854676,720575940622172540,24,set_2
720575940617854676,720575940622495401,21,set_2
720575940617854676,720575940622779519,45,set_2
720575940617854676,720575940623636957,240,set_2
720575940617854676,720575940624911548,129,set_2
720575940617854676,720575940625375240,15,set_2
720575940617854676,720575940625494792,36,set_2
720575940617854676,720575940625662956,15,set_2
720575940617854676,720575940627069321,18,set_2
720575940617854676,720575940627110824,18,set_2
720575940617854676,720575940627196691,36,set_2
720575940617854676,720575940627600719,15,set_2
720575940617854676,720575940627619057,15,set_2
720575940617854676,720575940629060986,27,set_2
720575940617854676,720575940629144987,45,set_2
720575940617854676,720575940630250860,66,set_2
720575940617854676,720575940630644807,33,set_2
720575940617854676,720575940630955205,21,set_2
720575940617854676,720575940631366061,36,set_2
720575940617854676,720575940631530148,15,set_2
720575940617854676,720575940631808569,15,set_2
720575940617854676,720575940632320815,42,set_2
720575940617854676,720575940632379467,27,set_2
720575940617854676,720575940633626337,24,set_2
720575940617854676,720575940636148325,45,set_2
720575940617854676,720575940636990064,15,set_2
720575940617854676,720575940637068400,24,set_2
720575940617854676,720575940637397309,39,set_2
720575940617854676,720575940637436638,24,set_2
720575940617854676,720575940637861294,51,set_2
720575940617854676,720575940637878854,33,set_2
720575940617854676,720575940638412928,30,set_2
720575940617854676,720575940639053146,21,set_2
720575940617854676,720575940642151565,159,set_2
720575940617854676,720575940643782048,24,set_2
720575940617854676,720575940644223267,15,set_2
720575940617854676,720575940647907124,126,set_2
720575940617854676,720575940648564612,21,set_2
720575940617898456,720575940605013420,10,set_2
720575940617898456,720575940621196037,22,set_2
720575940617898456,720575940623294647,12,set_2
720575940617898456,720575940625005831,10,set_2
720575940617898456,720575940627099082,26,set_2
720575940617898456,720575940628949839,24,set_2
720575940617898456,720575940630606444,30,set_2
720575940617898456,720575940630644807,14,set_2
720575940617898456,720575940631366061,12,set_2
720575940617898456,720575940639910488,16,set_2
720575940617898456,720575940642312136,10,set_2
720575940617898456,720575940644223267,10,set_2
720575940617898456,720575940650169846,30,set_2
720575940617986683,720575940609922372,5,set_2
720575940617986683,720575940615292895,38,set_2
720575940617986683,720575940617476379,5,set_2
720575940617986683,720575940623381286,26,set_2
720575940617986683,720575940624600840,13,set_2
720575940617986683,720575940628023685,18,set_2
720575940617986683,720575940628436282,20,set_2
720575940617986683,720575940628885160,15,set_2
720575940617986683,720575940631092943,100,set_2
720575940618118485,720575940604395436,18,set_2
720575940618118485,720575940607802123,18,set_2
720575940618118485,720575940607896265,36,set_2
720575940618118485,720575940611298522,45,set_2
720575940618118485,720575940611952810,21,set_2
720575940618118485,720575940612044750,15,set_2
720575940618118485,720575940612490958,81,set_2
720575940618118485,720575940612531370,93,set_2
720575940618118485,720575940614281578,33,set_2
720575940618118485,720575940614607522,15,set_2
720575940618118485,720575940614921670,15,set_2
720575940618118485,720575940614936543,45,set_2
720575940618118485,720575940614938636,45,set_2
720575940618118485,720575940615668370,21,set_2
720575940618118485,720575940618043806,15,set_2
720575940618118485,720575940618910411,15,set_2
720575940618118485,720575940618953217,18,set_2
720575940618118485,720575940619596709,42,set_2
720575940618118485,720575940620057758,102,set_2
720575940618118485,720575940621129607,183,set_2
720575940618118485,720575940621743860,147,set_2
720575940618118485,720575940622038622,27,set_2
720575940618118485,720575940622087009,18,set_2
720575940618118485,720575940623393357,42,set_2
720575940618118485,720575940624205353,54,set_2
720575940618118485,720575940624247787,39,set_2
720575940618118485,720575940624344072,102,set_2
720575940618118485,720575940625993656,15,set_2
720575940618118485,720575940626091722,189,set_2
720575940618118485,720575940626174564,48,set_2
720575940618118485,720575940626394767,18,set_2
720575940618118485,720575940626754192,24,set_2
720575940618118485,720575940626808368,24,set_2
720575940618118485,720575940627369810,27,set_2
720575940618118485,720575940627709583,30,set_2
720575940618118485,720575940628384778,15,set_2
720575940618118485,720575940629142171,18,set_2
720575940618118485,720575940629852419,18,set_2
720575940618118485,720575940629914732,15,set_2
720575940618118485,720575940630181463,21,set_2
720575940618118485,720575940630732414,18,set_2
720575940618118485,720575940631371991,51,set_2
720575940618118485,720575940632369439,21,set_2
720575940618118485,720575940632575180,15,set_2
720575940618118485,720575940633563679,36,set_2
720575940618118485,720575940633644183,18,set_2
720575940618118485,720575940635141518,30,set_2
720575940618118485,720575940637161182,18,set_2
720575940618118485,720575940640125312,15,set_2
720575940618118485,720575940643008968,15,set_2
720575940618118485,720575940643882184,39,set_2
720575940618118485,720575940646488430,42,set_2
720575940618118485,720575940650976502,15,set_2
720575940618118485,720575940652490742,24,set_2
720575940618118485,720575940659760001,18,set_2
720575940618135419,720575940609913042,220,set_2
720575940618135419,720575940614830239,210,set_2
720575940618135419,720575940619928929,130,set_2
720575940618135419,720575940626217226,60,set_2
720575940618135419,720575940627265265,50,set_2
720575940618135419,720575940627454569,330,set_2
720575940618135419,720575940633165980,90,set_2
720575940618135419,720575940640601563,400,set_2
720575940618135419,720575940658442625,650,set_2
720575940618529217,720575940612277090,44,set_2
720575940618529217,720575940616153371,124,set_2
720575940618529217,720575940617138466,40,set_2
720575940618529217,720575940617229691,20,set_2
720575940618529217,720575940618385718,212,set_2
720575940618529217,720575940620550534,20,set_2
720575940618529217,720575940620798284,52,set_2
720575940618529217,720575940621827419,36,set_2
720575940618529217,720575940623011845,56,set_2
720575940618529217,720575940623078071,32,set_2
720575940618529217,720575940624865584,64,set_2
720575940618529217,720575940626308697,20,set_2
720575940618529217,720575940626449158,56,set_2
720575940618529217,720575940626902856,20,set_2
720575940618529217,720575940627498499,36,set_2
720575940618529217,720575940631056185,20,set_2
720575940618529217,720575940633226652,20,set_2
720575940618529217,720575940635861146,72,set_2
720575940618529217,720575940637417038,60,set_2
720575940618529217,720575940643337508,20,set_2
720575940618529217,720575940644932131,32,set_2
720575940618529217,720575940645878068,20,set_2
720575940618529217,720575940647471395,20,set_2
720575940618529217,720575940648654468,28,set_2
720575940618529217,720575940651601910,24,set_2
720575940618691419,720575940626754192,10,set_2
720575940618691419,720575940627607192,12,set_2
720575940618691419,720575940627700554,10,set_2
720575940618691419,720575940633118637,18,set_2
720575940618691419,720575940633644183,12,set_2
720575940618691419,720575940636247273,52,set_2
720575940618859480,720575940605707710,6,set_2
720575940618859480,720575940605890784,20,set_2
720575940618859480,720575940607451081,13,set_2
720575940618859480,720575940608735241,6,set_2
720575940618859480,720575940609405635,9,set_2
720575940618859480,720575940610001220,7,set_2
720575940618859480,720575940610803554,5,set_2
720575940618859480,720575940612558061,5,set_2
720575940618859480,720575940612906518,5,set_2
720575940618859480,720575940613929391,36,set_2
720575940618859480,720575940614465478,6,set_2
720575940618859480,720575940614997910,5,set_2
720575940618859480,720575940616018956,21,set_2
720575940618859480,720575940616848214,5,set_2
720575940618859480,720575940617629841,12,set_2
720575940618859480,720575940617678566,7,set_2
720575940618859480,720575940619176094,5,set_2
720575940618859480,720575940620473547,5,set_2
720575940618859480,720575940622054753,10,set_2
720575940618859480,720575940622624214,9,set_2
720575940618859480,720575940623084170,11,set_2
720575940618859480,720575940623211725,6,set_2
720575940618859480,720575940623476407,81,set_2
720575940618859480,720575940623478115,7,set_2
720575940618859480,720575940624991527,8,set_2
720575940618859480,720575940625047484,12,set_2
720575940618859480,720575940625861660,12,set_2
720575940618859480,720575940626835146,6,set_2
720575940618859480,720575940627182217,14,set_2
720575940618859480,720575940627183290,5,set_2
720575940618859480,720575940627286088,12,set_2
720575940618859480,720575940627812168,28,set_2
720575940618859480,720575940628755815,25,set_2
720575940618859480,720575940628815381,10,set_2
720575940618859480,720575940628869648,6,set_2
720575940618859480,720575940628972048,14,set_2
720575940618859480,720575940629239934,9,set_2
720575940618859480,720575940629378754,9,set_2
720575940618859480,720575940629639550,14,set_2
720575940618859480,720575940630403031,8,set_2
720575940618859480,720575940630579574,78,set_2
720575940618859480,720575940630618680,22,set_2
720575940618859480,720575940630674038,17,set_2
720575940618859480,720575940631406411,23,set_2
720575940618859480,720575940631703608,22,set_2
720575940618859480,720575940631989352,7,set_2
720575940618859480,720575940631994728,14,set_2
720575940618859480,720575940632200749,5,set_2
720575940618859480,720575940632659404,8,set_2
720575940618859480,720575940632936332,16,set_2
720575940618859480,720575940633316563,28,set_2
720575940618859480,720575940634210155,12,set_2
720575940618859480,720575940635211768,5,set_2
720575940618859480,720575940636685454,6,set_2
720575940618859480,720575940637144944,5,set_2
720575940618859480,720575940639285949,6,set_2
720575940618859480,720575940639831459,13,set_2
720575940618859480,720575940640589171,27,set_2
720575940618859480,720575940644542880,22,set_2
720575940618859480,720575940645045527,10,set_2
720575940618859480,720575940647003188,11,set_2
720575940618859480,720575940647474979,6,set_2
720575940618859480,720575940652580086,60,set_2
720575940619011494,720575940622514922,10,set_2
720575940619011494,720575940627607192,16,set_2
720575940619011494,720575940627700554,16,set_2
720575940619011494,720575940633118637,16,set_2
720575940619011494,720575940636247273,40,set_2
720575940619034782,720575940605842400,26,set_2
720575940619034782,720575940607731292,18,set_2
720575940619034782,720575940608348338,10,set_2
720575940619034782,720575940610005828,28,set_2
720575940619034782,720575940610763874,18,set_2
720575940619034782,720575940611298522,14,set_2
720575940619034782,720575940611952810,10,set_2
720575940619034782,720575940612120794,28,set_2
720575940619034782,720575940613858046,10,set_2
720575940619034782,720575940614150567,16,set_2
720575940619034782,720575940614388447,10,set_2
720575940619034782,720575940614483879,68,set_2
720575940619034782,720575940614698658,10,set_2
720575940619034782,720575940614936543,12,set_2
720575940619034782,720575940615770811,18,set_2
720575940619034782,720575940616219222,18,set_2
720575940619034782,720575940619320046,12,set_2
720575940619034782,720575940619596709,10,set_2
720575940619034782,720575940620472235,10,set_2
720575940619034782,720575940621507208,10,set_2
720575940619034782,720575940622107937,26,set_2
720575940619034782,720575940622779519,16,set_2
720575940619034782,720575940624157001,20,set_2
720575940619034782,720575940624247787,74,set_2
720575940619034782,720575940625410622,18,set_2
720575940619034782,720575940625749904,42,set_2
720575940619034782,720575940626394767,10,set_2
720575940619034782,720575940626951434,16,set_2
720575940619034782,720575940628415473,12,set_2
720575940619034782,720575940628810512,12,set_2
720575940619034782,720575940629060986,10,set_2
720575940619034782,720575940630260439,58,set_2
720575940619034782,720575940630510454,24,set_2
720575940619034782,720575940630887737,30,set_2
720575940619034782,720575940632320815,10,set_2
720575940619034782,720575940632379467,14,set_2
720575940619034782,720575940632588748,12,set_2
720575940619034782,720575940634475616,10,set_2
720575940619034782,720575940634975423,14,set_2
720575940619034782,720575940637852590,14,set_2
720575940619034782,720575940651434486,22,set_2
720575940619034782,720575940659760001,10,set_2
720575940619034782,720575940660281217,32,set_2
720575940619111515,720575940612289010,108,set_2
720575940619111515,720575940612952557,54,set_2
720575940619111515,720575940628386295,30,set_2
720575940619111515,720575940635696279,60,set_2
720575940619111515,720575940637936710,36,set_2
720575940619128699,720575940610079957,6,set_2
720575940619128699,720575940611211417,53,set_2
720575940619128699,720575940616162866,6,set_2
720575940619128699,720575940616616861,5,set_2
720575940619128699,720575940616667186,6,set_2
720575940619128699,720575940618788944,14,set_2
720575940619128699,720575940621870349,6,set_2
720575940619128699,720575940621894750,7,set_2
720575940619128699,720575940622466027,5,set_2
720575940619128699,720575940622493260,5,set_2
720575940619128699,720575940623660558,60,set_2
720575940619128699,720575940626075517,5,set_2
720575940619128699,720575940628329546,9,set_2
720575940619128699,720575940628422555,9,set_2
720575940619128699,720575940630893196,70,set_2
720575940619128699,720575940631111983,14,set_2
720575940619128699,720575940632423394,6,set_2
720575940619128699,720575940633165980,8,set_2
720575940619128699,720575940635297911,34,set_2
720575940619128699,720575940637936710,5,set_2
720575940619128699,720575940638419534,72,set_2
720575940619128699,720575940639993819,16,set_2
720575940619128699,720575940643823470,10,set_2
720575940619128699,720575940646156420,19,set_2
720575940619473624,720575940604934502,40,set_2
720575940619473624,720575940610000964,25,set_2
720575940619473624,720575940610054980,60,set_2
720575940619473624,720575940611442296,35,set_2
720575940619473624,720575940611812050,25,set_2
720575940619473624,720575940611988197,155,set_2
720575940619473624,720575940612554393,45,set_2
720575940619473624,720575940613604162,30,set_2
720575940619473624,720575940614965691,55,set_2
720575940619473624,720575940615052812,50,set_2
720575940619473624,720575940615406590,30,set_2
720575940619473624,720575940616018956,315,set_2
720575940619473624,720575940617593233,50,set_2
720575940619473624,720575940617678566,75,set_2
720575940619473624,720575940619176094,165,set_2
720575940619473624,720575940619453831,65,set_2
720575940619473624,720575940620008112,25,set_2
720575940619473624,720575940621119367,60,set_2
720575940619473624,720575940621332092,25,set_2
720575940619473624,720575940621573030,35,set_2
720575940619473624,720575940621667693,25,set_2
720575940619473624,720575940622137633,70,set_2
720575940619473624,720575940623164941,35,set_2
720575940619473624,720575940623210445,40,set_2
720575940619473624,720575940623476407,90,set_2
720575940619473624,720575940624310857,55,set_2
720575940619473624,720575940624623287,25,set_2
720575940619473624,720575940625601594,55,set_2
720575940619473624,720575940625799513,35,set_2
720575940619473624,720575940626375164,45,set_2
720575940619473624,720575940627113544,75,set_2
720575940619473624,720575940627371834,125,set_2
720575940619473624,720575940628598121,80,set_2
720575940619473624,720575940628684023,55,set_2
720575940619473624,720575940628755815,250,set_2
720575940619473624,720575940628815381,30,set_2
720575940619473624,720575940628972048,35,set_2
720575940619473624,720575940630667372,40,set_2
720575940619473624,720575940630991311,35,set_2
720575940619473624,720575940631092943,25,set_2
720575940619473624,720575940631997032,745,set_2
720575940619473624,720575940632118156,50,set_2
720575940619473624,720575940632659404,190,set_2
720575940619473624,720575940634527840,40,set_2
720575940619473624,720575940634645600,105,set_2
720575940619473624,720575940635184735,30,set_2
720575940619473624,720575940635596468,60,set_2
720575940619473624,720575940637656286,30,set_2
720575940619473624,720575940638103349,225,set_2
720575940619473624,720575940638714694,45,set_2
720575940619473624,720575940639756093,95,set_2
720575940619473624,720575940642428045,375,set_2
720575940619473624,720575940655011489,100,set_2
720575940619549867,720575940607152476,92,set_2
720575940619549867,720575940609937476,64,set_2
720575940619549867,720575940610103906,12,set_2
720575940619549867,720575940610606126,384,set_2
720575940619549867,720575940611549902,80,set_2
720575940619549867,720575940612606105,28,set_2
720575940619549867,720575940612772915,14,set_2
720575940619549867,720575940612819763,36,set_2
720575940619549867,720575940613563117,224,set_2
720575940619549867,720575940615063592,64,set_2
720575940619549867,720575940615197747,26,set_2
720575940619549867,720575940615330265,12,set_2
720575940619549867,720575940615879995,86,set_2
720575940619549867,720575940616162866,10,set_2
720575940619549867,720575940616791067,82,set_2
720575940619549867,720575940617151266,16,set_2
720575940619549867,720575940617678566,34,set_2
720575940619549867,720575940617787963,22,set_2
720575940619549867,720575940618156315,12,set_2
720575940619549867,720575940618165019,16,set_2
720575940619549867,720575940620217582,12,set_2
720575940619549867,720575940620528990,14,set_2
720575940619549867,720575940620575579,114,set_2
720575940619549867,720575940620699162,122,set_2
720575940619549867,720575940620885342,12,set_2
720575940619549867,720575940621013640,32,set_2
720575940619549867,720575940621128583,36,set_2
720575940619549867,720575940621894750,118,set_2
720575940619549867,720575940621930710,50,set_2
720575940619549867,720575940622124833,32,set_2
720575940619549867,720575940622406694,12,set_2
720575940619549867,720575940622415948,46,set_2
720575940619549867,720575940622810153,22,set_2
720575940619549867,720575940623148285,26,set_2
720575940619549867,720575940623261675,12,set_2
720575940619549867,720575940623458633,10,set_2
720575940619549867,720575940623525258,10,set_2
720575940619549867,720575940623609895,10,set_2
720575940619549867,720575940623654804,22,set_2
720575940619549867,720575940625173006,30,set_2
720575940619549867,720575940625507870,14,set_2
720575940619549867,720575940626557186,208,set_2
720575940619549867,720575940626705497,16,set_2
720575940619549867,720575940627040549,18,set_2
720575940619549867,720575940627047400,14,set_2
720575940619549867,720575940627210502,14,set_2
720575940619549867,720575940627219272,46,set_2
720575940619549867,720575940627419962,24,set_2
720575940619549867,720575940627828296,36,set_2
720575940619549867,720575940628095593,84,set_2
720575940619549867,720575940628668009,50,set_2
720575940619549867,720575940628973827,222,set_2
720575940619549867,720575940629111490,50,set_2
720575940619549867,720575940629677417,66,set_2
720575940619549867,720575940629972215,118,set_2
720575940619549867,720575940630470391,10,set_2
720575940619549867,720575940630506344,30,set_2
720575940619549867,720575940630597177,82,set_2
720575940619549867,720575940630734393,12,set_2
720575940619549867,720575940631205580,72,set_2
720575940619549867,720575940633639063,30,set_2
720575940619549867,720575940633660314,20,set_2
720575940619549867,720575940634667234,14,set_2
720575940619549867,720575940635005303,26,set_2
720575940619549867,720575940635202155,46,set_2
720575940619549867,720575940635212143,10,set_2
720575940619549867,720575940635297911,36,set_2
720575940619549867,720575940635739504,68,set_2
720575940619549867,720575940635751269,18,set_2
720575940619549867,720575940636165624,18,set_2
720575940619549867,720575940637936710,14,set_2
720575940619549867,720575940638054197,10,set_2
720575940619549867,720575940639756093,42,set_2
720575940619549867,720575940639769715,10,set_2
720575940619549867,720575940644464544,16,set_2
720575940619549867,720575940644672548,26,set_2
720575940619549867,720575940645527918,44,set_2
720575940619601428,720575940611549902,82,set_2
720575940619601428,720575940612554393,12,set_2
720575940619601428,720575940620521350,11,set_2
720575940619601428,720575940623476407,22,set_2
720575940619601428,720575940626835146,10,set_2
720575940619601428,720575940626968216,5,set_2
720575940619601428,720575940627182217,13,set_2
720575940619601428,720575940627371834,17,set_2
720575940619601428,720575940628802069,11,set_2
720575940619601428,720575940630665210,18,set_2
720575940619601428,720575940631997032,5,set_2
720575940619601428,720575940634527840,7,set_2
720575940619601428,720575940635596468,7,set_2
720575940619601428,720575940639785379,5,set_2
720575940619601428,720575940652580086,12,set_2
720575940619658576,720575940605707710,5,set_2
720575940619658576,720575940605890784,9,set_2
720575940619658576,720575940607386290,12,set_2
720575940619658576,720575940607387314,38,set_2
720575940619658576,720575940609133269,11,set_2
720575940619658576,720575940609521250,8,set_2
720575940619658576,720575940610584945,42,set_2
720575940619658576,720575940611160930,10,set_2
720575940619658576,720575940612235747,9,set_2
720575940619658576,720575940612558061,16,set_2
720575940619658576,720575940612906518,14,set_2
720575940619658576,720575940617373268,7,set_2
720575940619658576,720575940617494877,11,set_2
720575940619658576,720575940620633947,29,set_2
720575940619658576,720575940622391337,48,set_2
720575940619658576,720575940623164941,9,set_2
720575940619658576,720575940623314312,55,set_2
720575940619658576,720575940624310857,6,set_2
720575940619658576,720575940625047484,5,set_2
720575940619658576,720575940626557442,25,set_2
720575940619658576,720575940626625813,58,set_2
720575940619658576,720575940626968216,66,set_2
720575940619658576,720575940627083294,15,set_2
720575940619658576,720575940628029180,53,set_2
720575940619658576,720575940628598121,8,set_2
720575940619658576,720575940628802069,6,set_2
720575940619658576,720575940628995331,25,set_2
720575940619658576,720575940629421415,49,set_2
720575940619658576,720575940629773276,6,set_2
720575940619658576,720575940631179831,6,set_2
720575940619658576,720575940632118156,8,set_2
720575940619658576,720575940632839763,6,set_2
720575940619658576,720575940633218444,44,set_2
720575940619658576,720575940633277209,6,set_2
720575940619658576,720575940633813940,8,set_2
720575940619658576,720575940634210155,34,set_2
720575940619658576,720575940634301852,39,set_2
720575940619658576,720575940634900855,63,set_2
720575940619658576,720575940635166571,40,set_2
720575940619658576,720575940635527322,7,set_2
720575940619658576,720575940636675214,13,set_2
720575940619658576,720575940637656286,8,set_2
720575940619658576,720575940639285949,23,set_2
720575940619658576,720575940645495587,18,set_2
720575940619658576,720575940647030324,43,set_2
720575940619658576,720575940648864633,10,set_2
720575940619658576,720575940652580086,26,set_2
720575940619695750,720575940615606634,12,set_2
720575940619695750,720575940616318045,12,set_2
720575940619695750,720575940643293837,14,set_2
720575940619741104,720575940607071106,24,set_2
720575940619741104,720575940610054980,28,set_2
720575940619741104,720575940611858906,10,set_2
720575940619741104,720575940612261603,44,set_2
720575940619741104,720575940612277090,20,set_2
720575940619741104,720575940612319155,10,set_2
720575940619741104,720575940612339123,10,set_2
720575940619741104,720575940614604962,12,set_2
720575940619741104,720575940614736290,14,set_2
720575940619741104,720575940614763666,58,set_2
720575940619741104,720575940617494877,24,set_2
720575940619741104,720575940619310757,10,set_2
720575940619741104,720575940619866059,10,set_2
720575940619741104,720575940620550534,12,set_2
720575940619741104,720575940620633070,10,set_2
720575940619741104,720575940621771041,10,set_2
720575940619741104,720575940621827419,56,set_2
720575940619741104,720575940622695448,50,set_2
720575940619741104,720575940622931976,16,set_2
720575940619741104,720575940623476407,28,set_2
720575940619741104,720575940624600840,14,set_2
720575940619741104,720575940624988455,52,set_2
720575940619741104,720575940625705930,28,set_2
720575940619741104,720575940627182217,22,set_2
720575940619741104,720575940627812168,16,set_2
720575940619741104,720575940628784066,10,set_2
720575940619741104,720575940628802069,16,set_2
720575940619741104,720575940628825210,18,set_2
720575940619741104,720575940628995331,28,set_2
720575940619741104,720575940629422183,68,set_2
720575940619741104,720575940629822842,36,set_2
720575940619741104,720575940630991311,12,set_2
720575940619741104,720575940631065144,10,set_2
720575940619741104,720575940631092943,22,set_2
720575940619741104,720575940631314908,22,set_2
720575940619741104,720575940631923304,10,set_2
720575940619741104,720575940631997032,12,set_2
720575940619741104,720575940632365905,12,set_2
720575940619741104,720575940633277209,60,set_2
720575940619741104,720575940634085983,10,set_2
720575940619741104,720575940636675214,24,set_2
720575940619741104,720575940637656286,22,set_2
720575940619741104,720575940647606148,24,set_2
720575940619741104,720575940655011489,10,set_2
720575940619741104,720575940660313729,28,set_2
720575940619781814,720575940609913042,245,set_2
720575940619781814,720575940610981362,200,set_2
720575940619781814,720575940619928929,40,set_2
720575940619781814,720575940627454569,205,set_2
720575940619781814,720575940637130985,100,set_2
720575940619781814,720575940640601563,210,set_2
720575940619781814,720575940658442625,200,set_2
720575940619847371,720575940609939780,96,set_2
720575940619847371,720575940612906518,15,set_2
720575940619847371,720575940614763666,123,set_2
720575940619847371,720575940616018956,36,set_2
720575940619847371,720575940623210445,78,set_2
720575940619847371,720575940625047484,117,set_2
720575940619847371,720575940627814728,30,set_2
720575940619847371,720575940628095593,18,set_2
720575940619847371,720575940628802069,15,set_2
720575940619847371,720575940628972048,15,set_2
720575940619847371,720575940629398466,45,set_2
720575940619847371,720575940630579574,21,set_2
720575940619847371,720575940631703608,117,set_2
720575940619847371,720575940640589171,27,set_2
720575940619847371,720575940652580086,39,set_2
720575940619900507,720575940609913042,48,set_2
720575940619900507,720575940611211417,54,set_2
720575940619900507,720575940617121819,186,set_2
720575940619900507,720575940618788944,198,set_2
720575940619900507,720575940621689880,48,set_2
720575940619900507,720575940623660558,48,set_2
720575940619900507,720575940623834300,222,set_2
720575940619900507,720575940625031610,156,set_2
720575940619900507,720575940625175310,30,set_2
720575940619900507,720575940626983952,198,set_2
720575940619900507,720575940627454569,60,set_2
720575940619900507,720575940628131778,36,set_2
720575940619900507,720575940631111983,78,set_2
720575940619900507,720575940633165980,168,set_2
720575940619900507,720575940634887054,30,set_2
720575940619900507,720575940635297911,144,set_2
720575940619900507,720575940639993819,48,set_2
720575940619900507,720575940643823470,42,set_2
720575940619900507,720575940646156420,54,set_2
720575940619900507,720575940649812857,42,set_2
720575940619900507,720575940658442625,42,set_2
720575940619973712,720575940607162754,151,set_2
720575940619973712,720575940607377586,8,set_2
720575940619973712,720575940609423299,44,set_2
720575940619973712,720575940611167842,43,set_2
720575940619973712,720575940612438514,7,set_2
720575940619973712,720575940614736290,7,set_2
720575940619973712,720575940615500030,6,set_2
720575940619973712,720575940615672130,36,set_2
720575940619973712,720575940615970015,8,set_2
720575940619973712,720575940616014092,5,set_2
720575940619973712,720575940616194610,12,set_2
720575940619973712,720575940616848214,84,set_2
720575940619973712,720575940617393625,13,set_2
720575940619973712,720575940617787963,5,set_2
720575940619973712,720575940618472261,9,set_2
720575940619973712,720575940618514043,5,set_2
720575940619973712,720575940618539810,12,set_2
720575940619973712,720575940619016059,30,set_2
720575940619973712,720575940619058334,10,set_2
720575940619973712,720575940620156209,32,set_2
720575940619973712,720575940620353300,10,set_2
720575940619973712,720575940620982437,14,set_2
720575940619973712,720575940622054753,15,set_2
720575940619973712,720575940623209165,7,set_2
720575940619973712,720575940623379750,30,set_2
720575940619973712,720575940623676394,88,set_2
720575940619973712,720575940623918121,22,set_2
720575940619973712,720575940624986300,28,set_2
720575940619973712,720575940624987175,5,set_2
720575940619973712,720575940625164176,44,set_2
720575940619973712,720575940626780222,15,set_2
720575940619973712,720575940627107721,27,set_2
720575940619973712,720575940627418387,9,set_2
720575940619973712,720575940627429907,18,set_2
720575940619973712,720575940627739023,90,set_2
720575940619973712,720575940629377218,15,set_2
720575940619973712,720575940630232380,22,set_2
720575940619973712,720575940630233404,11,set_2
720575940619973712,720575940630691958,147,set_2
720575940619973712,720575940630991311,9,set_2
720575940619973712,720575940631092943,9,set_2
720575940619973712,720575940631108303,6,set_2
720575940619973712,720575940631280721,6,set_2
720575940619973712,720575940631328763,14,set_2
720575940619973712,720575940632305711,8,set_2
720575940619973712,720575940632486969,81,set_2
720575940619973712,720575940635527322,29,set_2
720575940619973712,720575940635596212,24,set_2
720575940619973712,720575940636649061,17,set_2
720575940619973712,720575940638024794,74,set_2
720575940619973712,720575940639787683,5,set_2
720575940619973712,720575940639831459,10,set_2
720575940619973712,720575940639994456,138,set_2
720575940619973712,720575940641648091,45,set_2
720575940619973712,720575940641655949,6,set_2
720575940619973712,720575940642884000,5,set_2
720575940619973712,720575940643867296,43,set_2
720575940619973712,720575940644726432,8,set_2
720575940619973712,720575940648188548,11,set_2
720575940619990357,720575940609913042,15,set_2
720575940619990357,720575940616616861,18,set_2
720575940619990357,720575940618788944,18,set_2
720575940619990357,720575940620670657,18,set_2
720575940619990357,720575940626014218,15,set_2
720575940620017261,720575940607345586,13,set_2
720575940620017261,720575940623697898,7,set_2
720575940620017261,720575940627234069,7,set_2
720575940620017261,720575940639634304,9,set_2
720575940620031366,720575940608735241,16,set_2
720575940620031366,720575940609407939,33,set_2
720575940620031366,720575940610232274,13,set_2
720575940620031366,720575940610956334,6,set_2
720575940620031366,720575940611442296,74,set_2
720575940620031366,720575940611849826,39,set_2
720575940620031366,720575940612208858,5,set_2
720575940620031366,720575940613929391,20,set_2
720575940620031366,720575940615292895,47,set_2
720575940620031366,720575940615598849,16,set_2
720575940620031366,720575940615740834,10,set_2
720575940620031366,720575940616127931,5,set_2
720575940620031366,720575940618696989,9,set_2
720575940620031366,720575940619530187,11,set_2
720575940620031366,720575940619682368,13,set_2
720575940620031366,720575940621833281,9,set_2
720575940620031366,720575940622357965,6,set_2
720575940620031366,720575940622624214,10,set_2
720575940620031366,720575940622695448,5,set_2
720575940620031366,720575940622921827,5,set_2
720575940620031366,720575940623476407,5,set_2
720575940620031366,720575940623663084,64,set_2
720575940620031366,720575940625167886,17,set_2
720575940620031366,720575940625737776,11,set_2
720575940620031366,720575940627113544,13,set_2
720575940620031366,720575940627410451,5,set_2
720575940620031366,720575940627812168,12,set_2
720575940620031366,720575940627847752,56,set_2
720575940620031366,720575940628815381,19,set_2
720575940620031366,720575940628885160,34,set_2
720575940620031366,720575940628972048,17,set_2
720575940620031366,720575940628975107,6,set_2
720575940620031366,720575940629792060,8,set_2
720575940620031366,720575940629861163,8,set_2
720575940620031366,720575940629987587,10,set_2
720575940620031366,720575940630461660,9,set_2
720575940620031366,720575940630670454,6,set_2
720575940620031366,720575940631412778,7,set_2
720575940620031366,720575940631742381,8,set_2
720575940620031366,720575940633316563,11,set_2
720575940620031366,720575940634900855,9,set_2
720575940620031366,720575940635574958,33,set_2
720575940620031366,720575940637013349,5,set_2
720575940620031366,720575940638103349,8,set_2
720575940620031366,720575940639785379,5,set_2
720575940620031366,720575940647606148,7,set_2
720575940620031366,720575940648180868,6,set_2
720575940620031366,720575940649829241,5,set_2
720575940620031366,720575940655011489,16,set_2
720575940620031366,720575940655014049,9,set_2
720575940620038433,720575940612490958,22,set_2
720575940620038433,720575940614466983,10,set_2
720575940620038433,720575940617611921,12,set_2
720575940620038433,720575940619646037,10,set_2
720575940620038433,720575940621114177,10,set_2
720575940620038433,720575940622040419,18,set_2
720575940620038433,720575940627389895,10,set_2
720575940620038433,720575940627604674,14,set_2
720575940620038433,720575940627921182,14,set_2
720575940620038433,720575940631188876,10,set_2
720575940620038433,720575940647473796,36,set_2
720575940620061793,720575940612261603,5,set_2
720575940620061793,720575940612478383,6,set_2
720575940620061793,720575940613170385,10,set_2
720575940620061793,720575940617755220,15,set_2
720575940620061793,720575940618936710,48,set_2
720575940620061793,720575940620156209,6,set_2
720575940620061793,720575940620672432,5,set_2
720575940620061793,720575940621827419,6,set_2
720575940620061793,720575940630665210,6,set_2
720575940620061793,720575940631309866,120,set_2
720575940620061793,720575940633639063,6,set_2
720575940620061793,720575940636805958,12,set_2
720575940620129182,720575940607162754,60,set_2
720575940620129182,720575940607273906,12,set_2
720575940620129182,720575940609133269,52,set_2
720575940620129182,720575940610000964,44,set_2
720575940620129182,720575940610173048,18,set_2
720575940620129182,720575940616298171,24,set_2
720575940620129182,720575940616667186,10,set_2
720575940620129182,720575940618165787,28,set_2
720575940620129182,720575940618166811,144,set_2
720575940620129182,720575940618514043,10,set_2
720575940620129182,720575940619042427,40,set_2
720575940620129182,720575940619048315,12,set_2
720575940620129182,720575940619058334,50,set_2
720575940620129182,720575940619530187,12,set_2
720575940620129182,720575940620353300,124,set_2
720575940620129182,720575940622054753,14,set_2
720575940620129182,720575940622195625,64,set_2
720575940620129182,720575940622493260,106,set_2
720575940620129182,720575940622810153,14,set_2
720575940620129182,720575940623164685,50,set_2
720575940620129182,720575940623381286,36,set_2
720575940620129182,720575940623535044,12,set_2
720575940620129182,720575940624600840,174,set_2
720575940620129182,720575940625408333,18,set_2
720575940620129182,720575940626229849,10,set_2
720575940620129182,720575940626780222,14,set_2
720575940620129182,720575940626960536,190,set_2
720575940620129182,720575940627107721,74,set_2
720575940620129182,720575940628070419,18,set_2
720575940620129182,720575940628815381,12,set_2
720575940620129182,720575940629013199,34,set_2
720575940620129182,720575940629377218,18,set_2
720575940620129182,720575940629792060,10,set_2
720575940620129182,720575940629861163,14,set_2
720575940620129182,720575940630461660,18,set_2
720575940620129182,720575940630665210,22,set_2
720575940620129182,720575940630670890,12,set_2
720575940620129182,720575940630691958,118,set_2
720575940620129182,720575940630980559,10,set_2
720575940620129182,720575940631328763,56,set_2
720575940620129182,720575940631742381,12,set_2
720575940620129182,720575940632486969,34,set_2
720575940620129182,720575940636574388,10,set_2
720575940620129182,720575940638103349,18,set_2
720575940620129182,720575940639512192,10,set_2
720575940620129182,720575940639831459,16,set_2
720575940620129182,720575940642428045,22,set_2
720575940620129182,720575940651736566,18,set_2
720575940620170887,720575940605890784,14,set_2
720575940620170887,720575940608475331,11,set_2
720575940620170887,720575940609133269,22,set_2
720575940620170887,720575940610054980,40,set_2
720575940620170887,720575940610594766,11,set_2
720575940620170887,720575940611549902,13,set_2
720575940620170887,720575940612235747,9,set_2
720575940620170887,720575940612289010,27,set_2
720575940620170887,720575940612606105,11,set_2
720575940620170887,720575940612952557,64,set_2
720575940620170887,720575940614965691,9,set_2
720575940620170887,720575940615063592,6,set_2
720575940620170887,720575940615197747,6,set_2
720575940620170887,720575940616018956,15,set_2
720575940620170887,720575940617151266,8,set_2
720575940620170887,720575940617476379,5,set_2
720575940620170887,720575940617494877,64,set_2
720575940620170887,720575940618165787,5,set_2
720575940620170887,720575940618472261,29,set_2
720575940620170887,720575940619114048,6,set_2
720575940620170887,720575940620274085,16,set_2
720575940620170887,720575940620335269,54,set_2
720575940620170887,720575940620633947,6,set_2
720575940620170887,720575940621573030,8,set_2
720575940620170887,720575940622137633,10,set_2
720575940620170887,720575940622834411,5,set_2
720575940620170887,720575940623039838,6,set_2
720575940620170887,720575940623056422,15,set_2
720575940620170887,720575940623209165,77,set_2
720575940620170887,720575940623314312,9,set_2
720575940620170887,720575940623535044,10,set_2
720575940620170887,720575940623988733,8,set_2
720575940620170887,720575940624023188,8,set_2
720575940620170887,720575940624528068,7,set_2
720575940620170887,720575940624882407,6,set_2
720575940620170887,720575940624906483,6,set_2
720575940620170887,720575940625045180,77,set_2
720575940620170887,720575940625874992,174,set_2
720575940620170887,720575940626163658,18,set_2
720575940620170887,720575940626197593,7,set_2
720575940620170887,720575940626705497,5,set_2
720575940620170887,720575940626798736,14,set_2
720575940620170887,720575940626968216,34,set_2
720575940620170887,720575940627062088,11,set_2
720575940620170887,720575940627828296,6,set_2
720575940620170887,720575940628095593,60,set_2
720575940620170887,720575940628096586,24,set_2
720575940620170887,720575940628598121,10,set_2
720575940620170887,720575940628676457,43,set_2
720575940620170887,720575940628973827,59,set_2
720575940620170887,720575940628995331,17,set_2
720575940620170887,720575940629778554,93,set_2
720575940620170887,720575940629865319,6,set_2
720575940620170887,720575940630654539,9,set_2
720575940620170887,720575940630868793,15,set_2
720575940620170887,720575940631179831,47,set_2
720575940620170887,720575940631918649,9,set_2
720575940620170887,720575940632028216,5,set_2
720575940620170887,720575940633277209,17,set_2
720575940620170887,720575940633772257,6,set_2
720575940620170887,720575940634659508,5,set_2
720575940620170887,720575940634900855,5,set_2
720575940620170887,720575940635297911,9,set_2
720575940620170887,720575940635360924,28,set_2
720575940620170887,720575940635696279,41,set_2
720575940620170887,720575940636165624,45,set_2
720575940620170887,720575940637578853,8,set_2
720575940620170887,720575940637656286,54,set_2
720575940620170887,720575940639831459,5,set_2
720575940620170887,720575940645527918,26,set_2
720575940620170887,720575940646274670,16,set_2
720575940620170887,720575940648864633,6,set_2
720575940620262465,720575940607386290,10,set_2
720575940620262465,720575940609521250,20,set_2
720575940620262465,720575940610584945,26,set_2
720575940620262465,720575940610615013,12,set_2
720575940620262465,720575940610847973,70,set_2
720575940620262465,720575940610986006,14,set_2
720575940620262465,720575940611160930,82,set_2
720575940620262465,720575940611164770,28,set_2
720575940620262465,720575940611812050,22,set_2
720575940620262465,720575940612235747,16,set_2
720575940620262465,720575940612339123,10,set_2
720575940620262465,720575940612599193,18,set_2
720575940620262465,720575940615406590,18,set_2
720575940620262465,720575940616200790,34,set_2
720575940620262465,720575940617648453,16,set_2
720575940620262465,720575940619176094,10,set_2
720575940620262465,720575940620217582,14,set_2
720575940620262465,720575940621150191,212,set_2
720575940620262465,720575940621910399,28,set_2
720575940620262465,720575940622391337,36,set_2
720575940620262465,720575940623164941,36,set_2
720575940620262465,720575940623314312,110,set_2
720575940620262465,720575940623373606,68,set_2
720575940620262465,720575940623377596,60,set_2
720575940620262465,720575940623847181,70,set_2
720575940620262465,720575940624310857,72,set_2
720575940620262465,720575940624607076,10,set_2
720575940620262465,720575940624950078,64,set_2
720575940620262465,720575940625334349,18,set_2
720575940620262465,720575940626557442,66,set_2
720575940620262465,720575940626625813,26,set_2
720575940620262465,720575940626798736,14,set_2
720575940620262465,720575940626856344,72,set_2
720575940620262465,720575940627182217,20,set_2
720575940620262465,720575940627404858,16,set_2
720575940620262465,720575940628174848,12,set_2
720575940620262465,720575940628787016,80,set_2
720575940620262465,720575940628953595,12,set_2
720575940620262465,720575940629717370,10,set_2
720575940620262465,720575940630461404,52,set_2
720575940620262465,720575940630461660,20,set_2
720575940620262465,720575940633373651,10,set_2
720575940620262465,720575940633813940,24,set_2
720575940620262465,720575940634900855,10,set_2
720575940620262465,720575940635166571,54,set_2
720575940620262465,720575940637656286,12,set_2
720575940620262465,720575940638001498,10,set_2
720575940620262465,720575940639831459,10,set_2
720575940620262465,720575940644672548,12,set_2
720575940620262465,720575940645495587,50,set_2
720575940620262465,720575940647030324,62,set_2
720575940620262465,720575940648864633,72,set_2
720575940620292116,720575940605890784,18,set_2
720575940620292116,720575940610000964,72,set_2
720575940620292116,720575940611548878,28,set_2
720575940620292116,720575940611549902,54,set_2
720575940620292116,720575940612470755,34,set_2
720575940620292116,720575940617298747,30,set_2
720575940620292116,720575940617494877,54,set_2
720575940620292116,720575940617678566,242,set_2
720575940620292116,720575940617787963,104,set_2
720575940620292116,720575940620627035,156,set_2
720575940620292116,720575940621538142,22,set_2
720575940620292116,720575940621833281,226,set_2
720575940620292116,720575940622452715,12,set_2
720575940620292116,720575940622493260,20,set_2
720575940620292116,720575940623352063,14,set_2
720575940620292116,720575940623381286,38,set_2
720575940620292116,720575940623654804,26,set_2
720575940620292116,720575940625376442,12,set_2
720575940620292116,720575940626075517,50,set_2
720575940620292116,720575940626163658,10,set_2
720575940620292116,720575940627086594,10,set_2
720575940620292116,720575940627419962,34,set_2
720575940620292116,720575940627828296,24,set_2
720575940620292116,720575940628668009,34,set_2
720575940620292116,720575940628995331,48,set_2
720575940620292116,720575940629677417,12,set_2
720575940620292116,720575940630865724,10,set_2
720575940620292116,720575940631092943,48,set_2
720575940620292116,720575940631108303,22,set_2
720575940620292116,720575940631280721,28,set_2
720575940620292116,720575940631939432,16,set_2
720575940620292116,720575940631989352,28,set_2
720575940620292116,720575940631994728,10,set_2
720575940620292116,720575940632134227,82,set_2
720575940620292116,720575940632281927,14,set_2
720575940620292116,720575940632640287,20,set_2
720575940620292116,720575940635202155,10,set_2
720575940620292116,720575940637360730,146,set_2
720575940620292116,720575940637656286,56,set_2
720575940620292116,720575940638719807,10,set_2
720575940620292116,720575940641655949,28,set_2
720575940620292116,720575940642428045,88,set_2
720575940620292116,720575940647036980,66,set_2
720575940620359956,720575940607162754,798,set_2
720575940620359956,720575940608451420,108,set_2
720575940620359956,720575940609423299,282,set_2
720575940620359956,720575940610679876,42,set_2
720575940620359956,720575940611167842,66,set_2
720575940620359956,720575940612337331,30,set_2
720575940620359956,720575940614642838,54,set_2
720575940620359956,720575940614736290,66,set_2
720575940620359956,720575940615672130,126,set_2
720575940620359956,720575940615970015,114,set_2
720575940620359956,720575940616194610,84,set_2
720575940620359956,720575940616848214,582,set_2
720575940620359956,720575940617031385,42,set_2
720575940620359956,720575940617393625,78,set_2
720575940620359956,720575940617678566,270,set_2
720575940620359956,720575940617787963,270,set_2
720575940620359956,720575940618514043,30,set_2
720575940620359956,720575940619016059,126,set_2
720575940620359956,720575940619058334,54,set_2
720575940620359956,720575940619155264,60,set_2
720575940620359956,720575940620156209,60,set_2
720575940620359956,720575940620353300,108,set_2
720575940620359956,720575940621150191,48,set_2
720575940620359956,720575940622054753,60,set_2
720575940620359956,720575940622154266,84,set_2
720575940620359956,720575940622632084,42,set_2
720575940620359956,720575940623379750,192,set_2
720575940620359956,720575940623525258,126,set_2
720575940620359956,720575940623676394,132,set_2
720575940620359956,720575940623918121,366,set_2
720575940620359956,720575940624756297,96,set_2
720575940620359956,720575940624986300,378,set_2
720575940620359956,720575940625164176,36,set_2
720575940620359956,720575940626672058,60,set_2
720575940620359956,720575940626780222,60,set_2
720575940620359956,720575940626960536,60,set_2
720575940620359956,720575940627107721,444,set_2
720575940620359956,720575940627418387,162,set_2
720575940620359956,720575940627429907,204,set_2
720575940620359956,720575940627739023,540,set_2
720575940620359956,720575940628378440,30,set_2
720575940620359956,720575940628815381,102,set_2
720575940620359956,720575940628998659,198,set_2
720575940620359956,720575940629377218,60,set_2
720575940620359956,720575940629822842,144,set_2
720575940620359956,720575940630232380,66,set_2
720575940620359956,720575940630691958,1086,set_2
720575940620359956,720575940630991311,30,set_2
720575940620359956,720575940631092943,174,set_2
720575940620359956,720575940631293202,102,set_2
720575940620359956,720575940631328763,84,set_2
720575940620359956,720575940632029496,108,set_2
720575940620359956,720575940632134227,180,set_2
720575940620359956,720575940632486969,858,set_2
720575940620359956,720575940632659404,36,set_2
720575940620359956,720575940632960813,48,set_2
720575940620359956,720575940634825623,30,set_2
720575940620359956,720575940635527322,162,set_2
720575940620359956,720575940636649061,168,set_2
720575940620359956,720575940636685454,72,set_2
720575940620359956,720575940637144944,186,set_2
720575940620359956,720575940637360730,168,set_2
720575940620359956,720575940637530084,30,set_2
720575940620359956,720575940638024794,516,set_2
720575940620359956,720575940639831459,42,set_2
720575940620359956,720575940639994456,660,set_2
720575940620359956,720575940641648091,222,set_2
720575940620359956,720575940642884000,126,set_2
720575940620359956,720575940643867296,222,set_2
720575940620359956,720575940645697828,198,set_2
720575940620359956,720575940647560500,78,set_2
720575940620359956,720575940648188548,186,set_2
720575940620359956,720575940660233601,48,set_2
720575940620445062,720575940602815200,39,set_2
720575940620445062,720575940604908972,30,set_2
720575940620445062,720575940606182758,102,set_2
720575940620445062,720575940606947970,78,set_2
720575940620445062,720575940607038386,24,set_2
720575940620445062,720575940607040881,21,set_2
720575940620445062,720575940608537027,81,set_2
720575940620445062,720575940610469422,48,set_2
720575940620445062,720575940610491694,33,set_2
720575940620445062,720575940610537170,15,set_2
720575940620445062,720575940610983321,57,set_2
720575940620445062,720575940611646962,45,set_2
720575940620445062,720575940611767189,39,set_2
720575940620445062,720575940612154482,33,set_2
720575940620445062,720575940612498346,54,set_2
720575940620445062,720575940612796438,36,set_2
720575940620445062,720575940612894578,93,set_2
720575940620445062,720575940613224446,51,set_2
720575940620445062,720575940613493485,78,set_2
720575940620445062,720575940613646565,15,set_2
720575940620445062,720575940614467751,147,set_2
720575940620445062,720575940614489511,18,set_2
720575940620445062,720575940614557586,39,set_2
720575940620445062,720575940614796354,48,set_2
720575940620445062,720575940614921670,45,set_2
720575940620445062,720575940615490814,66,set_2
720575940620445062,720575940615823666,48,set_2
720575940620445062,720575940615906316,15,set_2
720575940620445062,720575940615977522,24,set_2
720575940620445062,720575940616121501,33,set_2
720575940620445062,720575940616295069,39,set_2
720575940620445062,720575940616605579,18,set_2
720575940620445062,720575940616673366,204,set_2
720575940620445062,720575940616906909,15,set_2
720575940620445062,720575940616941969,18,set_2
720575940620445062,720575940617289689,57,set_2
720575940620445062,720575940617363156,57,set_2
720575940620445062,720575940617480934,48,set_2
720575940620445062,720575940618130833,15,set_2
720575940620445062,720575940618775892,21,set_2
720575940620445062,720575940618868273,42,set_2
720575940620445062,720575940619343952,84,set_2
720575940620445062,720575940619917653,15,set_2
720575940620445062,720575940620125563,42,set_2
720575940620445062,720575940620177275,27,set_2
720575940620445062,720575940620441024,78,set_2
720575940620445062,720575940620633070,186,set_2
720575940620445062,720575940620717551,21,set_2
720575940620445062,720575940621009505,15,set_2
720575940620445062,720575940621014881,33,set_2
720575940620445062,720575940621088438,60,set_2
720575940620445062,720575940622006506,21,set_2
720575940620445062,720575940622015612,36,set_2
720575940620445062,720575940622232458,30,set_2
720575940620445062,720575940622541005,90,set_2
720575940620445062,720575940622652365,33,set_2
720575940620445062,720575940622869799,66,set_2
720575940620445062,720575940623165636,39,set_2
720575940620445062,720575940623449015,99,set_2
720575940620445062,720575940623730509,51,set_2
720575940620445062,720575940623786376,15,set_2
720575940620445062,720575940623875819,24,set_2
720575940620445062,720575940624221773,30,set_2
720575940620445062,720575940624243982,72,set_2
720575940620445062,720575940624247787,321,set_2
720575940620445062,720575940624695629,18,set_2
720575940620445062,720575940624713660,42,set_2
720575940620445062,720575940624775975,42,set_2
720575940620445062,720575940625781009,57,set_2
720575940620445062,720575940626003642,15,set_2
720575940620445062,720575940626091722,24,set_2
720575940620445062,720575940626571602,72,set_2
720575940620445062,720575940626591619,27,set_2
720575940620445062,720575940626804632,72,set_2
720575940620445062,720575940627046693,21,set_2
720575940620445062,720575940627228090,15,set_2
720575940620445062,720575940627548432,39,set_2
720575940620445062,720575940627582724,291,set_2
720575940620445062,720575940627679765,330,set_2
720575940620445062,720575940627709583,48,set_2
720575940620445062,720575940628436282,72,set_2
720575940620445062,720575940628442385,18,set_2
720575940620445062,720575940628478736,534,set_2
720575940620445062,720575940629002716,21,set_2
720575940620445062,720575940629127936,63,set_2
720575940620445062,720575940629412170,51,set_2
720575940620445062,720575940629509948,48,set_2
720575940620445062,720575940629572623,27,set_2
720575940620445062,720575940629914732,24,set_2
720575940620445062,720575940630067968,42,set_2
720575940620445062,720575940630313324,30,set_2
720575940620445062,720575940630347628,252,set_2
720575940620445062,720575940630799042,294,set_2
720575940620445062,720575940630957765,60,set_2
720575940620445062,720575940631154380,27,set_2
720575940620445062,720575940631243279,144,set_2
720575940620445062,720575940631270162,81,set_2
720575940620445062,720575940631293740,24,set_2
720575940620445062,720575940631451897,24,set_2
720575940620445062,720575940631555128,72,set_2
720575940620445062,720575940631678289,30,set_2
720575940620445062,720575940631880279,105,set_2
720575940620445062,720575940632171857,45,set_2
720575940620445062,720575940632530207,15,set_2
720575940620445062,720575940633356883,117,set_2
720575940620445062,720575940634455403,27,set_2
720575940620445062,720575940634819167,90,set_2
720575940620445062,720575940635510196,60,set_2
720575940620445062,720575940636023438,42,set_2
720575940620445062,720575940637508917,24,set_2
720575940620445062,720575940638149744,111,set_2
720575940620445062,720575940638691200,60,set_2
720575940620445062,720575940639071716,21,set_2
720575940620445062,720575940639191017,270,set_2
720575940620445062,720575940639274147,21,set_2
720575940620445062,720575940639301027,90,set_2
720575940620445062,720575940639309390,36,set_2
720575940620445062,720575940639693373,45,set_2
720575940620445062,720575940639891288,24,set_2
720575940620445062,720575940640125312,30,set_2
720575940620445062,720575940643941832,48,set_2
720575940620445062,720575940644361508,69,set_2
720575940620445062,720575940645544068,72,set_2
720575940620445062,720575940645682211,45,set_2
720575940620445062,720575940646386308,42,set_2
720575940620445062,720575940647214724,30,set_2
720575940620445062,720575940649692281,45,set_2
720575940620445062,720575940652993953,42,set_2
720575940620445062,720575940657858433,18,set_2
720575940620445062,720575940659857025,30,set_2
720575940620451866,720575940609922372,60,set_2
720575940620451866,720575940628885160,21,set_2
720575940620451866,720575940639512192,30,set_2
720575940620467115,720575940606298754,25,set_2
720575940620467115,720575940609646126,80,set_2
720575940620467115,720575940611546794,30,set_2
720575940620467115,720575940613983794,25,set_2
720575940620467115,720575940614245526,50,set_2
720575940620467115,720575940615505979,55,set_2
720575940620467115,720575940615607308,35,set_2
720575940620467115,720575940616567636,50,set_2
720575940620467115,720575940616882757,25,set_2
720575940620467115,720575940618842351,45,set_2
720575940620467115,720575940619134789,35,set_2
720575940620467115,720575940619767899,25,set_2
720575940620467115,720575940621136519,25,set_2
720575940620467115,720575940621163277,75,set_2
720575940620467115,720575940622101281,25,set_2
720575940620467115,720575940622182669,55,set_2
720575940620467115,720575940622431049,30,set_2
720575940620467115,720575940623142536,25,set_2
720575940620467115,720575940625947594,40,set_2
720575940620467115,720575940626024124,35,set_2
720575940620467115,720575940626527818,30,set_2
720575940620467115,720575940626623754,25,set_2
720575940620467115,720575940626661139,25,set_2
720575940620467115,720575940627384049,60,set_2
720575940620467115,720575940628260106,35,set_2
720575940620467115,720575940628407852,65,set_2
720575940620467115,720575940629044123,35,set_2
720575940620467115,720575940629951852,30,set_2
720575940620467115,720575940630520139,60,set_2
720575940620467115,720575940630836471,55,set_2
720575940620467115,720575940630868271,55,set_2
720575940620467115,720575940630883343,60,set_2
720575940620467115,720575940631501112,30,set_2
720575940620467115,720575940631528655,30,set_2
720575940620467115,720575940634767258,40,set_2
720575940620467115,720575940634982904,40,set_2
720575940620467115,720575940639358579,55,set_2
720575940620467115,720575940641237645,40,set_2
720575940620467115,720575940641673936,45,set_2
720575940620553094,720575940602353632,336,set_2
720575940620553094,720575940603266592,256,set_2
720575940620553094,720575940603765937,96,set_2
720575940620553094,720575940606279179,96,set_2
720575940620553094,720575940606343945,128,set_2
720575940620553094,720575940606526421,80,set_2
720575940620553094,720575940608787413,496,set_2
720575940620553094,720575940608900050,80,set_2
720575940620553094,720575940610481370,224,set_2
720575940620553094,720575940610483162,560,set_2
720575940620553094,720575940610683315,336,set_2
720575940620553094,720575940610773090,240,set_2
720575940620553094,720575940611849178,704,set_2
720575940620553094,720575940612920386,720,set_2
720575940620553094,720575940613061118,288,set_2
720575940620553094,720575940613828202,80,set_2
720575940620553094,720575940614211295,448,set_2
720575940620553094,720575940614281266,208,set_2
720575940620553094,720575940615274425,192,set_2
720575940620553094,720575940615292895,160,set_2
720575940620553094,720575940615641798,272,set_2
720575940620553094,720575940616616861,160,set_2
720575940620553094,720575940617239197,208,set_2
720575940620553094,720575940617433830,144,set_2
720575940620553094,720575940617828766,1056,set_2
720575940620553094,720575940618025199,640,set_2
720575940620553094,720575940618029733,192,set_2
720575940620553094,720575940618788944,160,set_2
720575940620553094,720575940618887217,208,set_2
720575940620553094,720575940619028208,96,set_2
720575940620553094,720575940619072513,320,set_2
720575940620553094,720575940619197093,160,set_2
720575940620553094,720575940619421823,480,set_2
720575940620553094,720575940619625792,128,set_2
720575940620553094,720575940619659861,80,set_2
720575940620553094,720575940620692833,96,set_2
720575940620553094,720575940620797976,128,set_2
720575940620553094,720575940621008895,96,set_2
720575940620553094,720575940621082623,112,set_2
720575940620553094,720575940621375231,368,set_2
720575940620553094,720575940621778381,512,set_2
720575940620553094,720575940621898665,384,set_2
720575940620553094,720575940621916952,656,set_2
720575940620553094,720575940622298631,144,set_2
720575940620553094,720575940622335197,80,set_2
720575940620553094,720575940622346180,1216,set_2
720575940620553094,720575940622949820,144,set_2
720575940620553094,720575940623158154,80,set_2
720575940620553094,720575940623183083,512,set_2
720575940620553094,720575940624079544,736,set_2
720575940620553094,720575940624266061,1008,set_2
720575940620553094,720575940624310345,96,set_2
720575940620553094,720575940624433027,192,set_2
720575940620553094,720575940624805765,512,set_2
720575940620553094,720575940624976572,368,set_2
720575940620553094,720575940625032548,112,set_2
720575940620553094,720575940625163790,112,set_2
720575940620553094,720575940625450498,512,set_2
720575940620553094,720575940625696601,112,set_2
720575940620553094,720575940625750105,448,set_2
720575940620553094,720575940625907143,80,set_2
720575940620553094,720575940626015242,1216,set_2
720575940620553094,720575940626016017,304,set_2
720575940620553094,720575940626217226,544,set_2
720575940620553094,720575940626217744,96,set_2
720575940620553094,720575940626241636,272,set_2
720575940620553094,720575940626287336,128,set_2
720575940620553094,720575940627402568,512,set_2
720575940620553094,720575940627438906,544,set_2
720575940620553094,720575940627556868,80,set_2
720575940620553094,720575940627578156,256,set_2
720575940620553094,720575940627764780,96,set_2
720575940620553094,720575940628198503,704,set_2
720575940620553094,720575940628329546,80,set_2
720575940620553094,720575940628391686,96,set_2
720575940620553094,720575940628436282,112,set_2
720575940620553094,720575940628524150,224,set_2
720575940620553094,720575940628686695,80,set_2
720575940620553094,720575940628784066,80,set_2
720575940620553094,720575940628885160,256,set_2
720575940620553094,720575940628962407,80,set_2
720575940620553094,720575940629009468,1200,set_2
720575940620553094,720575940629146711,176,set_2
720575940620553094,720575940629358807,528,set_2
720575940620553094,720575940629481516,384,set_2
720575940620553094,720575940629717097,144,set_2
720575940620553094,720575940629837563,240,set_2
720575940620553094,720575940630911991,128,set_2
720575940620553094,720575940631082124,480,set_2
720575940620553094,720575940631092943,240,set_2
720575940620553094,720575940631092947,288,set_2
720575940620553094,720575940631204163,480,set_2
720575940620553094,720575940631327739,112,set_2
720575940620553094,720575940632423394,112,set_2
720575940620553094,720575940632670156,80,set_2
720575940620553094,720575940633303988,96,set_2
720575940620553094,720575940633366242,368,set_2
720575940620553094,720575940633791935,160,set_2
720575940620553094,720575940634093337,96,set_2
720575940620553094,720575940634859188,96,set_2
720575940620553094,720575940635391845,80,set_2
720575940620553094,720575940635630308,208,set_2
720575940620553094,720575940635807130,304,set_2
720575940620553094,720575940636985422,176,set_2
720575940620553094,720575940637507645,496,set_2
720575940620553094,720575940637562469,80,set_2
720575940620553094,720575940637686750,288,set_2
720575940620553094,720575940637742911,160,set_2
720575940620553094,720575940637747519,576,set_2
720575940620553094,720575940638218173,512,set_2
720575940620553094,720575940638312262,96,set_2
720575940620553094,720575940638813016,80,set_2
720575940620553094,720575940639623795,80,set_2
720575940620553094,720575940642088333,192,set_2
720575940620553094,720575940643065032,496,set_2
720575940620553094,720575940645084548,112,set_2
720575940620553094,720575940645126020,96,set_2
720575940620553094,720575940645173960,320,set_2
720575940620553094,720575940645743412,288,set_2
720575940620553094,720575940646212996,336,set_2
720575940620553094,720575940657653633,80,set_2
720575940620627803,720575940610588057,6,set_2
720575940620627803,720575940610861554,7,set_2
720575940620627803,720575940612319155,7,set_2
720575940620627803,720575940615052812,11,set_2
720575940620627803,720575940618098459,30,set_2
720575940620627803,720575940618846228,7,set_2
720575940620627803,720575940619176094,21,set_2
720575940620627803,720575940621771041,24,set_2
720575940620627803,720575940622931976,6,set_2
720575940620627803,720575940624600840,25,set_2
720575940620627803,720575940624856409,5,set_2
720575940620627803,720575940624988455,7,set_2
720575940620627803,720575940625005239,41,set_2
720575940620627803,720575940625601594,12,set_2
720575940620627803,720575940626140164,6,set_2
720575940620627803,720575940626289021,5,set_2
720575940620627803,720575940627466746,8,set_2
720575940620627803,720575940627814728,14,set_2
720575940620627803,720575940628034044,14,set_2
720575940620627803,720575940628436282,14,set_2
720575940620627803,720575940628500540,6,set_2
720575940620627803,720575940629192523,5,set_2
720575940620627803,720575940630667372,92,set_2
720575940620627803,720575940630991311,15,set_2
720575940620627803,720575940631092943,11,set_2
720575940620627803,720575940631211831,6,set_2
720575940620627803,720575940631406411,15,set_2
720575940620627803,720575940631923304,12,set_2
720575940620627803,720575940634260636,9,set_2
720575940620627803,720575940635196779,10,set_2
720575940620627803,720575940635206251,20,set_2
720575940620627803,720575940636828334,21,set_2
720575940620627803,720575940637144944,41,set_2
720575940620627803,720575940637790527,10,set_2
720575940620627803,720575940639623795,9,set_2
720575940620627803,720575940644932131,8,set_2
720575940620627803,720575940649812857,8,set_2
720575940620627803,720575940655011489,11,set_2
720575940620735258,720575940622457579,45,set_2
720575940620735258,720575940629548107,25,set_2
720575940620735258,720575940630504466,40,set_2
720575940620735258,720575940631111983,65,set_2
720575940620735258,720575940631742381,30,set_2
720575940620735258,720575940634659508,35,set_2
720575940620735258,720575940646156420,25,set_2
720575940620741102,720575940609922372,20,set_2
720575940620741102,720575940610054980,48,set_2
720575940620741102,720575940612208858,102,set_2
720575940620741102,720575940612921571,56,set_2
720575940620741102,720575940613687789,60,set_2
720575940620741102,720575940615583650,60,set_2
720575940620741102,720575940620025620,16,set_2
720575940620741102,720575940620335269,174,set_2
720575940620741102,720575940620819659,88,set_2
720575940620741102,720575940621150191,22,set_2
720575940620741102,720575940622810153,40,set_2
720575940620741102,720575940623847181,106,set_2
720575940620741102,720575940624404872,10,set_2
720575940620741102,720575940625164558,50,set_2
720575940620741102,720575940625167886,88,set_2
720575940620741102,720575940626279742,46,set_2
720575940620741102,720575940626941080,16,set_2
720575940620741102,720575940627086594,18,set_2
720575940620741102,720575940628598121,26,set_2
720575940620741102,720575940628743752,20,set_2
720575940620741102,720575940628800506,12,set_2
720575940620741102,720575940629778554,28,set_2
720575940620741102,720575940629822842,14,set_2
720575940620741102,720575940630667372,30,set_2
720575940620741102,720575940630868793,16,set_2
720575940620741102,720575940631092943,18,set_2
720575940620741102,720575940631742381,10,set_2
720575940620741102,720575940632118156,48,set_2
720575940620741102,720575940632659404,56,set_2
720575940620741102,720575940634645600,12,set_2
720575940620741102,720575940635360924,112,set_2
720575940620741102,720575940636165624,44,set_2
720575940620741102,720575940637144944,12,set_2
720575940620741102,720575940639512192,38,set_2
720575940620780272,720575940607387314,90,set_2
720575940620780272,720575940608157397,25,set_2
720575940620780272,720575940609133269,235,set_2
720575940620780272,720575940609521250,75,set_2
720575940620780272,720575940609922372,25,set_2
720575940620780272,720575940610000964,325,set_2
720575940620780272,720575940611160930,205,set_2
720575940620780272,720575940611812050,75,set_2
720575940620780272,720575940611988197,65,set_2
720575940620780272,720575940612235747,30,set_2
720575940620780272,720575940613687789,25,set_2
720575940620780272,720575940614998166,70,set_2
720575940620780272,720575940615406590,60,set_2
720575940620780272,720575940616200790,55,set_2
720575940620780272,720575940617494877,30,set_2
720575940620780272,720575940617648453,40,set_2
720575940620780272,720575940617787963,115,set_2
720575940620780272,720575940618166811,25,set_2
720575940620780272,720575940619865547,70,set_2
720575940620780272,720575940621126384,25,set_2
720575940620780272,720575940621169690,30,set_2
720575940620780272,720575940621573030,30,set_2
720575940620780272,720575940623164941,155,set_2
720575940620780272,720575940623476407,30,set_2
720575940620780272,720575940623847181,155,set_2
720575940620780272,720575940623988733,85,set_2
720575940620780272,720575940624310857,185,set_2
720575940620780272,720575940624528068,65,set_2
720575940620780272,720575940627182217,130,set_2
720575940620780272,720575940627371834,50,set_2
720575940620780272,720575940628070419,55,set_2
720575940620780272,720575940628096586,80,set_2
720575940620780272,720575940628598121,50,set_2
720575940620780272,720575940628781333,45,set_2
720575940620780272,720575940628787016,25,set_2
720575940620780272,720575940628869648,35,set_2
720575940620780272,720575940630461660,165,set_2
720575940620780272,720575940632118156,65,set_2
720575940620780272,720575940633813940,45,set_2
720575940620780272,720575940634900855,65,set_2
720575940620780272,720575940635184735,185,set_2
720575940620780272,720575940637656286,35,set_2
720575940620780272,720575940642428045,30,set_2
720575940620780272,720575940645495587,80,set_2
720575940620780272,720575940647030324,675,set_2
720575940620780272,720575940647963513,35,set_2
720575940620780272,720575940655011489,45,set_2
720575940620818029,720575940612120794,7,set_2
720575940620818029,720575940615886534,6,set_2
720575940620818029,720575940620441024,5,set_2
720575940620818029,720575940623203805,7,set_2
720575940620818029,720575940623636957,11,set_2
720575940620818029,720575940625952186,22,set_2
720575940620818029,720575940631842360,23,set_2
720575940620818029,720575940633626337,5,set_2
720575940620818029,720575940639939712,11,set_2
720575940621116073,720575940614830239,56,set_2
720575940621116073,720575940622853011,140,set_2
720575940621116073,720575940623847181,35,set_2
720575940621116073,720575940629358807,35,set_2
720575940621116073,720575940630597839,175,set_2
720575940621116073,720575940634900855,35,set_2
720575940621116073,720575940635391845,35,set_2
720575940621149709,720575940620833901,24,set_2
720575940621149709,720575940629422183,72,set_2
720575940621149709,720575940639227224,32,set_2
720575940621218694,720575940605890784,60,set_2
720575940621218694,720575940607377586,25,set_2
720575940621218694,720575940609417995,30,set_2
720575940621218694,720575940611988197,65,set_2
720575940621218694,720575940612289010,65,set_2
720575940621218694,720575940612554393,40,set_2
720575940621218694,720575940615052812,30,set_2
720575940621218694,720575940615215922,25,set_2
720575940621218694,720575940615376863,260,set_2
720575940621218694,720575940615671106,80,set_2
720575940621218694,720575940616014092,45,set_2
720575940621218694,720575940616328705,35,set_2
720575940621218694,720575940617393625,115,set_2
720575940621218694,720575940617493078,240,set_2
720575940621218694,720575940617494877,70,set_2
720575940621218694,720575940619176094,160,set_2
720575940621218694,720575940619671616,120,set_2
720575940621218694,720575940620177543,30,set_2
720575940621218694,720575940620274085,85,set_2
720575940621218694,720575940620521350,25,set_2
720575940621218694,720575940620751231,30,set_2
720575940621218694,720575940620874757,35,set_2
720575940621218694,720575940621057702,50,set_2
720575940621218694,720575940621119367,60,set_2
720575940621218694,720575940621150191,30,set_2
720575940621218694,720575940621332092,25,set_2
720575940621218694,720575940621586854,45,set_2
720575940621218694,720575940621827419,30,set_2
720575940621218694,720575940622116705,80,set_2
720575940621218694,720575940622235425,35,set_2
720575940621218694,720575940622284947,50,set_2
720575940621218694,720575940622624214,60,set_2
720575940621218694,720575940623164941,45,set_2
720575940621218694,720575940623210445,100,set_2
720575940621218694,720575940623211725,85,set_2
720575940621218694,720575940623476407,25,set_2
720575940621218694,720575940623535044,25,set_2
720575940621218694,720575940624023188,45,set_2
720575940621218694,720575940624310857,25,set_2
720575940621218694,720575940624600840,120,set_2
720575940621218694,720575940624905091,50,set_2
720575940621218694,720575940625167886,45,set_2
720575940621218694,720575940625172750,80,set_2
720575940621218694,720575940625705930,85,set_2
720575940621218694,720575940625861660,50,set_2
720575940621218694,720575940626289021,45,set_2
720575940621218694,720575940626972056,225,set_2
720575940621218694,720575940627101512,30,set_2
720575940621218694,720575940627113544,105,set_2
720575940621218694,720575940627429907,55,set_2
720575940621218694,720575940627814728,125,set_2
720575940621218694,720575940627847752,105,set_2
720575940621218694,720575940628095593,45,set_2
720575940621218694,720575940628755815,315,set_2
720575940621218694,720575940628780309,290,set_2
720575940621218694,720575940628802069,140,set_2
720575940621218694,720575940628995331,35,set_2
720575940621218694,720575940630461404,25,set_2
720575940621218694,720575940630579574,110,set_2
720575940621218694,720575940631168057,100,set_2
720575940621218694,720575940631406411,45,set_2
720575940621218694,720575940631703608,355,set_2
720575940621218694,720575940631901409,30,set_2
720575940621218694,720575940631918649,40,set_2
720575940621218694,720575940631959097,25,set_2
720575940621218694,720575940631994728,85,set_2
720575940621218694,720575940631997032,295,set_2
720575940621218694,720575940632047890,270,set_2
720575940621218694,720575940632252743,325,set_2
720575940621218694,720575940632659404,275,set_2
720575940621218694,720575940632839763,40,set_2
720575940621218694,720575940633185567,60,set_2
720575940621218694,720575940633277209,125,set_2
720575940621218694,720575940634527840,55,set_2
720575940621218694,720575940634825623,70,set_2
720575940621218694,720575940635596468,35,set_2
720575940621218694,720575940636345463,25,set_2
720575940621218694,720575940636685454,70,set_2
720575940621218694,720575940636828334,105,set_2
720575940621218694,720575940637144944,295,set_2
720575940621218694,720575940637656286,25,set_2
720575940621218694,720575940638103349,135,set_2
720575940621218694,720575940639831459,50,set_2
720575940621218694,720575940639993819,65,set_2
720575940621218694,720575940644669732,60,set_2
720575940621218694,720575940645045527,40,set_2
720575940621218694,720575940647030324,25,set_2
720575940621218694,720575940652580086,115,set_2
720575940621222792,720575940628471811,24,set_2
720575940621222792,720575940636247273,39,set_2
720575940621222792,720575940647473796,15,set_2
720575940621227173,720575940610899666,10,set_2
720575940621227173,720575940611858906,24,set_2
720575940621227173,720575940612319155,20,set_2
720575940621227173,720575940612490958,9,set_2
720575940621227173,720575940614467751,7,set_2
720575940621227173,720575940615598849,5,set_2
720575940621227173,720575940616103218,5,set_2
720575940621227173,720575940616673366,11,set_2
720575940621227173,720575940616777099,7,set_2
720575940621227173,720575940624247787,6,set_2
720575940621227173,720575940626148520,8,set_2
720575940621227173,720575940627806809,6,set_2
720575940621227173,720575940628478736,60,set_2
720575940621227173,720575940628483322,7,set_2
720575940621227173,720575940628609579,10,set_2
720575940621227173,720575940628784066,17,set_2
720575940621227173,720575940628975107,18,set_2
720575940621227173,720575940628995331,7,set_2
720575940621227173,720575940629861163,5,set_2
720575940621227173,720575940639191017,22,set_2
720575940621227173,720575940639274147,56,set_2
720575940621227173,720575940639623795,17,set_2
720575940621227173,720575940641536987,9,set_2
720575940621227173,720575940649812857,17,set_2
720575940621256384,720575940605890784,25,set_2
720575940621256384,720575940607162754,30,set_2
720575940621256384,720575940607377586,35,set_2
720575940621256384,720575940608451420,95,set_2
720575940621256384,720575940609423299,35,set_2
720575940621256384,720575940611151406,25,set_2
720575940621256384,720575940611549902,30,set_2
720575940621256384,720575940612470755,30,set_2
720575940621256384,720575940615582111,30,set_2
720575940621256384,720575940615671106,50,set_2
720575940621256384,720575940615672130,25,set_2
720575940621256384,720575940616014092,25,set_2
720575940621256384,720575940616194610,25,set_2
720575940621256384,720575940616848214,110,set_2
720575940621256384,720575940618165787,25,set_2
720575940621256384,720575940618166811,25,set_2
720575940621256384,720575940619877396,25,set_2
720575940621256384,720575940620274085,30,set_2
720575940621256384,720575940620353300,95,set_2
720575940621256384,720575940620633947,50,set_2
720575940621256384,720575940620819659,50,set_2
720575940621256384,720575940620982437,75,set_2
720575940621256384,720575940622054753,25,set_2
720575940621256384,720575940622734106,25,set_2
720575940621256384,720575940623535044,45,set_2
720575940621256384,720575940623847181,70,set_2
720575940621256384,720575940624023188,50,set_2
720575940621256384,720575940624987175,30,set_2
720575940621256384,720575940625167886,50,set_2
720575940621256384,720575940625873560,35,set_2
720575940621256384,720575940626626597,60,set_2
720575940621256384,720575940626960536,25,set_2
720575940621256384,720575940627086594,50,set_2
720575940621256384,720575940627107721,30,set_2
720575940621256384,720575940627182217,30,set_2
720575940621256384,720575940627429907,40,set_2
720575940621256384,720575940627739023,55,set_2
720575940621256384,720575940627847752,35,set_2
720575940621256384,720575940628780309,25,set_2
720575940621256384,720575940629888530,35,set_2
720575940621256384,720575940630461660,60,set_2
720575940621256384,720575940630470391,35,set_2
720575940621256384,720575940630674038,35,set_2
720575940621256384,720575940630991311,170,set_2
720575940621256384,720575940631179831,45,set_2
720575940621256384,720575940631293202,105,set_2
720575940621256384,720575940631994728,55,set_2
720575940621256384,720575940631997032,45,set_2
720575940621256384,720575940632365905,30,set_2
720575940621256384,720575940632486969,65,set_2
720575940621256384,720575940632640287,45,set_2
720575940621256384,720575940632659404,140,set_2
720575940621256384,720575940632839763,30,set_2
720575940621256384,720575940633065901,25,set_2
720575940621256384,720575940633315921,30,set_2
720575940621256384,720575940634782359,25,set_2
720575940621256384,720575940638103349,110,set_2
720575940621256384,720575940639831459,40,set_2
720575940621256384,720575940641648091,70,set_2
720575940621256384,720575940644666148,30,set_2
720575940621256384,720575940644669732,60,set_2
720575940621256384,720575940647030324,40,set_2
720575940621329328,720575940608370645,7,set_2
720575940621329328,720575940608475331,5,set_2
720575940621329328,720575940616018956,49,set_2
720575940621329328,720575940616162866,5,set_2
720575940621329328,720575940617476379,8,set_2
720575940621329328,720575940618165019,17,set_2
720575940621329328,720575940618165787,25,set_2
720575940621329328,720575940618539810,9,set_2
720575940621329328,720575940620025620,5,set_2
720575940621329328,720575940620627035,8,set_2
720575940621329328,720575940620819659,33,set_2
720575940621329328,720575940622493260,20,set_2
720575940621329328,720575940623535044,100,set_2
720575940621329328,720575940625045180,17,set_2
720575940621329328,720575940625167886,10,set_2
720575940621329328,720575940625874992,55,set_2
720575940621329328,720575940627828296,12,set_2
720575940621329328,720575940628598121,6,set_2
720575940621329328,720575940628676457,13,set_2
720575940621329328,720575940628815381,16,set_2
720575940621329328,720575940629024591,13,set_2
720575940621329328,720575940629778554,11,set_2
720575940621329328,720575940630233404,7,set_2
720575940621329328,720575940630868793,31,set_2
720575940621329328,720575940631179831,6,set_2
720575940621329328,720575940632118156,12,set_2
720575940621329328,720575940633373651,7,set_2
720575940621329328,720575940634527840,6,set_2
720575940621329328,720575940634645600,19,set_2
720575940621329328,720575940638714694,27,set_2
720575940621329328,720575940643867296,8,set_2
720575940621329328,720575940644666148,5,set_2
720575940621329328,720575940645527918,5,set_2
720575940621329328,720575940647036980,17,set_2
720575940621329328,720575940660224641,7,set_2
720575940621345012,720575940611812050,108,set_2
720575940621345012,720575940612235747,45,set_2
720575940621345012,720575940612554393,54,set_2
720575940621345012,720575940615052812,180,set_2
720575940621345012,720575940615406590,144,set_2
720575940621345012,720575940624176312,63,set_2
720575940621345012,720575940624310857,63,set_2
720575940621345012,720575940627371834,63,set_2
720575940621345012,720575940633277209,45,set_2
720575940621345012,720575940635184735,171,set_2
720575940621345012,720575940636263543,81,set_2
720575940621647238,720575940605842400,42,set_2
720575940621647238,720575940608884693,30,set_2
720575940621647238,720575940609906244,72,set_2
720575940621647238,720575940610899666,42,set_2
720575940621647238,720575940611451598,30,set_2
720575940621647238,720575940611490778,30,set_2
720575940621647238,720575940611498389,36,set_2
720575940621647238,720575940612631445,84,set_2
720575940621647238,720575940613093010,42,set_2
720575940621647238,720575940614098897,36,set_2
720575940621647238,720575940614150567,126,set_2
720575940621647238,720575940614654395,42,set_2
720575940621647238,720575940615251083,30,set_2
720575940621647238,720575940615251339,66,set_2
720575940621647238,720575940615886534,66,set_2
720575940621647238,720575940616104379,36,set_2
720575940621647238,720575940617398996,42,set_2
720575940621647238,720575940617422481,78,set_2
720575940621647238,720575940618277952,48,set_2
720575940621647238,720575940619280981,30,set_2
720575940621647238,720575940619662539,90,set_2
720575940621647238,720575940619850411,96,set_2
720575940621647238,720575940620897389,30,set_2
720575940621647238,720575940620925643,42,set_2
720575940621647238,720575940621025872,84,set_2
720575940621647238,720575940621241008,54,set_2
720575940621647238,720575940623118261,36,set_2
720575940621647238,720575940623119496,30,set_2
720575940621647238,720575940623282985,180,set_2
720575940621647238,720575940624157001,66,set_2
720575940621647238,720575940624712206,108,set_2
720575940621647238,720575940625123453,72,set_2
720575940621647238,720575940625147645,30,set_2
720575940621647238,720575940625712688,96,set_2
720575940621647238,720575940625952186,42,set_2
720575940621647238,720575940625981626,36,set_2
720575940621647238,720575940629131772,54,set_2
720575940621647238,720575940630484687,90,set_2
720575940621647238,720575940630510454,90,set_2
720575940621647238,720575940630579052,144,set_2
720575940621647238,720575940630887737,42,set_2
720575940621647238,720575940631875896,96,set_2
720575940621647238,720575940632501668,48,set_2
720575940621647238,720575940634422880,48,set_2
720575940621647238,720575940634475616,84,set_2
720575940621647238,720575940635116383,30,set_2
720575940621647238,720575940635280632,42,set_2
720575940621647238,720575940637820846,48,set_2
720575940621647238,720575940638723133,60,set_2
720575940621647238,720575940640031360,48,set_2
720575940621647238,720575940640886691,48,set_2
720575940621647238,720575940643293837,96,set_2
720575940621647238,720575940644899095,48,set_2
720575940621647238,720575940659190145,30,set_2
720575940621662332,720575940604565350,38,set_2
720575940621662332,720575940608029707,28,set_2
720575940621662332,720575940608227118,132,set_2
720575940621662332,720575940608683477,12,set_2
720575940621662332,720575940608822226,24,set_2
720575940621662332,720575940610304610,36,set_2
720575940621662332,720575940611292622,124,set_2
720575940621662332,720575940611448243,16,set_2
720575940621662332,720575940611812050,208,set_2
720575940621662332,720575940612097522,12,set_2
720575940621662332,720575940612464867,12,set_2
720575940621662332,720575940612572131,132,set_2
720575940621662332,720575940612630434,168,set_2
720575940621662332,720575940612815766,14,set_2
720575940621662332,720575940613107119,10,set_2
720575940621662332,720575940613481282,14,set_2
720575940621662332,720575940613647007,10,set_2
720575940621662332,720575940614724514,14,set_2
720575940621662332,720575940614942610,32,set_2
720575940621662332,720575940614957162,18,set_2
720575940621662332,720575940615210508,14,set_2
720575940621662332,720575940615378700,174,set_2
720575940621662332,720575940615799308,24,set_2
720575940621662332,720575940615881762,10,set_2
720575940621662332,720575940616085334,24,set_2
720575940621662332,720575940616199910,160,set_2
720575940621662332,720575940616483284,14,set_2
720575940621662332,720575940616563668,20,set_2
720575940621662332,720575940616633664,10,set_2
720575940621662332,720575940616848030,10,set_2
720575940621662332,720575940616938555,40,set_2
720575940621662332,720575940616950161,16,set_2
720575940621662332,720575940617448331,38,set_2
720575940621662332,720575940617611921,14,set_2
720575940621662332,720575940617952034,140,set_2
720575940621662332,720575940618029396,30,set_2
720575940621662332,720575940618571200,126,set_2
720575940621662332,720575940618984475,140,set_2
720575940621662332,720575940618985894,12,set_2
720575940621662332,720575940619428432,24,set_2
720575940621662332,720575940619751339,14,set_2
720575940621662332,720575940619846241,12,set_2
720575940621662332,720575940620356545,64,set_2
720575940621662332,720575940620565339,10,set_2
720575940621662332,720575940620597232,14,set_2
720575940621662332,720575940620740717,24,set_2
720575940621662332,720575940620957423,14,set_2
720575940621662332,720575940621031006,10,set_2
720575940621662332,720575940621119367,36,set_2
720575940621662332,720575940621245124,10,set_2
720575940621662332,720575940621339156,10,set_2
720575940621662332,720575940621457690,30,set_2
720575940621662332,720575940621462512,10,set_2
720575940621662332,720575940621525673,142,set_2
720575940621662332,720575940621851937,10,set_2
720575940621662332,720575940622123527,10,set_2
720575940621662332,720575940622151704,30,set_2
720575940621662332,720575940622203597,10,set_2
720575940621662332,720575940622825608,10,set_2
720575940621662332,720575940622892045,26,set_2
720575940621662332,720575940622910989,22,set_2
720575940621662332,720575940623067686,40,set_2
720575940621662332,720575940623693667,12,set_2
720575940621662332,720575940624106776,10,set_2
720575940621662332,720575940624338068,32,set_2
720575940621662332,720575940624743096,22,set_2
720575940621662332,720575940625019454,52,set_2
720575940621662332,720575940625087159,146,set_2
720575940621662332,720575940625203277,38,set_2
720575940621662332,720575940625256229,22,set_2
720575940621662332,720575940625365512,12,set_2
720575940621662332,720575940625375240,16,set_2
720575940621662332,720575940625525265,12,set_2
720575940621662332,720575940625619458,20,set_2
720575940621662332,720575940625692444,14,set_2
720575940621662332,720575940625741287,34,set_2
720575940621662332,720575940625777594,40,set_2
720575940621662332,720575940625813447,92,set_2
720575940621662332,720575940626067729,30,set_2
720575940621662332,720575940626259458,14,set_2
720575940621662332,720575940626262524,16,set_2
720575940621662332,720575940626495109,16,set_2
720575940621662332,720575940626571602,30,set_2
720575940621662332,720575940626717739,16,set_2
720575940621662332,720575940626828304,12,set_2
720575940621662332,720575940627424584,18,set_2
720575940621662332,720575940627572349,20,set_2
720575940621662332,720575940627736119,52,set_2
720575940621662332,720575940627747560,134,set_2
720575940621662332,720575940627757584,12,set_2
720575940621662332,720575940628050950,12,set_2
720575940621662332,720575940628164593,54,set_2
720575940621662332,720575940628245291,158,set_2
720575940621662332,720575940628360506,28,set_2
720575940621662332,720575940628948299,26,set_2
720575940621662332,720575940629188087,14,set_2
720575940621662332,720575940629188507,20,set_2
720575940621662332,720575940629392439,158,set_2
720575940621662332,720575940629401674,10,set_2
720575940621662332,720575940629427984,10,set_2
720575940621662332,720575940629430978,152,set_2
720575940621662332,720575940629730934,216,set_2
720575940621662332,720575940629786998,10,set_2
720575940621662332,720575940630005622,24,set_2
720575940621662332,720575940630076887,18,set_2
720575940621662332,720575940630362179,54,set_2
720575940621662332,720575940630438731,22,set_2
720575940621662332,720575940630690093,30,set_2
720575940621662332,720575940630799059,196,set_2
720575940621662332,720575940630892631,16,set_2
720575940621662332,720575940630981906,206,set_2
720575940621662332,720575940631103744,20,set_2
720575940621662332,720575940631235665,104,set_2
720575940621662332,720575940631260716,28,set_2
720575940621662332,720575940631275050,48,set_2
720575940621662332,720575940631443304,20,set_2
720575940621662332,720575940632042148,58,set_2
720575940621662332,720575940632225071,10,set_2
720575940621662332,720575940632308644,62,set_2
720575940621662332,720575940632464146,126,set_2
720575940621662332,720575940633615820,40,set_2
720575940621662332,720575940633832628,16,set_2
720575940621662332,720575940633901395,44,set_2
720575940621662332,720575940634017619,32,set_2
720575940621662332,720575940634038426,24,set_2
720575940621662332,720575940634086239,12,set_2
720575940621662332,720575940634655851,12,set_2
720575940621662332,720575940635565175,10,set_2
720575940621662332,720575940636351118,48,set_2
720575940621662332,720575940636574388,12,set_2
720575940621662332,720575940636866906,22,set_2
720575940621662332,720575940637072350,44,set_2
720575940621662332,720575940637648496,34,set_2
720575940621662332,720575940637762906,12,set_2
720575940621662332,720575940638168639,156,set_2
720575940621662332,720575940638660597,44,set_2
720575940621662332,720575940638674384,14,set_2
720575940621662332,720575940639180963,16,set_2
720575940621662332,720575940639440885,12,set_2
720575940621662332,720575940640352821,48,set_2
720575940621662332,720575940640354638,22,set_2
720575940621662332,720575940641780187,54,set_2
720575940621662332,720575940642603464,10,set_2
720575940621662332,720575940642653147,10,set_2
720575940621662332,720575940643174048,80,set_2
720575940621662332,720575940646160948,40,set_2
720575940621662332,720575940646518382,72,set_2
720575940621662332,720575940646735156,44,set_2
720575940621662332,720575940661302657,48,set_2
720575940621736669,720575940610000964,496,set_2
720575940621736669,720575940611991830,192,set_2
720575940621736669,720575940618791515,240,set_2
720575940621736669,720575940620096171,128,set_2
720575940621736669,720575940621913513,192,set_2
720575940621736669,720575940622839786,176,set_2
720575940621736669,720575940624532408,176,set_2
720575940621736669,720575940625601594,272,set_2
720575940621736669,720575940626308697,176,set_2
720575940621736669,720575940626449158,160,set_2
720575940621736669,720575940628857850,144,set_2
720575940621736669,720575940629764906,96,set_2
720575940621736669,720575940637790527,96,set_2
720575940621736669,720575940642428045,288,set_2
720575940621736669,720575940651601910,192,set_2
720575940621761729,720575940610232274,14,set_2
720575940621761729,720575940611858906,12,set_2
720575940621761729,720575940612261603,10,set_2
720575940621761729,720575940621332092,24,set_2
720575940621761729,720575940624600840,46,set_2
720575940621761729,720575940626148520,12,set_2
720575940621761729,720575940628975107,10,set_2
720575940621761729,720575940629543409,12,set_2
720575940621761729,720575940630808827,100,set_2
720575940621761729,720575940631056185,12,set_2
720575940621761729,720575940637936710,12,set_2
720575940621761729,720575940641536987,50,set_2
720575940621818790,720575940603266592,120,set_2
720575940621818790,720575940604852146,330,set_2
720575940621818790,720575940606388146,345,set_2
720575940621818790,720575940607500297,105,set_2
720575940621818790,720575940608296917,255,set_2
720575940621818790,720575940608707192,405,set_2
720575940621818790,720575940609533230,300,set_2
720575940621818790,720575940609913042,825,set_2
720575940621818790,720575940610474610,225,set_2
720575940621818790,720575940610683315,150,set_2
720575940621818790,720575940610773090,120,set_2
720575940621818790,720575940610981362,2145,set_2
720575940621818790,720575940611168921,165,set_2
720575940621818790,720575940611184819,300,set_2
720575940621818790,720575940611211417,285,set_2
720575940621818790,720575940612256938,135,set_2
720575940621818790,720575940612277090,240,set_2
720575940621818790,720575940613061118,180,set_2
720575940621818790,720575940613080751,210,set_2
720575940621818790,720575940614211295,90,set_2
720575940621818790,720575940614273292,90,set_2
720575940621818790,720575940615274425,75,set_2
720575940621818790,720575940616308921,255,set_2
720575940621818790,720575940616971035,165,set_2
720575940621818790,720575940618466384,90,set_2
720575940621818790,720575940618788944,210,set_2
720575940621818790,720575940619072513,135,set_2
720575940621818790,720575940619387814,120,set_2
720575940621818790,720575940619652033,135,set_2
720575940621818790,720575940619928929,270,set_2
720575940621818790,720575940620177543,90,set_2
720575940621818790,720575940620332404,105,set_2
720575940621818790,720575940620698136,195,set_2
720575940621818790,720575940620748457,90,set_2
720575940621818790,720575940621375231,240,set_2
720575940621818790,720575940622313971,300,set_2
720575940621818790,720575940622457579,330,set_2
720575940621818790,720575940622604109,240,set_2
720575940621818790,720575940623173470,345,set_2
720575940621818790,720575940623609895,225,set_2
720575940621818790,720575940623660558,330,set_2
720575940621818790,720575940624311881,120,set_2
720575940621818790,720575940624352643,150,set_2
720575940621818790,720575940624600840,105,set_2
720575940621818790,720575940624604560,105,set_2
720575940621818790,720575940624792197,225,set_2
720575940621818790,720575940625003045,180,set_2
720575940621818790,720575940625304094,315,set_2
720575940621818790,720575940625741114,180,set_2
720575940621818790,720575940625873560,375,set_2
720575940621818790,720575940626016017,315,set_2
720575940621818790,720575940626241636,150,set_2
720575940621818790,720575940626284036,165,set_2
720575940621818790,720575940626953561,120,set_2
720575940621818790,720575940627036746,390,set_2
720575940621818790,720575940627110672,135,set_2
720575940621818790,720575940627265265,180,set_2
720575940621818790,720575940627274578,75,set_2
720575940621818790,720575940627454569,570,set_2
720575940621818790,720575940627578156,90,set_2
720575940621818790,720575940627989609,105,set_2
720575940621818790,720575940628095593,135,set_2
720575940621818790,720575940628832256,90,set_2
720575940621818790,720575940629009468,120,set_2
720575940621818790,720575940629146711,150,set_2
720575940621818790,720575940629211607,150,set_2
720575940621818790,720575940629270339,225,set_2
720575940621818790,720575940629358807,270,set_2
720575940621818790,720575940630893196,255,set_2
720575940621818790,720575940631020079,240,set_2
720575940621818790,720575940631056185,150,set_2
720575940621818790,720575940631082124,180,set_2
720575940621818790,720575940631092943,225,set_2
720575940621818790,720575940631423263,75,set_2
720575940621818790,720575940633165980,75,set_2
720575940621818790,720575940633634199,210,set_2
720575940621818790,720575940633733601,420,set_2
720575940621818790,720575940634545634,270,set_2
720575940621818790,720575940635176366,300,set_2
720575940621818790,720575940635425893,90,set_2
720575940621818790,720575940635791167,120,set_2
720575940621818790,720575940635990896,240,set_2
720575940621818790,720575940637130985,1095,set_2
720575940621818790,720575940638103349,195,set_2
720575940621818790,720575940638218173,240,set_2
720575940621818790,720575940638419534,300,set_2
720575940621818790,720575940638682787,195,set_2
720575940621818790,720575940640601563,465,set_2
720575940621818790,720575940648377209,90,set_2
720575940621818790,720575940658442625,195,set_2
720575940621953285,720575940611858906,14,set_2
720575940621953285,720575940620874581,10,set_2
720575940621953285,720575940621827419,10,set_2
720575940621953285,720575940626140164,22,set_2
720575940621953285,720575940627709956,10,set_2
720575940621953285,720575940628074556,10,set_2
720575940621953285,720575940630493050,16,set_2
720575940621953285,720575940630890040,16,set_2
720575940621953285,720575940631742381,24,set_2
720575940621953285,720575940634739886,46,set_2
720575940621953285,720575940635206251,100,set_2
720575940621953285,720575940645129672,10,set_2
720575940621953285,720575940645173960,70,set_2
720575940621953285,720575940645972276,22,set_2
720575940621957381,720575940622853011,56,set_2
720575940621957381,720575940626217226,56,set_2
720575940621957381,720575940630597839,56,set_2
720575940621957381,720575940633791935,72,set_2
720575940622123144,720575940606388146,7,set_2
720575940622123144,720575940610079957,8,set_2
720575940622123144,720575940611211417,7,set_2
720575940622123144,720575940615763174,6,set_2
720575940622123144,720575940616162866,9,set_2
720575940622123144,720575940616616861,11,set_2
720575940622123144,720575940616667186,15,set_2
720575940622123144,720575940620627035,7,set_2
720575940622123144,720575940621894750,6,set_2
720575940622123144,720575940622466027,5,set_2
720575940622123144,720575940623535044,7,set_2
720575940622123144,720575940623660558,5,set_2
720575940622123144,720575940626953561,7,set_2
720575940622123144,720575940630893196,5,set_2
720575940622123144,720575940635297911,13,set_2
720575940622123144,720575940637936710,15,set_2
720575940622123144,720575940639993819,7,set_2
720575940622123144,720575940642428045,9,set_2
720575940622123144,720575940646156420,5,set_2
720575940622156720,720575940617138466,6,set_2
720575940622156720,720575940617241629,7,set_2
720575940622156720,720575940623600619,7,set_2
720575940622156720,720575940629422183,16,set_2
720575940622156720,720575940635452570,16,set_2
720575940622156720,720575940639672893,10,set_2
720575940622193546,720575940610000964,80,set_2
720575940622193546,720575940612648106,25,set_2
720575940622193546,720575940614830239,25,set_2
720575940622193546,720575940617648453,25,set_2
720575940622193546,720575940628787016,30,set_2
720575940622193546,720575940637936710,25,set_2
720575940622193546,720575940639206077,25,set_2
720575940622193546,720575940644064968,30,set_2
720575940622323382,720575940609677636,12,set_2
720575940622323382,720575940611490778,16,set_2
720575940622323382,720575940612341858,28,set_2
720575940622323382,720575940613858046,10,set_2
720575940622323382,720575940616121403,10,set_2
720575940622323382,720575940616441181,10,set_2
720575940622323382,720575940616571485,12,set_2
720575940622323382,720575940622913123,10,set_2
720575940622323382,720575940622951687,10,set_2
720575940622323382,720575940624142373,18,set_2
720575940622323382,720575940625158330,20,set_2
720575940622323382,720575940626545922,16,set_2
720575940622323382,720575940629326380,12,set_2
720575940622323382,720575940632615507,10,set_2
720575940622323382,720575940637878854,10,set_2
720575940622323382,720575940644176164,70,set_2
720575940622348156,720575940606388146,36,set_2
720575940622348156,720575940607162754,192,set_2
720575940622348156,720575940609922372,164,set_2
720575940622348156,720575940610173048,60,set_2
720575940622348156,720575940610611246,288,set_2
720575940622348156,720575940612208858,220,set_2
720575940622348156,720575940612686233,64,set_2
720575940622348156,720575940613640685,28,set_2
720575940622348156,720575940614736290,228,set_2
720575940622348156,720575940616018956,28,set_2
720575940622348156,720575940616071483,52,set_2
720575940622348156,720575940617393625,52,set_2
720575940622348156,720575940618165787,40,set_2
720575940622348156,720575940618472261,184,set_2
720575940622348156,720575940619042427,40,set_2
720575940622348156,720575940620182151,52,set_2
720575940622348156,720575940620506996,20,set_2
720575940622348156,720575940621047632,24,set_2
720575940622348156,720575940621569728,24,set_2
720575940622348156,720575940621667693,200,set_2
720575940622348156,720575940621833281,76,set_2
720575940622348156,720575940622054753,28,set_2
720575940622348156,720575940622195625,32,set_2
720575940622348156,720575940622415948,56,set_2
720575940622348156,720575940622493260,44,set_2
720575940622348156,720575940623164685,128,set_2
720575940622348156,720575940623535044,108,set_2
720575940622348156,720575940625045180,56,set_2
720575940622348156,720575940626308697,28,set_2
720575940622348156,720575940626919144,88,set_2
720575940622348156,720575940627359109,28,set_2
720575940622348156,720575940627828296,36,set_2
720575940622348156,720575940628070419,20,set_2
720575940622348156,720575940628319899,108,set_2
720575940622348156,720575940628598121,180,set_2
720575940622348156,720575940628815381,140,set_2
720575940622348156,720575940629778554,28,set_2
720575940622348156,720575940630233404,20,set_2
720575940622348156,720575940630665210,296,set_2
720575940622348156,720575940630691958,260,set_2
720575940622348156,720575940630980559,40,set_2
720575940622348156,720575940631092943,20,set_2
720575940622348156,720575940631365340,40,set_2
720575940622348156,720575940631742381,96,set_2
720575940622348156,720575940632118156,196,set_2
720575940622348156,720575940632134227,64,set_2
720575940622348156,720575940633373651,64,set_2
720575940622348156,720575940633772257,48,set_2
720575940622348156,720575940634093337,48,set_2
720575940622348156,720575940634645600,92,set_2
720575940622348156,720575940635360924,36,set_2
720575940622348156,720575940635527092,40,set_2
720575940622348156,720575940637360730,132,set_2
720575940622348156,720575940638024794,36,set_2
720575940622348156,720575940638714694,20,set_2
720575940622348156,720575940639831459,44,set_2
720575940622348156,720575940643867296,60,set_2
720575940622348156,720575940651736566,52,set_2
720575940622433799,720575940609913042,192,set_2
720575940622433799,720575940614830239,360,set_2
720575940622433799,720575940619928929,120,set_2
720575940622433799,720575940622853011,240,set_2
720575940622433799,720575940626217226,228,set_2
720575940622433799,720575940627454569,468,set_2
720575940622433799,720575940629358807,72,set_2
720575940622433799,720575940630597839,216,set_2
720575940622433799,720575940640601563,312,set_2
720575940622433799,720575940658442625,564,set_2
720575940622474899,720575940605647234,22,set_2
720575940622474899,720575940606676572,16,set_2
720575940622474899,720575940615824011,12,set_2
720575940622474899,720575940621325150,10,set_2
720575940622474899,720575940621633683,26,set_2
720575940622474899,720575940630504466,14,set_2
720575940622474899,720575940630718511,58,set_2
720575940622474899,720575940634842804,10,set_2
720575940622474899,720575940635452570,28,set_2
720575940622520908,720575940605707710,16,set_2
720575940622520908,720575940605890784,16,set_2
720575940622520908,720575940607386290,22,set_2
720575940622520908,720575940607387314,66,set_2
720575940622520908,720575940609133269,12,set_2
720575940622520908,720575940609521250,10,set_2
720575940622520908,720575940609939780,18,set_2
720575940622520908,720575940610584945,110,set_2
720575940622520908,720575940611160930,26,set_2
720575940622520908,720575940612235747,10,set_2
720575940622520908,720575940612558061,62,set_2
720575940622520908,720575940612906518,44,set_2
720575940622520908,720575940617373268,24,set_2
720575940622520908,720575940617494877,32,set_2
720575940622520908,720575940620633947,74,set_2
720575940622520908,720575940622391337,96,set_2
720575940622520908,720575940623164941,12,set_2
720575940622520908,720575940623314312,74,set_2
720575940622520908,720575940624310857,10,set_2
720575940622520908,720575940625334349,12,set_2
720575940622520908,720575940626557442,46,set_2
720575940622520908,720575940626625813,166,set_2
720575940622520908,720575940626968216,116,set_2
720575940622520908,720575940627083294,60,set_2
720575940622520908,720575940627182217,10,set_2
720575940622520908,720575940628029180,110,set_2
720575940622520908,720575940628598121,12,set_2
720575940622520908,720575940628802069,28,set_2
720575940622520908,720575940628972048,10,set_2
720575940622520908,720575940628995331,38,set_2
720575940622520908,720575940629421415,70,set_2
720575940622520908,720575940629773276,26,set_2
720575940622520908,720575940630720763,12,set_2
720575940622520908,720575940631299602,12,set_2
720575940622520908,720575940632839763,10,set_2
720575940622520908,720575940633218444,70,set_2
720575940622520908,720575940633277209,26,set_2
720575940622520908,720575940633813940,18,set_2
720575940622520908,720575940634210155,54,set_2
720575940622520908,720575940634301852,76,set_2
720575940622520908,720575940634900855,130,set_2
720575940622520908,720575940635166571,64,set_2
720575940622520908,720575940635527322,12,set_2
720575940622520908,720575940636675214,10,set_2
720575940622520908,720575940637656286,18,set_2
720575940622520908,720575940639285949,56,set_2
720575940622520908,720575940645495587,46,set_2
720575940622520908,720575940647030324,126,set_2
720575940622520908,720575940648864633,24,set_2
720575940622520908,720575940652580086,54,set_2
720575940622609591,720575940608683477,8,set_2
720575940622609591,720575940612490958,20,set_2
720575940622609591,720575940613493485,8,set_2
720575940622609591,720575940614466983,36,set_2
720575940622609591,720575940617465137,7,set_2
720575940622609591,720575940617611921,7,set_2
720575940622609591,720575940617687067,19,set_2
720575940622609591,720575940621114177,6,set_2
720575940622609591,720575940625123453,5,set_2
720575940622609591,720575940625442795,10,set_2
720575940622609591,720575940626824469,10,set_2
720575940622609591,720575940627604674,7,set_2
720575940622609591,720575940630041913,10,set_2
720575940622609591,720575940633754707,14,set_2
720575940622609591,720575940647473796,13,set_2
720575940622657268,720575940609913042,78,set_2
720575940622657268,720575940610981362,174,set_2
720575940622657268,720575940619928929,36,set_2
720575940622657268,720575940624604560,60,set_2
720575940622657268,720575940627265265,42,set_2
720575940622657268,720575940627454569,150,set_2
720575940622657268,720575940637130985,96,set_2
720575940622657268,720575940640601563,78,set_2
720575940622657268,720575940658442625,54,set_2
720575940622661095,720575940613640685,10,set_2
720575940622661095,720575940622457579,10,set_2
720575940622661095,720575940623758377,10,set_2
720575940622661095,720575940630504466,12,set_2
720575940622661095,720575940631111983,36,set_2
720575940622661095,720575940631742381,18,set_2
720575940622661095,720575940634659508,14,set_2
720575940622661095,720575940643823470,14,set_2
720575940622661095,720575940646156420,14,set_2
720575940622661095,720575940660220289,14,set_2
720575940622688765,720575940613828202,24,set_2
720575940622688765,720575940639512192,68,set_2
720575940622688765,720575940647963513,20,set_2
720575940622732253,720575940609521250,40,set_2
720575940622732253,720575940611160930,64,set_2
720575940622732253,720575940611812050,56,set_2
720575940622732253,720575940612235747,40,set_2
720575940622732253,720575940612308776,40,set_2
720575940622732253,720575940613687789,144,set_2
720575940622732253,720575940615052812,96,set_2
720575940622732253,720575940615406590,288,set_2
720575940622732253,720575940616200790,48,set_2
720575940622732253,720575940617835313,40,set_2
720575940622732253,720575940618609317,40,set_2
720575940622732253,720575940621150191,56,set_2
720575940622732253,720575940621913513,64,set_2
720575940622732253,720575940622284947,96,set_2
720575940622732253,720575940623164941,40,set_2
720575940622732253,720575940623847181,256,set_2
720575940622732253,720575940626308697,160,set_2
720575940622732253,720575940630667372,56,set_2
720575940622732253,720575940631997032,48,set_2
720575940622732253,720575940632659404,88,set_2
720575940622732253,720575940632998028,72,set_2
720575940622732253,720575940633277209,48,set_2
720575940622732253,720575940635184735,40,set_2
720575940622732253,720575940643569518,48,set_2
720575940622732253,720575940644666660,40,set_2
720575940622732253,720575940647030324,104,set_2
720575940622732253,720575940654185377,72,set_2
720575940623004552,720575940611812050,21,set_2
720575940623004552,720575940613687789,24,set_2
720575940623004552,720575940613828202,33,set_2
720575940623004552,720575940627443996,42,set_2
720575940623004552,720575940628787016,15,set_2
720575940623004552,720575940639512192,45,set_2
720575940623017989,720575940604470240,18,set_2
720575940623017989,720575940605707710,33,set_2
720575940623017989,720575940605890784,63,set_2
720575940623017989,720575940607272649,39,set_2
720575940623017989,720575940608498780,15,set_2
720575940623017989,720575940608735241,84,set_2
720575940623017989,720575940609133269,90,set_2
720575940623017989,720575940609407939,15,set_2
720575940623017989,720575940609939780,27,set_2
720575940623017989,720575940610803554,24,set_2
720575940623017989,720575940611160930,72,set_2
720575940623017989,720575940611164770,66,set_2
720575940623017989,720575940612558061,60,set_2
720575940623017989,720575940612906518,15,set_2
720575940623017989,720575940616298171,15,set_2
720575940623017989,720575940617024562,24,set_2
720575940623017989,720575940617031385,36,set_2
720575940623017989,720575940617296029,24,set_2
720575940623017989,720575940617678566,18,set_2
720575940623017989,720575940617787963,15,set_2
720575940623017989,720575940622054753,60,set_2
720575940623017989,720575940622263066,39,set_2
720575940623017989,720575940622552675,30,set_2
720575940623017989,720575940623164941,21,set_2
720575940623017989,720575940623314312,75,set_2
720575940623017989,720575940623476407,150,set_2
720575940623017989,720575940623847181,27,set_2
720575940623017989,720575940623993015,30,set_2
720575940623017989,720575940625047484,27,set_2
720575940623017989,720575940626557442,30,set_2
720575940623017989,720575940626625813,18,set_2
720575940623017989,720575940626856344,18,set_2
720575940623017989,720575940626968216,195,set_2
720575940623017989,720575940627182217,141,set_2
720575940623017989,720575940627285267,21,set_2
720575940623017989,720575940629378754,30,set_2
720575940623017989,720575940629421415,63,set_2
720575940623017989,720575940630579574,27,set_2
720575940623017989,720575940631629160,60,set_2
720575940623017989,720575940631967506,72,set_2
720575940623017989,720575940631994728,21,set_2
720575940623017989,720575940632159519,36,set_2
720575940623017989,720575940633218444,135,set_2
720575940623017989,720575940634210155,297,set_2
720575940623017989,720575940634301852,102,set_2
720575940623017989,720575940634900855,21,set_2
720575940623017989,720575940639285949,33,set_2
720575940623017989,720575940639553920,93,set_2
720575940623017989,720575940643315748,27,set_2
720575940623017989,720575940644653348,75,set_2
720575940623017989,720575940652580086,24,set_2
720575940623029395,720575940609913042,88,set_2
720575940623029395,720575940614830239,198,set_2
720575940623029395,720575940617121819,286,set_2
720575940623029395,720575940619928929,88,set_2
720575940623029395,720575940621689880,308,set_2
720575940623029395,720575940622199593,374,set_2
720575940623029395,720575940622853011,176,set_2
720575940623029395,720575940623834300,110,set_2
720575940623029395,720575940624948867,451,set_2
720575940623029395,720575940625031610,297,set_2
720575940623029395,720575940626217226,88,set_2
720575940623029395,720575940626983952,407,set_2
720575940623029395,720575940627454569,88,set_2
720575940623029395,720575940628131778,429,set_2
720575940623029395,720575940630597839,66,set_2
720575940623029395,720575940632341452,66,set_2
720575940623029395,720575940633165980,66,set_2
720575940623029395,720575940640601563,220,set_2
720575940623029395,720575940658442625,220,set_2
720575940623097853,720575940612289010,20,set_2
720575940623097853,720575940612952557,30,set_2
720575940623097853,720575940620866544,10,set_2
720575940623097853,720575940627304424,12,set_2
720575940623097853,720575940628149763,14,set_2
720575940623097853,720575940635696279,30,set_2
720575940623139111,720575940612277090,18,set_2
720575940623139111,720575940612284387,18,set_2
720575940623139111,720575940616153371,39,set_2
720575940623139111,720575940617138466,30,set_2
720575940623139111,720575940618385718,78,set_2
720575940623139111,720575940618791515,48,set_2
720575940623139111,720575940619093163,15,set_2
720575940623139111,720575940620550534,30,set_2
720575940623139111,720575940621741094,48,set_2
720575940623139111,720575940622839786,27,set_2
720575940623139111,720575940622872870,111,set_2
720575940623139111,720575940623011845,129,set_2
720575940623139111,720575940625637946,33,set_2
720575940623139111,720575940628825210,27,set_2
720575940623139111,720575940628842106,30,set_2
720575940623139111,720575940629422183,15,set_2
720575940623139111,720575940630372153,27,set_2
720575940623139111,720575940634659508,21,set_2
720575940623139111,720575940635861146,174,set_2
720575940623139111,720575940647963513,18,set_2
720575940623139111,720575940648654468,15,set_2
720575940623154712,720575940603266592,156,set_2
720575940623154712,720575940606239666,72,set_2
720575940623154712,720575940608295689,84,set_2
720575940623154712,720575940609306563,180,set_2
720575940623154712,720575940609913042,264,set_2
720575940623154712,720575940610611246,192,set_2
720575940623154712,720575940610649442,132,set_2
720575940623154712,720575940611106453,120,set_2
720575940623154712,720575940611168921,192,set_2
720575940623154712,720575940611211417,252,set_2
720575940623154712,720575940611678181,84,set_2
720575940623154712,720575940611849178,84,set_2
720575940623154712,720575940612019569,432,set_2
720575940623154712,720575940612582514,156,set_2
720575940623154712,720575940613106582,108,set_2
720575940623154712,720575940614734186,180,set_2
720575940623154712,720575940614830239,1452,set_2
720575940623154712,720575940616163701,96,set_2
720575940623154712,720575940616264788,144,set_2
720575940623154712,720575940617151266,120,set_2
720575940623154712,720575940618887217,120,set_2
720575940623154712,720575940619072513,72,set_2
720575940623154712,720575940619103435,180,set_2
720575940623154712,720575940619155403,168,set_2
720575940623154712,720575940619793940,72,set_2
720575940623154712,720575940619928929,876,set_2
720575940623154712,720575940620692833,60,set_2
720575940623154712,720575940620692974,408,set_2
720575940623154712,720575940621898665,84,set_2
720575940623154712,720575940622335197,96,set_2
720575940623154712,720575940622585224,132,set_2
720575940623154712,720575940622743309,132,set_2
720575940623154712,720575940622853011,72,set_2
720575940623154712,720575940622863287,372,set_2
720575940623154712,720575940623183083,72,set_2
720575940623154712,720575940623660558,204,set_2
720575940623154712,720575940623843145,108,set_2
720575940623154712,720575940624310676,228,set_2
720575940623154712,720575940624976572,132,set_2
720575940623154712,720575940625450498,252,set_2
720575940623154712,720575940625696601,84,set_2
720575940623154712,720575940626217226,264,set_2
720575940623154712,720575940626767152,72,set_2
720575940623154712,720575940627402568,96,set_2
720575940623154712,720575940627438906,156,set_2
720575940623154712,720575940627443996,240,set_2
720575940623154712,720575940627454569,288,set_2
720575940623154712,720575940628504081,96,set_2
720575940623154712,720575940628616271,132,set_2
720575940623154712,720575940628680553,120,set_2
720575940623154712,720575940628825210,60,set_2
720575940623154712,720575940628891774,204,set_2
720575940623154712,720575940629112887,72,set_2
720575940623154712,720575940629358807,84,set_2
720575940623154712,720575940630229007,60,set_2
720575940623154712,720575940630597839,108,set_2
720575940623154712,720575940630702789,168,set_2
720575940623154712,720575940630893196,204,set_2
720575940623154712,720575940631069255,168,set_2
720575940623154712,720575940631204163,300,set_2
720575940623154712,720575940631331855,60,set_2
720575940623154712,720575940631366061,84,set_2
720575940623154712,720575940632146340,84,set_2
720575940623154712,720575940632302161,192,set_2
720575940623154712,720575940632467923,132,set_2
720575940623154712,720575940632998028,72,set_2
720575940623154712,720575940633017903,60,set_2
720575940623154712,720575940633165980,120,set_2
720575940623154712,720575940633455073,168,set_2
720575940623154712,720575940634085786,96,set_2
720575940623154712,720575940637130985,288,set_2
720575940623154712,720575940637580102,120,set_2
720575940623154712,720575940637650522,108,set_2
720575940623154712,720575940637747519,96,set_2
720575940623154712,720575940638419534,180,set_2
720575940623154712,720575940638813016,120,set_2
720575940623154712,720575940639555928,60,set_2
720575940623154712,720575940640601563,720,set_2
720575940623154712,720575940643065032,60,set_2
720575940623154712,720575940644157988,132,set_2
720575940623154712,720575940644676900,156,set_2
720575940623154712,720575940645108936,72,set_2
720575940623154712,720575940645743412,84,set_2
720575940623154712,720575940646736772,204,set_2
720575940623154712,720575940647084164,96,set_2
720575940623154712,720575940658442625,516,set_2
720575940623192781,720575940610004437,35,set_2
720575940623192781,720575940610611246,280,set_2
720575940623192781,720575940610615013,77,set_2
720575940623192781,720575940610986006,231,set_2
720575940623192781,720575940611157746,119,set_2
720575940623192781,720575940612019569,70,set_2
720575940623192781,720575940612277090,42,set_2
720575940623192781,720575940612339123,63,set_2
720575940623192781,720575940617678566,434,set_2
720575940623192781,720575940617787963,1155,set_2
720575940623192781,720575940620025620,35,set_2
720575940623192781,720575940620217582,56,set_2
720575940623192781,720575940620550534,182,set_2
720575940623192781,720575940620692974,56,set_2
720575940623192781,720575940621913513,42,set_2
720575940623192781,720575940622519156,175,set_2
720575940623192781,720575940622810153,35,set_2
720575940623192781,720575940622863287,35,set_2
720575940623192781,720575940623133223,84,set_2
720575940623192781,720575940624607076,133,set_2
720575940623192781,720575940624987175,70,set_2
720575940623192781,720575940626185353,84,set_2
720575940623192781,720575940626583836,91,set_2
720575940623192781,720575940627206074,175,set_2
720575940623192781,720575940628680553,77,set_2
720575940623192781,720575940628743752,35,set_2
720575940623192781,720575940628825210,322,set_2
720575940623192781,720575940629717370,168,set_2
720575940623192781,720575940630683385,63,set_2
720575940623192781,720575940631069255,35,set_2
720575940623192781,720575940631299090,147,set_2
720575940623192781,720575940631299602,91,set_2
720575940623192781,720575940634699119,259,set_2
720575940623192781,720575940640224640,49,set_2
720575940623192781,720575940644669732,56,set_2
720575940623192781,720575940644672548,196,set_2
720575940623192781,720575940646274670,140,set_2
720575940623192781,720575940647030324,35,set_2
720575940623207885,720575940607071106,15,set_2
720575940623207885,720575940611775717,27,set_2
720575940623207885,720575940613828202,120,set_2
720575940623207885,720575940614099142,33,set_2
720575940623207885,720575940615044502,27,set_2
720575940623207885,720575940615134557,15,set_2
720575940623207885,720575940617539355,27,set_2
720575940623207885,720575940618877531,24,set_2
720575940623207885,720575940619945931,24,set_2
720575940623207885,720575940621089741,15,set_2
720575940623207885,720575940622949820,30,set_2
720575940623207885,720575940624433027,54,set_2
720575940623207885,720575940627764780,21,set_2
720575940623207885,720575940628265467,15,set_2
720575940623207885,720575940628391686,63,set_2
720575940623207885,720575940628436282,15,set_2
720575940623207885,720575940629013199,66,set_2
720575940623207885,720575940629412170,24,set_2
720575940623207885,720575940629837563,24,set_2
720575940623207885,720575940629987587,21,set_2
720575940623207885,720575940632670156,39,set_2
720575940623207885,720575940634672610,42,set_2
720575940623207885,720575940635630308,48,set_2
720575940623207885,720575940645129672,15,set_2
720575940623224555,720575940610861554,10,set_2
720575940623224555,720575940611156978,14,set_2
720575940623224555,720575940613604162,18,set_2
720575940623224555,720575940615413435,16,set_2
720575940623224555,720575940617917396,22,set_2
720575940623224555,720575940619932404,12,set_2
720575940623224555,720575940622184105,10,set_2
720575940623224555,720575940622357965,132,set_2
720575940623224555,720575940622392260,10,set_2
720575940623224555,720575940623043069,22,set_2
720575940623224555,720575940626140164,10,set_2
720575940623224555,720575940627281594,36,set_2
720575940623224555,720575940627514567,26,set_2
720575940623224555,720575940628034044,12,set_2
720575940623224555,720575940628136347,30,set_2
720575940623224555,720575940628200506,38,set_2
720575940623224555,720575940628500540,10,set_2
720575940623224555,720575940628750248,18,set_2
720575940623224555,720575940628891396,22,set_2
720575940623224555,720575940629428695,54,set_2
720575940623224555,720575940630334658,12,set_2
720575940623224555,720575940630674038,10,set_2
720575940623224555,720575940630769145,12,set_2
720575940623224555,720575940631865228,18,set_2
720575940623224555,720575940635206251,10,set_2
720575940623224555,720575940637274852,18,set_2
720575940623224555,720575940639512192,42,set_2
720575940623224555,720575940640100440,18,set_2
720575940623224555,720575940655011489,16,set_2
720575940623339305,720575940609922372,9,set_2
720575940623339305,720575940623242900,21,set_2
720575940623339305,720575940626760600,5,set_2
720575940623339305,720575940627404858,6,set_2
720575940623339305,720575940629543409,51,set_2
720575940623339305,720575940648864633,8,set_2
720575940623449382,720575940607272649,26,set_2
720575940623449382,720575940607377586,22,set_2
720575940623449382,720575940607386290,10,set_2
720575940623449382,720575940609133269,14,set_2
720575940623449382,720575940610001220,14,set_2
720575940623449382,720575940610004437,10,set_2
720575940623449382,720575940611160930,90,set_2
720575940623449382,720575940611858906,14,set_2
720575940623449382,720575940613170385,10,set_2
720575940623449382,720575940614998166,56,set_2
720575940623449382,720575940616014092,22,set_2
720575940623449382,720575940616018956,12,set_2
720575940623449382,720575940616864086,18,set_2
720575940623449382,720575940619176094,12,set_2
720575940623449382,720575940619771375,10,set_2
720575940623449382,720575940619877396,10,set_2
720575940623449382,720575940620626011,16,set_2
720575940623449382,720575940621910399,12,set_2
720575940623449382,720575940622054753,42,set_2
720575940623449382,720575940623164941,14,set_2
720575940623449382,720575940623210445,70,set_2
720575940623449382,720575940623314312,12,set_2
720575940623449382,720575940623847181,30,set_2
720575940623449382,720575940624600840,30,set_2
720575940623449382,720575940625045180,26,set_2
720575940623449382,720575940625737776,16,set_2
720575940623449382,720575940626583836,10,set_2
720575940623449382,720575940627083294,10,set_2
720575940623449382,720575940627404858,12,set_2
720575940623449382,720575940627814728,10,set_2
720575940623449382,720575940628755815,56,set_2
720575940623449382,720575940630461404,36,set_2
720575940623449382,720575940630461660,94,set_2
720575940623449382,720575940630691958,10,set_2
720575940623449382,720575940631997032,62,set_2
720575940623449382,720575940632047890,14,set_2
720575940623449382,720575940632659404,36,set_2
720575940623449382,720575940633639063,12,set_2
720575940623449382,720575940635166571,16,set_2
720575940623449382,720575940636685454,30,set_2
720575940623449382,720575940637144944,10,set_2
720575940623449382,720575940638103349,120,set_2
720575940623449382,720575940639831459,24,set_2
720575940623449382,720575940644672548,16,set_2
720575940623449382,720575940647030324,122,set_2
720575940623507273,720575940605842400,20,set_2
720575940623507273,720575940607731292,16,set_2
720575940623507273,720575940610005828,26,set_2
720575940623507273,720575940611952810,10,set_2
720575940623507273,720575940612120794,40,set_2
720575940623507273,720575940612531370,16,set_2
720575940623507273,720575940614150567,64,set_2
720575940623507273,720575940614483879,90,set_2
720575940623507273,720575940614698658,18,set_2
720575940623507273,720575940614936543,22,set_2
720575940623507273,720575940615770811,16,set_2
720575940623507273,720575940616219222,20,set_2
720575940623507273,720575940617443001,10,set_2
720575940623507273,720575940619320046,18,set_2
720575940623507273,720575940620157787,12,set_2
720575940623507273,720575940621136961,14,set_2
720575940623507273,720575940622038622,10,set_2
720575940623507273,720575940622107937,34,set_2
720575940623507273,720575940622779519,20,set_2
720575940623507273,720575940624157001,18,set_2
720575940623507273,720575940624247787,48,set_2
720575940623507273,720575940625410622,12,set_2
720575940623507273,720575940625749904,44,set_2
720575940623507273,720575940626394767,10,set_2
720575940623507273,720575940626941080,20,set_2
720575940623507273,720575940626951434,12,set_2
720575940623507273,720575940629060986,14,set_2
720575940623507273,720575940629229271,10,set_2
720575940623507273,720575940629888316,10,set_2
720575940623507273,720575940630159676,10,set_2
720575940623507273,720575940630260439,44,set_2
720575940623507273,720575940630510454,30,set_2
720575940623507273,720575940630779586,24,set_2
720575940623507273,720575940630887737,12,set_2
720575940623507273,720575940631771971,12,set_2
720575940623507273,720575940632320815,20,set_2
720575940623507273,720575940632501668,30,set_2
720575940623507273,720575940632588748,18,set_2
720575940623507273,720575940633206753,18,set_2
720575940623507273,720575940633909344,14,set_2
720575940623507273,720575940634422880,12,set_2
720575940623507273,720575940634475616,18,set_2
720575940623507273,720575940637852590,10,set_2
720575940623507273,720575940638865011,26,set_2
720575940623617973,720575940605029036,14,set_2
720575940623617973,720575940605341216,31,set_2
720575940623617973,720575940605725873,69,set_2
720575940623617973,720575940606667977,13,set_2
720575940623617973,720575940607596811,6,set_2
720575940623617973,720575940608029707,17,set_2
720575940623617973,720575940609682756,18,set_2
720575940623617973,720575940609719250,16,set_2
720575940623617973,720575940609819512,8,set_2
720575940623617973,720575940610896338,6,set_2
720575940623617973,720575940611128782,6,set_2
720575940623617973,720575940611697066,13,set_2
720575940623617973,720575940611771029,20,set_2
720575940623617973,720575940611782874,31,set_2
720575940623617973,720575940612031986,43,set_2
720575940623617973,720575940612266213,8,set_2
720575940623617973,720575940612910376,13,set_2
720575940623617973,720575940613234897,18,set_2
720575940623617973,720575940613797295,6,set_2
720575940623617973,720575940613865110,9,set_2
720575940623617973,720575940613877423,19,set_2
720575940623617973,720575940613898449,104,set_2
720575940623617973,720575940614326162,6,set_2
720575940623617973,720575940614483879,141,set_2
720575940623617973,720575940614659690,21,set_2
720575940623617973,720575940614709410,5,set_2
720575940623617973,720575940615193100,15,set_2
720575940623617973,720575940615198367,8,set_2
720575940623617973,720575940615379686,8,set_2
720575940623617973,720575940615438402,7,set_2
720575940623617973,720575940615606489,5,set_2
720575940623617973,720575940615971841,19,set_2
720575940623617973,720575940616056114,7,set_2
720575940623617973,720575940616408065,22,set_2
720575940623617973,720575940616419701,5,set_2
720575940623617973,720575940616483414,17,set_2
720575940623617973,720575940616577141,13,set_2
720575940623617973,720575940616987097,95,set_2
720575940623617973,720575940617272699,7,set_2
720575940623617973,720575940617452689,21,set_2
720575940623617973,720575940617504581,5,set_2
720575940623617973,720575940617707398,6,set_2
720575940623617973,720575940617866048,13,set_2
720575940623617973,720575940618021755,5,set_2
720575940623617973,720575940618442681,64,set_2
720575940623617973,720575940618726765,5,set_2
720575940623617973,720575940618830676,5,set_2
720575940623617973,720575940619419457,14,set_2
720575940623617973,720575940619469677,17,set_2
720575940623617973,720575940619517131,5,set_2
720575940623617973,720575940619696731,172,set_2
720575940623617973,720575940619770608,30,set_2
720575940623617973,720575940620441024,32,set_2
720575940623617973,720575940621033152,6,set_2
720575940623617973,720575940621673852,6,set_2
720575940623617973,720575940622114121,24,set_2
720575940623617973,720575940622172540,12,set_2
720575940623617973,720575940622335197,7,set_2
720575940623617973,720575940622348424,10,set_2
720575940623617973,720575940622350472,6,set_2
720575940623617973,720575940622541005,7,set_2
720575940623617973,720575940622658317,48,set_2
720575940623617973,720575940622815684,15,set_2
720575940623617973,720575940622894349,9,set_2
720575940623617973,720575940623237161,47,set_2
720575940623617973,720575940623260415,105,set_2
720575940623617973,720575940623446860,15,set_2
720575940623617973,720575940623598058,9,set_2
720575940623617973,720575940623912117,17,set_2
720575940623617973,720575940623912636,7,set_2
720575940623617973,720575940623919287,68,set_2
720575940623617973,720575940623946988,13,set_2
720575940623617973,720575940624014483,140,set_2
720575940623617973,720575940624015287,7,set_2
720575940623617973,720575940624095496,33,set_2
720575940623617973,720575940624409444,30,set_2
720575940623617973,720575940624701513,22,set_2
720575940623617973,720575940624710122,46,set_2
720575940623617973,720575940624956860,7,set_2
720575940623617973,720575940625334970,54,set_2
720575940623617973,720575940625343640,11,set_2
720575940623617973,720575940625494792,36,set_2
720575940623617973,720575940625663674,15,set_2
720575940623617973,720575940625901002,6,set_2
720575940623617973,720575940626243569,6,set_2
720575940623617973,720575940626324357,7,set_2
720575940623617973,720575940626465096,11,set_2
720575940623617973,720575940626547817,10,set_2
720575940623617973,720575940626968305,5,set_2
720575940623617973,720575940626976555,34,set_2
720575940623617973,720575940627776450,5,set_2
720575940623617973,720575940627912492,13,set_2
720575940623617973,720575940628182748,13,set_2
720575940623617973,720575940628592506,18,set_2
720575940623617973,720575940628983887,24,set_2
720575940623617973,720575940629144987,15,set_2
720575940623617973,720575940629488578,8,set_2
720575940623617973,720575940629538320,5,set_2
720575940623617973,720575940629563642,15,set_2
720575940623617973,720575940629681278,71,set_2
720575940623617973,720575940629746176,11,set_2
720575940623617973,720575940629749559,31,set_2
720575940623617973,720575940629943148,8,set_2
720575940623617973,720575940629985132,13,set_2
720575940623617973,720575940630250860,13,set_2
720575940623617973,720575940630902083,8,set_2
720575940623617973,720575940630944843,32,set_2
720575940623617973,720575940630955205,9,set_2
720575940623617973,720575940631208466,6,set_2
720575940623617973,720575940631242799,8,set_2
720575940623617973,720575940631393384,5,set_2
720575940623617973,720575940631627843,12,set_2
720575940623617973,720575940631686308,6,set_2
720575940623617973,720575940631997767,27,set_2
720575940623617973,720575940631998023,5,set_2
720575940623617973,720575940632282449,15,set_2
720575940623617973,720575940632399691,5,set_2
720575940623617973,720575940632848045,16,set_2
720575940623617973,720575940632890425,35,set_2
720575940623617973,720575940633210475,15,set_2
720575940623617973,720575940633545823,5,set_2
720575940623617973,720575940633785369,8,set_2
720575940623617973,720575940634035863,9,set_2
720575940623617973,720575940634217061,9,set_2
720575940623617973,720575940634232427,9,set_2
720575940623617973,720575940634285523,7,set_2
720575940623617973,720575940634557335,17,set_2
720575940623617973,720575940635111449,6,set_2
720575940623617973,720575940635229335,50,set_2
720575940623617973,720575940636137079,11,set_2
720575940623617973,720575940636469166,6,set_2
720575940623617973,720575940636505957,15,set_2
720575940623617973,720575940636571534,5,set_2
720575940623617973,720575940637964521,7,set_2
720575940623617973,720575940639274574,6,set_2
720575940623617973,720575940639778904,36,set_2
720575940623617973,720575940642398965,5,set_2
720575940623617973,720575940644223267,11,set_2
720575940623617973,720575940644965940,13,set_2
720575940623617973,720575940645176264,5,set_2
720575940623617973,720575940646852660,5,set_2
720575940623675367,720575940610005828,7,set_2
720575940623675367,720575940614150567,17,set_2
720575940623675367,720575940615886534,9,set_2
720575940623675367,720575940621025872,6,set_2
720575940623675367,720575940622107937,13,set_2
720575940623675367,720575940623636957,5,set_2
720575940623675367,720575940624712206,15,set_2
720575940623675367,720575940626220669,7,set_2
720575940623675367,720575940630579052,5,set_2
720575940623675367,720575940632501668,6,set_2
720575940623675367,720575940633626337,5,set_2
720575940623675367,720575940634422880,7,set_2
720575940623675367,720575940635116383,5,set_2
720575940623675367,720575940639910488,15,set_2
720575940623675367,720575940641220853,6,set_2
720575940623675367,720575940643448430,5,set_2
720575940623696362,720575940610698052,7,set_2
720575940623696362,720575940610956334,86,set_2
720575940623696362,720575940615292895,14,set_2
720575940623696362,720575940616127931,29,set_2
720575940623696362,720575940621771041,28,set_2
720575940623696362,720575940622184105,13,set_2
720575940623696362,720575940622695448,6,set_2
720575940623696362,720575940624007523,5,set_2
720575940623696362,720575940624600840,28,set_2
720575940623696362,720575940627814728,28,set_2
720575940623696362,720575940628478449,23,set_2
720575940623696362,720575940629428215,5,set_2
720575940623696362,720575940629543409,5,set_2
720575940623696362,720575940629766266,5,set_2
720575940623696362,720575940630808827,83,set_2
720575940623696362,720575940631092943,24,set_2
720575940623696362,720575940631742381,16,set_2
720575940623696362,720575940632030008,16,set_2
720575940623696362,720575940641536987,93,set_2
720575940623696362,720575940645537902,11,set_2
720575940623696362,720575940647606148,98,set_2
720575940623696362,720575940660281217,9,set_2
720575940623737525,720575940605891040,15,set_2
720575940623737525,720575940606298754,21,set_2
720575940623737525,720575940608186498,24,set_2
720575940623737525,720575940609646126,24,set_2
720575940623737525,720575940610548337,24,set_2
720575940623737525,720575940613407647,18,set_2
720575940623737525,720575940613983794,27,set_2
720575940623737525,720575940614245526,60,set_2
720575940623737525,720575940615464891,30,set_2
720575940623737525,720575940615505979,21,set_2
720575940623737525,720575940615607308,69,set_2
720575940623737525,720575940616567636,42,set_2
720575940623737525,720575940616882757,36,set_2
720575940623737525,720575940617559041,18,set_2
720575940623737525,720575940618842351,72,set_2
720575940623737525,720575940619134789,36,set_2
720575940623737525,720575940619767899,18,set_2
720575940623737525,720575940620519083,15,set_2
720575940623737525,720575940621136519,24,set_2
720575940623737525,720575940621163277,24,set_2
720575940623737525,720575940622101281,27,set_2
720575940623737525,720575940622182669,63,set_2
720575940623737525,720575940622431049,33,set_2
720575940623737525,720575940622701808,24,set_2
720575940623737525,720575940623142536,36,set_2
720575940623737525,720575940623960563,24,set_2
720575940623737525,720575940625355281,21,set_2
720575940623737525,720575940625947594,15,set_2
720575940623737525,720575940626024124,51,set_2
720575940623737525,720575940626145636,15,set_2
720575940623737525,720575940626506472,21,set_2
720575940623737525,720575940626623754,36,set_2
720575940623737525,720575940626661139,21,set_2
720575940623737525,720575940626970088,27,set_2
720575940623737525,720575940627384049,33,set_2
720575940623737525,720575940628260106,27,set_2
720575940623737525,720575940628407852,36,set_2
720575940623737525,720575940629044123,45,set_2
720575940623737525,720575940629131772,15,set_2
720575940623737525,720575940629951852,18,set_2
720575940623737525,720575940630520139,36,set_2
720575940623737525,720575940630868271,66,set_2
720575940623737525,720575940630883343,51,set_2
720575940623737525,720575940631501112,18,set_2
720575940623737525,720575940631518495,33,set_2
720575940623737525,720575940631528655,33,set_2
720575940623737525,720575940633587552,15,set_2
720575940623737525,720575940634767258,51,set_2
720575940623737525,720575940634953079,36,set_2
720575940623737525,720575940634982904,60,set_2
720575940623737525,720575940639358579,51,set_2
720575940623737525,720575940640356149,18,set_2
720575940623737525,720575940640437133,21,set_2
720575940623737525,720575940641673936,27,set_2
720575940623737525,720575940646705028,27,set_2
720575940623853837,720575940611352538,20,set_2
720575940623853837,720575940611859057,36,set_2
720575940623853837,720575940612277090,24,set_2
720575940623853837,720575940613992657,64,set_2
720575940623853837,720575940616423647,68,set_2
720575940623853837,720575940617690658,48,set_2
720575940623853837,720575940621040737,100,set_2
720575940623853837,720575940624120649,40,set_2
720575940623853837,720575940624870663,28,set_2
720575940623853837,720575940625007256,24,set_2
720575940623853837,720575940632464146,56,set_2
720575940623853837,720575940632737081,96,set_2
720575940623853837,720575940633557924,32,set_2
720575940623853837,720575940634856543,44,set_2
720575940623853837,720575940641546715,96,set_2
720575940623853837,720575940643251748,20,set_2
720575940623853837,720575940645223278,20,set_2
720575940623861962,720575940622457579,65,set_2
720575940623861962,720575940631111983,25,set_2
720575940623861962,720575940631742381,25,set_2
720575940623861962,720575940646156420,45,set_2
720575940624012981,720575940607170178,10,set_2
720575940624012981,720575940609970090,14,set_2
720575940624012981,720575940619517131,22,set_2
720575940624012981,720575940623282985,40,set_2
720575940624012981,720575940624712206,70,set_2
720575940624012981,720575940624743096,12,set_2
720575940624012981,720575940626465096,18,set_2
720575940624012981,720575940630853436,34,set_2
720575940624012981,720575940636505957,10,set_2
720575940624012981,720575940637263337,16,set_2
720575940624016227,720575940606676572,32,set_2
720575940624016227,720575940610611246,32,set_2
720575940624016227,720575940612277090,20,set_2
720575940624016227,720575940616618053,32,set_2
720575940624016227,720575940618791515,64,set_2
720575940624016227,720575940620503512,24,set_2
720575940624016227,720575940620550534,44,set_2
720575940624016227,720575940620553654,44,set_2
720575940624016227,720575940620957423,40,set_2
720575940624016227,720575940621741094,24,set_2
720575940624016227,720575940622839786,24,set_2
720575940624016227,720575940623011845,20,set_2
720575940624016227,720575940623078071,32,set_2
720575940624016227,720575940623777065,20,set_2
720575940624016227,720575940624554170,76,set_2
720575940624016227,720575940629422183,80,set_2
720575940624016227,720575940631056185,20,set_2
720575940624016227,720575940643337508,20,set_2
720575940624016227,720575940648804217,40,set_2
720575940624040743,720575940604130481,14,set_2
720575940624040743,720575940605938633,12,set_2
720575940624040743,720575940616153371,20,set_2
720575940624040743,720575940617229691,12,set_2
720575940624040743,720575940618385718,42,set_2
720575940624040743,720575940620691327,24,set_2
720575940624040743,720575940620798284,28,set_2
720575940624040743,720575940620812528,12,set_2
720575940624040743,720575940621827419,10,set_2
720575940624040743,720575940622839786,12,set_2
720575940624040743,720575940623011845,10,set_2
720575940624040743,720575940624606502,12,set_2
720575940624040743,720575940625796839,14,set_2
720575940624040743,720575940626308697,24,set_2
720575940624040743,720575940626375164,22,set_2
720575940624040743,720575940626449158,24,set_2
720575940624040743,720575940626902856,32,set_2
720575940624040743,720575940630918308,16,set_2
720575940624040743,720575940633226652,16,set_2
720575940624040743,720575940635861146,18,set_2
720575940624040743,720575940637417038,50,set_2
720575940624040743,720575940644932131,20,set_2
720575940624040743,720575940645878068,20,set_2
720575940624040743,720575940648654468,12,set_2
720575940624040743,720575940651601910,14,set_2
720575940624079288,720575940605043121,5,set_2
720575940624079288,720575940607017993,19,set_2
720575940624079288,720575940608836291,11,set_2
720575940624079288,720575940611496165,10,set_2
720575940624079288,720575940614010274,8,set_2
720575940624079288,720575940614768168,5,set_2
720575940624079288,720575940615059240,5,set_2
720575940624079288,720575940621525673,5,set_2
720575940624079288,720575940622466027,6,set_2
720575940624079288,720575940623598058,16,set_2
720575940624079288,720575940624891440,6,set_2
720575940624079288,720575940625051725,5,set_2
720575940624079288,720575940625240653,7,set_2
720575940624079288,720575940625990500,6,set_2
720575940624079288,720575940626146052,5,set_2
720575940624079288,720575940627259962,9,set_2
720575940624079288,720575940627747560,7,set_2
720575940624079288,720575940627876584,8,set_2
720575940624079288,720575940628074365,6,set_2
720575940624079288,720575940629242428,16,set_2
720575940624079288,720575940629845303,7,set_2
720575940624079288,720575940631260716,7,set_2
720575940624079288,720575940631853615,13,set_2
720575940624079288,720575940631991266,11,set_2
720575940624079288,720575940633292057,6,set_2
720575940624079288,720575940636351845,8,set_2
720575940624079288,720575940637424094,6,set_2
720575940624079288,720575940646735156,5,set_2
720575940624139559,720575940611549902,11,set_2
720575940624139559,720575940616298171,21,set_2
720575940624139559,720575940624015287,6,set_2
720575940624139559,720575940625002936,5,set_2
720575940624139559,720575940627182217,7,set_2
720575940624139559,720575940628391686,22,set_2
720575940624139559,720575940628436282,10,set_2
720575940624139559,720575940629717370,13,set_2
720575940624139559,720575940632030008,11,set_2
720575940624139559,720575940632670156,16,set_2
720575940624139559,720575940635610548,12,set_2
720575940624216359,720575940621827419,30,set_2
720575940624216359,720575940623535044,25,set_2
720575940624216359,720575940625489160,25,set_2
720575940624216359,720575940635696279,25,set_2
720575940624216359,720575940642428045,100,set_2
720575940624222205,720575940606388146,14,set_2
720575940624222205,720575940615292895,30,set_2
720575940624222205,720575940623535044,34,set_2
720575940624222205,720575940631742381,12,set_2
720575940624222205,720575940631997032,12,set_2
720575940624253991,720575940610079957,40,set_2
720575940624253991,720575940614965691,20,set_2
720575940624253991,720575940619453831,36,set_2
720575940624253991,720575940629987587,28,set_2
720575940624253991,720575940631742381,24,set_2
720575940624273149,720575940631742381,32,set_2
720575940624273149,720575940641536987,24,set_2
720575940624281165,720575940605647234,24,set_2
720575940624281165,720575940611374554,33,set_2
720575940624281165,720575940614572542,21,set_2
720575940624281165,720575940615824011,18,set_2
720575940624281165,720575940616295493,18,set_2
720575940624281165,720575940617241629,24,set_2
720575940624281165,720575940617504561,21,set_2
720575940624281165,720575940618195254,18,set_2
720575940624281165,720575940618385718,51,set_2
720575940624281165,720575940618552761,15,set_2
720575940624281165,720575940619451989,30,set_2
720575940624281165,720575940622515895,18,set_2
720575940624281165,720575940622872870,18,set_2
720575940624281165,720575940623011845,33,set_2
720575940624281165,720575940623014695,57,set_2
720575940624281165,720575940623044103,78,set_2
720575940624281165,720575940623777065,15,set_2
720575940624281165,720575940625449554,24,set_2
720575940624281165,720575940626015640,69,set_2
720575940624281165,720575940629974531,18,set_2
720575940624281165,720575940630670890,24,set_2
720575940624281165,720575940631008824,42,set_2
720575940624281165,720575940633304601,39,set_2
720575940624281165,720575940635861146,39,set_2
720575940624281165,720575940636822069,15,set_2
720575940624281165,720575940639672893,27,set_2
720575940624352970,720575940627254856,57,set_2
720575940624352970,720575940627443996,45,set_2
720575940624352970,720575940639512192,45,set_2
720575940624352970,720575940643823470,18,set_2
720575940624377323,720575940605675808,14,set_2
720575940624377323,720575940607891401,23,set_2
720575940624377323,720575940610409170,13,set_2
720575940624377323,720575940610483162,6,set_2
720575940624377323,720575940610698052,15,set_2
720575940624377323,720575940610980118,13,set_2
720575940624377323,720575940611139733,8,set_2
720575940624377323,720575940611423402,30,set_2
720575940624377323,720575940612120794,15,set_2
720575940624377323,720575940612584419,7,set_2
720575940624377323,720575940613530349,20,set_2
720575940624377323,720575940613691559,7,set_2
720575940624377323,720575940614574994,11,set_2
720575940624377323,720575940615255603,7,set_2
720575940624377323,720575940616766294,8,set_2
720575940624377323,720575940617277145,10,set_2
720575940624377323,720575940617932189,7,set_2
720575940624377323,720575940618025199,7,set_2
720575940624377323,720575940618214966,20,set_2
720575940624377323,720575940618331038,5,set_2
720575940624377323,720575940618594022,10,set_2
720575940624377323,720575940619537201,14,set_2
720575940624377323,720575940619881131,5,set_2
720575940624377323,720575940620157787,6,set_2
720575940624377323,720575940620472235,32,set_2
720575940624377323,720575940621916952,5,set_2
720575940624377323,720575940622038622,5,set_2
720575940624377323,720575940622722659,11,set_2
720575940624377323,720575940622819559,7,set_2
720575940624377323,720575940623197183,25,set_2
720575940624377323,720575940623404541,5,set_2
720575940624377323,720575940624247787,7,set_2
720575940624377323,720575940624266061,5,set_2
720575940624377323,720575940624344072,5,set_2
720575940624377323,720575940624662764,7,set_2
720575940624377323,720575940625681850,5,set_2
720575940624377323,720575940625749904,13,set_2
720575940624377323,720575940625768336,36,set_2
720575940624377323,720575940626201372,5,set_2
720575940624377323,720575940627286794,6,set_2
720575940624377323,720575940627556868,6,set_2
720575940624377323,720575940627709956,5,set_2
720575940624377323,720575940628058493,10,set_2
720575940624377323,720575940628455996,6,set_2
720575940624377323,720575940628478449,6,set_2
720575940624377323,720575940629837563,22,set_2
720575940624377323,720575940630147127,8,set_2
720575940624377323,720575940630260439,10,set_2
720575940624377323,720575940630501228,16,set_2
720575940624377323,720575940631250232,23,set_2
720575940624377323,720575940631966545,14,set_2
720575940624377323,720575940632009784,11,set_2
720575940624377323,720575940632081036,30,set_2
720575940624377323,720575940632832301,18,set_2
720575940624377323,720575940633563679,5,set_2
720575940624377323,720575940634156755,21,set_2
720575940624377323,720575940635493812,18,set_2
720575940624377323,720575940636625806,22,set_2
720575940624377323,720575940637688292,13,set_2
720575940624377323,720575940637922367,5,set_2
720575940624377323,720575940638832035,20,set_2
720575940624377323,720575940640129408,19,set_2
720575940624377323,720575940640894709,12,set_2
720575940624377323,720575940641148149,17,set_2
720575940624377323,720575940645129524,9,set_2
720575940624377323,720575940646386308,5,set_2
720575940624377323,720575940654823329,16,set_2
720575940624377323,720575940660281217,9,set_2
720575940624427466,720575940614150567,32,set_2
720575940624427466,720575940615663466,20,set_2
720575940624427466,720575940615898086,16,set_2
720575940624427466,720575940617391197,18,set_2
720575940624427466,720575940618966464,12,set_2
720575940624427466,720575940621009840,14,set_2
720575940624427466,720575940622107937,22,set_2
720575940624427466,720575940626883345,12,set_2
720575940624427466,720575940630510454,72,set_2
720575940624427466,720575940634475616,18,set_2
720575940624427466,720575940636716718,14,set_2
720575940624427466,720575940640031360,20,set_2
720575940624454221,720575940609625442,14,set_2
720575940624454221,720575940610384281,5,set_2
720575940624454221,720575940611254681,5,set_2
720575940624454221,720575940611374554,22,set_2
720575940624454221,720575940612289010,14,set_2
720575940624454221,720575940613895934,13,set_2
720575940624454221,720575940614572542,11,set_2
720575940624454221,720575940615043112,5,set_2
720575940624454221,720575940615792523,24,set_2
720575940624454221,720575940617241629,8,set_2
720575940624454221,720575940620287067,7,set_2
720575940624454221,720575940620628957,5,set_2
720575940624454221,720575940622273868,7,set_2
720575940624454221,720575940622897639,12,set_2
720575940624454221,720575940623081400,5,set_2
720575940624454221,720575940625449554,8,set_2
720575940624454221,720575940626775824,21,set_2
720575940624454221,720575940628422555,31,set_2
720575940624454221,720575940630065468,6,set_2
720575940624454221,720575940630918308,7,set_2
720575940624454221,720575940638989219,17,set_2
720575940624454221,720575940639672893,7,set_2
720575940624454221,720575940642715040,28,set_2
720575940624454221,720575940650527222,6,set_2
720575940624528740,720575940605589378,207,set_2
720575940624528740,720575940612284387,63,set_2
720575940624528740,720575940617229691,45,set_2
720575940624528740,720575940619398872,144,set_2
720575940624528740,720575940619866059,441,set_2
720575940624528740,720575940620096171,189,set_2
720575940624528740,720575940623802151,63,set_2
720575940624528740,720575940624532408,297,set_2
720575940624528740,720575940626742532,198,set_2
720575940624528740,720575940628842106,54,set_2
720575940624528740,720575940629422183,153,set_2
720575940624528740,720575940630073145,108,set_2
720575940624528740,720575940630372153,207,set_2
720575940624528740,720575940630393427,189,set_2
720575940624528740,720575940630504466,279,set_2
720575940624528740,720575940631111983,117,set_2
720575940624528740,720575940631299602,72,set_2
720575940624528740,720575940635938495,252,set_2
720575940624528740,720575940636574388,99,set_2
720575940624528740,720575940637151807,558,set_2
720575940624528740,720575940638996413,306,set_2
720575940624528740,720575940639227224,693,set_2
720575940624528740,720575940639826339,54,set_2
720575940624528740,720575940644327022,378,set_2
720575940624528740,720575940646156420,45,set_2
720575940624530372,720575940607386290,36,set_2
720575940624530372,720575940610232274,48,set_2
720575940624530372,720575940616018956,30,set_2
720575940624530372,720575940621332092,36,set_2
720575940624530372,720575940622493260,36,set_2
720575940624530372,720575940623476407,42,set_2
720575940624530372,720575940626835146,30,set_2
720575940624530372,720575940627113544,54,set_2
720575940624530372,720575940647606148,96,set_2
720575940624530372,720575940652580086,138,set_2
720575940624580390,720575940615973388,5,set_2
720575940624580390,720575940624343822,8,set_2
720575940624580390,720575940624379394,5,set_2
720575940624580390,720575940626449158,11,set_2
720575940624580390,720575940626775824,8,set_2
720575940624580390,720575940628262249,5,set_2
720575940624580390,720575940632879842,6,set_2
720575940624580390,720575940638989219,5,set_2
720575940624580390,720575940649828473,8,set_2
720575940624659789,720575940606388146,24,set_2
720575940624659789,720575940610623658,24,set_2
720575940624659789,720575940610986006,20,set_2
720575940624659789,720575940612277090,28,set_2
720575940624659789,720575940616153371,52,set_2
720575940624659789,720575940617138466,36,set_2
720575940624659789,720575940617636213,60,set_2
720575940624659789,720575940618385718,204,set_2
720575940624659789,720575940620411169,32,set_2
720575940624659789,720575940620550534,28,set_2
720575940624659789,720575940620878785,48,set_2
720575940624659789,720575940621741094,36,set_2
720575940624659789,720575940621827419,172,set_2
720575940624659789,720575940623011845,36,set_2
720575940624659789,720575940623078071,40,set_2
720575940624659789,720575940623620586,32,set_2
720575940624659789,720575940624554170,76,set_2
720575940624659789,720575940624865584,60,set_2
720575940624659789,720575940627276474,24,set_2
720575940624659789,720575940631056185,32,set_2
720575940624659789,720575940635861146,24,set_2
720575940624659789,720575940637417038,24,set_2
720575940624659789,720575940643337508,104,set_2
720575940624659789,720575940648804217,56,set_2
720575940624659789,720575940649828473,24,set_2
720575940624659789,720575940651601910,44,set_2
720575940624746940,720575940613983794,10,set_2
720575940624746940,720575940620565339,16,set_2
720575940624746940,720575940622607069,20,set_2
720575940624746940,720575940623284009,14,set_2
720575940624746940,720575940624155672,18,set_2
720575940624746940,720575940624185095,14,set_2
720575940624746940,720575940627739225,20,set_2
720575940624746940,720575940630484687,10,set_2
720575940624746940,720575940630736123,26,set_2
720575940624746940,720575940634698079,12,set_2
720575940624746940,720575940635280632,42,set_2
720575940624928284,720575940606254002,200,set_2
720575940624928284,720575940609913042,60,set_2
720575940624928284,720575940610232274,80,set_2
720575940624928284,720575940610611246,190,set_2
720575940624928284,720575940611018714,250,set_2
720575940624928284,720575940611211417,50,set_2
720575940624928284,720575940612277090,50,set_2
720575940624928284,720575940616562150,180,set_2
720575940624928284,720575940616971035,180,set_2
720575940624928284,720575940617151266,90,set_2
720575940624928284,720575940617539355,240,set_2
720575940624928284,720575940617755220,120,set_2
720575940624928284,720575940618165787,350,set_2
720575940624928284,720575940620008112,50,set_2
720575940624928284,720575940620550534,50,set_2
720575940624928284,720575940621898665,100,set_2
720575940624928284,720575940622236671,130,set_2
720575940624928284,720575940623535044,110,set_2
720575940624928284,720575940624976572,100,set_2
720575940624928284,720575940625450498,70,set_2
720575940624928284,720575940625615705,280,set_2
720575940624928284,720575940625752778,50,set_2
720575940624928284,720575940625799513,50,set_2
720575940624928284,720575940627254856,50,set_2
720575940624928284,720575940627359109,60,set_2
720575940624928284,720575940627397263,70,set_2
720575940624928284,720575940628319899,100,set_2
720575940624928284,720575940628673474,200,set_2
720575940624928284,720575940629111490,50,set_2
720575940624928284,720575940630229007,130,set_2
720575940624928284,720575940630504466,100,set_2
720575940624928284,720575940630893196,70,set_2
720575940624928284,720575940631106664,140,set_2
720575940624928284,720575940631204163,70,set_2
720575940624928284,720575940631284511,110,set_2
720575940624928284,720575940633791935,250,set_2
720575940624928284,720575940637165028,70,set_2
720575940624928284,720575940637686750,80,set_2
720575940624928284,720575940638419534,100,set_2
720575940624928284,720575940638608803,230,set_2
720575940624928284,720575940639206077,560,set_2
720575940624928284,720575940648864633,120,set_2
720575940624928284,720575940651736566,80,set_2
720575940625081290,720575940626735100,24,set_2
720575940625081290,720575940627254856,60,set_2
720575940625081290,720575940627443996,20,set_2
720575940625081290,720575940634659508,28,set_2
720575940625081290,720575940639512192,24,set_2
720575940625081290,720575940643823470,48,set_2
720575940625081290,720575940646156420,20,set_2
720575940625102692,720575940607777628,49,set_2
720575940625102692,720575940611988197,119,set_2
720575940625102692,720575940612554393,42,set_2
720575940625102692,720575940615052812,462,set_2
720575940625102692,720575940621119367,252,set_2
720575940625102692,720575940621332092,49,set_2
720575940625102692,720575940622284947,63,set_2
720575940625102692,720575940622457579,63,set_2
720575940625102692,720575940622587018,49,set_2
720575940625102692,720575940623192039,42,set_2
720575940625102692,720575940623201205,35,set_2
720575940625102692,720575940623333964,161,set_2
720575940625102692,720575940626308697,427,set_2
720575940625102692,720575940627113544,56,set_2
720575940625102692,720575940627371834,70,set_2
720575940625102692,720575940628676457,77,set_2
720575940625102692,720575940628857850,49,set_2
720575940625102692,720575940632427595,49,set_2
720575940625102692,720575940632659404,56,set_2
720575940625102692,720575940634527840,56,set_2
720575940625102692,720575940644666660,56,set_2
720575940625115422,720575940636247273,12,set_2
720575940625115422,720575940638540221,12,set_2
720575940625137497,720575940604934502,12,set_2
720575940625137497,720575940611374554,48,set_2
720575940625137497,720575940611868825,46,set_2
720575940625137497,720575940613992657,24,set_2
720575940625137497,720575940616153371,14,set_2
720575940625137497,720575940617241629,32,set_2
720575940625137497,720575940618195254,20,set_2
720575940625137497,720575940618385718,26,set_2
720575940625137497,720575940618552761,10,set_2
720575940625137497,720575940619451989,18,set_2
720575940625137497,720575940621633683,10,set_2
720575940625137497,720575940621827419,36,set_2
720575940625137497,720575940623014695,10,set_2
720575940625137497,720575940626015640,22,set_2
720575940625137497,720575940627594540,18,set_2
720575940625137497,720575940629422183,10,set_2
720575940625137497,720575940630670890,10,set_2
720575940625137497,720575940633304601,44,set_2
720575940625137497,720575940635861146,18,set_2
720575940625137497,720575940638989219,28,set_2
720575940625137497,720575940639672893,52,set_2
720575940625137497,720575940651601910,12,set_2
720575940625172016,720575940612208858,18,set_2
720575940625172016,720575940612952557,184,set_2
720575940625172016,720575940613170385,22,set_2
720575940625172016,720575940613533607,44,set_2
720575940625172016,720575940613695346,20,set_2
720575940625172016,720575940614950194,12,set_2
720575940625172016,720575940616071483,42,set_2
720575940625172016,720575940616200790,18,set_2
720575940625172016,720575940620217582,48,set_2
720575940625172016,720575940620506996,22,set_2
720575940625172016,720575940620866544,28,set_2
720575940625172016,720575940621667693,16,set_2
720575940625172016,720575940621930710,10,set_2
720575940625172016,720575940622124833,18,set_2
720575940625172016,720575940622515895,12,set_2
720575940625172016,720575940622834411,10,set_2
720575940625172016,720575940623039838,20,set_2
720575940625172016,720575940623040094,20,set_2
720575940625172016,720575940623148285,16,set_2
720575940625172016,720575940624266128,22,set_2
720575940625172016,720575940624289789,16,set_2
720575940625172016,720575940625002936,12,set_2
720575940625172016,720575940625045180,10,set_2
720575940625172016,720575940626583836,42,set_2
720575940625172016,720575940627356459,10,set_2
720575940625172016,720575940627359109,12,set_2
720575940625172016,720575940627443996,12,set_2
720575940625172016,720575940628149763,20,set_2
720575940625172016,720575940628287546,48,set_2
720575940625172016,720575940628644218,28,set_2
720575940625172016,720575940629677417,20,set_2
720575940625172016,720575940633639063,28,set_2
720575940625172016,720575940634699119,14,set_2
720575940625172016,720575940635696279,160,set_2
720575940625172016,720575940639769715,12,set_2
720575940625172016,720575940644672548,62,set_2
720575940625172016,720575940646274670,12,set_2
720575940625172016,720575940646930996,16,set_2
720575940625172016,720575940647036980,12,set_2
720575940625172016,720575940651736566,22,set_2
720575940625175054,720575940605890784,8,set_2
720575940625175054,720575940610054980,7,set_2
720575940625175054,720575940612208858,55,set_2
720575940625175054,720575940615197747,48,set_2
720575940625175054,720575940616018956,22,set_2
720575940625175054,720575940618165019,30,set_2
720575940625175054,720575940618165787,8,set_2
720575940625175054,720575940618539810,78,set_2
720575940625175054,720575940620335269,14,set_2
720575940625175054,720575940620819659,13,set_2
720575940625175054,720575940622026245,22,set_2
720575940625175054,720575940622054753,5,set_2
720575940625175054,720575940623535044,6,set_2
720575940625175054,720575940625045180,44,set_2
720575940625175054,720575940625167886,20,set_2
720575940625175054,720575940627704392,14,set_2
720575940625175054,720575940628598121,12,set_2
720575940625175054,720575940628676457,5,set_2
720575940625175054,720575940628755815,8,set_2
720575940625175054,720575940628815381,7,set_2
720575940625175054,720575940629778554,14,set_2
720575940625175054,720575940630233404,98,set_2
720575940625175054,720575940630579574,8,set_2
720575940625175054,720575940630868793,19,set_2
720575940625175054,720575940631703608,10,set_2
720575940625175054,720575940631994728,9,set_2
720575940625175054,720575940632028216,9,set_2
720575940625175054,720575940632134227,6,set_2
720575940625175054,720575940632839763,10,set_2
720575940625175054,720575940633772257,40,set_2
720575940625175054,720575940634645600,5,set_2
720575940625175054,720575940635360924,7,set_2
720575940625175054,720575940637144944,21,set_2
720575940625175054,720575940639787683,10,set_2
720575940625175054,720575940639831459,13,set_2
720575940625175054,720575940643867296,7,set_2
720575940625175054,720575940645527918,49,set_2
720575940625175054,720575940661338497,5,set_2
720575940625178768,720575940611812050,54,set_2
720575940625178768,720575940615052812,189,set_2
720575940625178768,720575940615406590,189,set_2
720575940625178768,720575940618609317,99,set_2
720575940625178768,720575940619176094,81,set_2
720575940625178768,720575940621119367,54,set_2
720575940625178768,720575940622284947,117,set_2
720575940625178768,720575940623847181,45,set_2
720575940625178768,720575940625601594,72,set_2
720575940625178768,720575940626308697,423,set_2
720575940625178768,720575940627113544,45,set_2
720575940625178768,720575940627371834,72,set_2
720575940625178768,720575940628676457,63,set_2
720575940625178768,720575940628755815,81,set_2
720575940625178768,720575940628780309,54,set_2
720575940625178768,720575940630667372,99,set_2
720575940625178768,720575940631997032,162,set_2
720575940625178768,720575940632659404,378,set_2
720575940625178768,720575940637144944,90,set_2
720575940625178768,720575940639293312,45,set_2
720575940625178768,720575940644666660,72,set_2
720575940625178768,720575940654185377,54,set_2
720575940625298276,720575940607731292,66,set_2
720575940625298276,720575940608177929,36,set_2
720575940625298276,720575940608252082,36,set_2
720575940625298276,720575940608884693,36,set_2
720575940625298276,720575940609586500,30,set_2
720575940625298276,720575940609906244,96,set_2
720575940625298276,720575940610899666,72,set_2
720575940625298276,720575940611490778,42,set_2
720575940625298276,720575940612490958,36,set_2
720575940625298276,720575940612631445,108,set_2
720575940625298276,720575940613286637,42,set_2
720575940625298276,720575940614098897,66,set_2
720575940625298276,720575940614150567,60,set_2
720575940625298276,720575940614698658,42,set_2
720575940625298276,720575940615251083,42,set_2
720575940625298276,720575940615251339,78,set_2
720575940625298276,720575940615886534,30,set_2
720575940625298276,720575940616219222,42,set_2
720575940625298276,720575940617422481,60,set_2
720575940625298276,720575940618277952,36,set_2
720575940625298276,720575940618907757,42,set_2
720575940625298276,720575940619662539,108,set_2
720575940625298276,720575940619850411,72,set_2
720575940625298276,720575940620925643,72,set_2
720575940625298276,720575940621018977,30,set_2
720575940625298276,720575940621025872,66,set_2
720575940625298276,720575940621114177,30,set_2
720575940625298276,720575940621241008,36,set_2
720575940625298276,720575940622107937,48,set_2
720575940625298276,720575940622656536,102,set_2
720575940625298276,720575940623118261,54,set_2
720575940625298276,720575940623119496,36,set_2
720575940625298276,720575940623282985,114,set_2
720575940625298276,720575940623434535,48,set_2
720575940625298276,720575940624712206,48,set_2
720575940625298276,720575940625123453,138,set_2
720575940625298276,720575940625712688,84,set_2
720575940625298276,720575940625952186,78,set_2
720575940625298276,720575940627177402,78,set_2
720575940625298276,720575940628326522,60,set_2
720575940625298276,720575940628412145,30,set_2
720575940625298276,720575940629060986,30,set_2
720575940625298276,720575940629131772,90,set_2
720575940625298276,720575940629147132,48,set_2
720575940625298276,720575940630484687,96,set_2
720575940625298276,720575940630510454,72,set_2
720575940625298276,720575940630579052,84,set_2
720575940625298276,720575940631875896,102,set_2
720575940625298276,720575940634422880,30,set_2
720575940625298276,720575940634475616,60,set_2
720575940625298276,720575940635280632,42,set_2
720575940625298276,720575940637820846,48,set_2
720575940625298276,720575940638170429,48,set_2
720575940625298276,720575940638723133,60,set_2
720575940625298276,720575940640031360,36,set_2
720575940625298276,720575940640886691,42,set_2
720575940625298276,720575940643293837,72,set_2
720575940625298276,720575940644807715,36,set_2
720575940625298276,720575940659190145,78,set_2
720575940625310014,720575940606010057,12,set_2
720575940625310014,720575940606641842,40,set_2
720575940625310014,720575940608481860,14,set_2
720575940625310014,720575940610457457,10,set_2
720575940625310014,720575940611682533,40,set_2
720575940625310014,720575940612341858,60,set_2
720575940625310014,720575940613809071,96,set_2
720575940625310014,720575940614087377,10,set_2
720575940625310014,720575940614314399,14,set_2
720575940625310014,720575940614758806,14,set_2
720575940625310014,720575940615257567,26,set_2
720575940625310014,720575940615886534,74,set_2
720575940625310014,720575940616018326,40,set_2
720575940625310014,720575940616121403,10,set_2
720575940625310014,720575940616441181,18,set_2
720575940625310014,720575940616571485,10,set_2
720575940625310014,720575940617509701,26,set_2
720575940625310014,720575940617904208,20,set_2
720575940625310014,720575940619281031,18,set_2
720575940625310014,720575940619615424,22,set_2
720575940625310014,720575940619898971,10,set_2
720575940625310014,720575940619933269,14,set_2
720575940625310014,720575940620610881,30,set_2
720575940625310014,720575940621198017,16,set_2
720575940625310014,720575940621204095,38,set_2
720575940625310014,720575940621719679,16,set_2
720575940625310014,720575940622129321,26,set_2
720575940625310014,720575940623242022,14,set_2
720575940625310014,720575940623636957,20,set_2
720575940625310014,720575940624142373,28,set_2
720575940625310014,720575940624351273,16,set_2
720575940625310014,720575940624743096,32,set_2
720575940625310014,720575940626046083,54,set_2
720575940625310014,720575940626220669,32,set_2
720575940625310014,720575940626514631,18,set_2
720575940625310014,720575940626544521,10,set_2
720575940625310014,720575940626629139,12,set_2
720575940625310014,720575940626883345,10,set_2
720575940625310014,720575940627060648,12,set_2
720575940625310014,720575940627383569,142,set_2
720575940625310014,720575940627600719,40,set_2
720575940625310014,720575940628182748,10,set_2
720575940625310014,720575940628311370,10,set_2
720575940625310014,720575940628799509,22,set_2
720575940625310014,720575940628865644,18,set_2
720575940625310014,720575940629244154,34,set_2
720575940625310014,720575940629244359,204,set_2
720575940625310014,720575940629579836,12,set_2
720575940625310014,720575940629783158,12,set_2
720575940625310014,720575940629933559,24,set_2
720575940625310014,720575940630127634,12,set_2
720575940625310014,720575940630245650,22,set_2
720575940625310014,720575940630779586,26,set_2
720575940625310014,720575940631154396,42,set_2
720575940625310014,720575940631434541,28,set_2
720575940625310014,720575940631783507,18,set_2
720575940625310014,720575940632303073,32,set_2
720575940625310014,720575940632320815,10,set_2
720575940625310014,720575940632501668,14,set_2
720575940625310014,720575940632638803,20,set_2
720575940625310014,720575940632793645,14,set_2
720575940625310014,720575940633540447,18,set_2
720575940625310014,720575940633909344,32,set_2
720575940625310014,720575940635663472,18,set_2
720575940625310014,720575940636376804,58,set_2
720575940625310014,720575940636990064,34,set_2
720575940625310014,720575940637830272,24,set_2
720575940625310014,720575940638890355,10,set_2
720575940625310014,720575940639053146,20,set_2
720575940625310014,720575940639358579,10,set_2
720575940625310014,720575940639939712,36,set_2
720575940625310014,720575940640031360,52,set_2
720575940625310014,720575940643293837,18,set_2
720575940625310014,720575940644176164,234,set_2
720575940625310014,720575940644688238,18,set_2
720575940625339981,720575940615197747,18,set_2
720575940625339981,720575940616200790,39,set_2
720575940625339981,720575940618165787,30,set_2
720575940625339981,720575940621332092,21,set_2
720575940625339981,720575940627443996,114,set_2
720575940625339981,720575940628787016,33,set_2
720575940625339981,720575940630461660,60,set_2
720575940625339981,720575940631111983,15,set_2
720575940625339981,720575940634659508,18,set_2
720575940625339981,720575940643823470,18,set_2
720575940625339981,720575940646156420,27,set_2
720575940625339981,720575940647030324,231,set_2
720575940625424871,720575940607273906,10,set_2
720575940625424871,720575940608557323,16,set_2
720575940625424871,720575940614099142,12,set_2
720575940625424871,720575940617539355,16,set_2
720575940625424871,720575940621511704,20,set_2
720575940625424871,720575940626140164,94,set_2
720575940625424871,720575940626941080,64,set_2
720575940625424871,720575940628130325,10,set_2
720575940625424871,720575940630493050,10,set_2
720575940625424871,720575940635206251,16,set_2
720575940625424871,720575940639512192,62,set_2
720575940625424871,720575940645129672,10,set_2
720575940625424871,720575940647006516,42,set_2
720575940625454108,720575940609913042,35,set_2
720575940625454108,720575940610981362,98,set_2
720575940625454108,720575940618788944,35,set_2
720575940625454108,720575940624604560,42,set_2
720575940625454108,720575940627265265,49,set_2
720575940625454108,720575940627454569,35,set_2
720575940625454108,720575940632659404,56,set_2
720575940625454108,720575940637130985,49,set_2
720575940625616521,720575940612341858,8,set_2
720575940625616521,720575940620610881,6,set_2
720575940625616521,720575940622114121,5,set_2
720575940625616521,720575940628573911,6,set_2
720575940625616521,720575940628943619,5,set_2
720575940625616521,720575940629783158,7,set_2
720575940625616521,720575940629933559,5,set_2
720575940625616521,720575940632320815,7,set_2
720575940625795091,720575940603765280,5,set_2
720575940625795091,720575940610384281,7,set_2
720575940625795091,720575940611374554,11,set_2
720575940625795091,720575940612341858,6,set_2
720575940625795091,720575940612923390,6,set_2
720575940625795091,720575940613428707,10,set_2
720575940625795091,720575940615043112,11,set_2
720575940625795091,720575940615911380,6,set_2
720575940625795091,720575940616072221,5,set_2
720575940625795091,720575940617241629,15,set_2
720575940625795091,720575940618195254,14,set_2
720575940625795091,720575940620098974,6,set_2
720575940625795091,720575940623777065,7,set_2
720575940625795091,720575940624064295,8,set_2
720575940625795091,720575940625379859,14,set_2
720575940625795091,720575940625449554,17,set_2
720575940625795091,720575940626983185,11,set_2
720575940625795091,720575940627341156,6,set_2
720575940625795091,720575940627866473,9,set_2
720575940625795091,720575940628199802,7,set_2
720575940625795091,720575940629285879,15,set_2
720575940625795091,720575940631884883,6,set_2
720575940625795091,720575940631968599,12,set_2
720575940625795091,720575940638989219,5,set_2
720575940625795091,720575940639672893,7,set_2
720575940625795091,720575940642715040,8,set_2
720575940625795091,720575940643539566,5,set_2
720575940625795091,720575940644948771,18,set_2
720575940625807152,720575940608370645,21,set_2
720575940625807152,720575940610004437,39,set_2
720575940625807152,720575940610611246,7,set_2
720575940625807152,720575940610615013,13,set_2
720575940625807152,720575940611157746,9,set_2
720575940625807152,720575940611958994,5,set_2
720575940625807152,720575940612019569,45,set_2
720575940625807152,720575940612606105,41,set_2
720575940625807152,720575940615063592,16,set_2
720575940625807152,720575940617151266,15,set_2
720575940625807152,720575940617678566,6,set_2
720575940625807152,720575940617787963,11,set_2
720575940625807152,720575940617833265,32,set_2
720575940625807152,720575940618165787,8,set_2
720575940625807152,720575940618889931,12,set_2
720575940625807152,720575940620692974,56,set_2
720575940625807152,720575940621827419,5,set_2
720575940625807152,720575940621928453,8,set_2
720575940625807152,720575940622415948,26,set_2
720575940625807152,720575940622853258,8,set_2
720575940625807152,720575940622863287,54,set_2
720575940625807152,720575940623133223,38,set_2
720575940625807152,720575940624404872,6,set_2
720575940625807152,720575940624466440,8,set_2
720575940625807152,720575940624607076,13,set_2
720575940625807152,720575940624882407,67,set_2
720575940625807152,720575940624913959,7,set_2
720575940625807152,720575940625002936,13,set_2
720575940625807152,720575940626557186,6,set_2
720575940625807152,720575940626583836,7,set_2
720575940625807152,720575940626960536,33,set_2
720575940625807152,720575940627418387,7,set_2
720575940625807152,720575940628070419,6,set_2
720575940625807152,720575940628319899,33,set_2
720575940625807152,720575940628436282,15,set_2
720575940625807152,720575940628680553,23,set_2
720575940625807152,720575940628885160,5,set_2
720575940625807152,720575940628973827,10,set_2
720575940625807152,720575940629111490,66,set_2
720575940625807152,720575940629422183,9,set_2
720575940625807152,720575940629717370,6,set_2
720575940625807152,720575940629778554,5,set_2
720575940625807152,720575940630470391,11,set_2
720575940625807152,720575940630683385,6,set_2
720575940625807152,720575940631299090,5,set_2
720575940625807152,720575940632596449,5,set_2
720575940625807152,720575940633762714,5,set_2
720575940625807152,720575940634699119,6,set_2
720575940625807152,720575940637936710,17,set_2
720575940625807152,720575940639769715,5,set_2
720575940625807152,720575940640554045,5,set_2
720575940625807152,720575940643867296,5,set_2
720575940625807152,720575940644464544,6,set_2
720575940625807152,720575940647060532,6,set_2
720575940625813140,720575940605682790,25,set_2
720575940625813140,720575940605694240,35,set_2
720575940625813140,720575940607152476,55,set_2
720575940625813140,720575940609937476,60,set_2
720575940625813140,720575940610606126,495,set_2
720575940625813140,720575940611351193,95,set_2
720575940625813140,720575940611549902,60,set_2
720575940625813140,720575940612606105,40,set_2
720575940625813140,720575940612772915,65,set_2
720575940625813140,720575940612819763,30,set_2
720575940625813140,720575940613120721,25,set_2
720575940625813140,720575940613563117,460,set_2
720575940625813140,720575940613747734,45,set_2
720575940625813140,720575940615063592,130,set_2
720575940625813140,720575940615197747,135,set_2
720575940625813140,720575940615879995,60,set_2
720575940625813140,720575940616791067,55,set_2
720575940625813140,720575940617151266,155,set_2
720575940625813140,720575940617668662,50,set_2
720575940625813140,720575940617678566,45,set_2
720575940625813140,720575940617787963,55,set_2
720575940625813140,720575940617833265,80,set_2
720575940625813140,720575940618156315,190,set_2
720575940625813140,720575940618165019,25,set_2
720575940625813140,720575940619161936,25,set_2
720575940625813140,720575940619865547,85,set_2
720575940625813140,720575940620217582,100,set_2
720575940625813140,720575940620575579,40,set_2
720575940625813140,720575940620692974,25,set_2
720575940625813140,720575940620699162,25,set_2
720575940625813140,720575940620778223,30,set_2
720575940625813140,720575940620885342,225,set_2
720575940625813140,720575940621128583,30,set_2
720575940625813140,720575940621755888,100,set_2
720575940625813140,720575940621848781,215,set_2
720575940625813140,720575940621894750,140,set_2
720575940625813140,720575940621930710,25,set_2
720575940625813140,720575940622124833,50,set_2
720575940625813140,720575940622406694,125,set_2
720575940625813140,720575940622415948,320,set_2
720575940625813140,720575940622810153,45,set_2
720575940625813140,720575940623066893,30,set_2
720575940625813140,720575940623458633,115,set_2
720575940625813140,720575940624186602,220,set_2
720575940625813140,720575940624882407,130,set_2
720575940625813140,720575940625173006,30,set_2
720575940625813140,720575940626185353,35,set_2
720575940625813140,720575940626557186,460,set_2
720575940625813140,720575940626583836,35,set_2
720575940625813140,720575940626705497,105,set_2
720575940625813140,720575940627117193,50,set_2
720575940625813140,720575940627219272,25,set_2
720575940625813140,720575940627828296,35,set_2
720575940625813140,720575940628095593,95,set_2
720575940625813140,720575940628319899,50,set_2
720575940625813140,720575940628644218,110,set_2
720575940625813140,720575940628668009,140,set_2
720575940625813140,720575940628743752,30,set_2
720575940625813140,720575940628973827,855,set_2
720575940625813140,720575940629111490,105,set_2
720575940625813140,720575940629677417,30,set_2
720575940625813140,720575940629778554,30,set_2
720575940625813140,720575940629972215,50,set_2
720575940625813140,720575940630597177,55,set_2
720575940625813140,720575940630734393,210,set_2
720575940625813140,720575940631205580,65,set_2
720575940625813140,720575940631299090,75,set_2
720575940625813140,720575940633373651,140,set_2
720575940625813140,720575940633660314,45,set_2
720575940625813140,720575940634667234,90,set_2
720575940625813140,720575940635202155,185,set_2
720575940625813140,720575940635212143,40,set_2
720575940625813140,720575940635297911,45,set_2
720575940625813140,720575940635739504,75,set_2
720575940625813140,720575940637936710,45,set_2
720575940625813140,720575940638054197,215,set_2
720575940625813140,720575940638086256,45,set_2
720575940625813140,720575940639756093,45,set_2
720575940625813140,720575940640611803,245,set_2
720575940625813140,720575940644672548,30,set_2
720575940625813140,720575940645527918,120,set_2
720575940625813140,720575940647030580,25,set_2
720575940625813140,720575940661338497,35,set_2
720575940625815562,720575940605218220,20,set_2
720575940625815562,720575940611813842,5,set_2
720575940625815562,720575940618273241,9,set_2
720575940625815562,720575940620298772,12,set_2
720575940625815562,720575940623338281,5,set_2
720575940625815562,720575940623473335,5,set_2
720575940625815562,720575940623506761,31,set_2
720575940625815562,720575940628387663,78,set_2
720575940625815562,720575940634756203,20,set_2
720575940625815562,720575940634903915,100,set_2
720575940625815562,720575940635211768,9,set_2
720575940625815562,720575940639198397,23,set_2
720575940625815562,720575940639726141,8,set_2
720575940625815562,720575940647586948,7,set_2
720575940625834132,720575940605890784,15,set_2
720575940625834132,720575940607386290,27,set_2
720575940625834132,720575940610232274,36,set_2
720575940625834132,720575940616018956,21,set_2
720575940625834132,720575940621332092,15,set_2
720575940625834132,720575940622493260,42,set_2
720575940625834132,720575940626835146,27,set_2
720575940625834132,720575940627083294,21,set_2
720575940625834132,720575940628802069,18,set_2
720575940625834132,720575940643867296,15,set_2
720575940625834132,720575940652580086,33,set_2
720575940625867056,720575940605694240,35,set_2
720575940625867056,720575940607386290,42,set_2
720575940625867056,720575940610001220,42,set_2
720575940625867056,720575940611167842,63,set_2
720575940625867056,720575940612019569,35,set_2
720575940625867056,720575940612470755,42,set_2
720575940625867056,720575940612558061,35,set_2
720575940625867056,720575940612950642,42,set_2
720575940625867056,720575940614763666,42,set_2
720575940625867056,720575940614998166,42,set_2
720575940625867056,720575940616038294,105,set_2
720575940625867056,720575940616298171,42,set_2
720575940625867056,720575940618238523,35,set_2
720575940625867056,720575940619865547,70,set_2
720575940625867056,720575940620353300,56,set_2
720575940625867056,720575940620874757,49,set_2
720575940625867056,720575940621128583,42,set_2
720575940625867056,720575940622054753,35,set_2
720575940625867056,720575940622335197,42,set_2
720575940625867056,720575940623208141,49,set_2
720575940625867056,720575940623314312,42,set_2
720575940625867056,720575940625163790,35,set_2
720575940625867056,720575940626557442,168,set_2
720575940625867056,720575940626960536,35,set_2
720575940625867056,720575940627107721,63,set_2
720575940625867056,720575940627117193,63,set_2
720575940625867056,720575940627404858,49,set_2
720575940625867056,720575940628680553,77,set_2
720575940625867056,720575940629377218,35,set_2
720575940625867056,720575940629564688,63,set_2
720575940625867056,720575940630461660,35,set_2
720575940625867056,720575940630691958,49,set_2
720575940625867056,720575940630951424,63,set_2
720575940625867056,720575940631092943,63,set_2
720575940625867056,720575940631244648,42,set_2
720575940625867056,720575940631314908,56,set_2
720575940625867056,720575940631629160,35,set_2
720575940625867056,720575940631939432,35,set_2
720575940625867056,720575940632640287,35,set_2
720575940625867056,720575940633228172,35,set_2
720575940625867056,720575940636675214,63,set_2
720575940625867056,720575940637656286,35,set_2
720575940625867056,720575940639206077,35,set_2
720575940625867056,720575940639773091,35,set_2
720575940625867056,720575940639831459,42,set_2
720575940625867056,720575940641281013,42,set_2
720575940625867056,720575940641648091,63,set_2
720575940625978882,720575940616298171,5,set_2
720575940625978882,720575940622054753,7,set_2
720575940625978882,720575940623242900,17,set_2
720575940625978882,720575940626941080,6,set_2
720575940625978882,720575940631275601,5,set_2
720575940625978882,720575940632670156,7,set_2
720575940625978882,720575940639831459,5,set_2
720575940626017960,720575940611585459,10,set_2
720575940626017960,720575940614572542,24,set_2
720575940626017960,720575940620654616,10,set_2
720575940626017960,720575940623044103,34,set_2
720575940626017960,720575940623224504,12,set_2
720575940626017960,720575940623777065,46,set_2
720575940626017960,720575940625449554,10,set_2
720575940626017960,720575940626015640,16,set_2
720575940626017960,720575940626118552,14,set_2
720575940626017960,720575940626788625,10,set_2
720575940626017960,720575940627736119,16,set_2
720575940626017960,720575940628422555,22,set_2
720575940626017960,720575940629786998,42,set_2
720575940626017960,720575940630113531,20,set_2
720575940626017960,720575940631968599,72,set_2
720575940626021052,720575940612267470,10,set_2
720575940626021052,720575940617241629,26,set_2
720575940626021052,720575940617647429,12,set_2
720575940626021052,720575940618195254,54,set_2
720575940626021052,720575940618694827,10,set_2
720575940626021052,720575940618791515,20,set_2
720575940626021052,720575940618936710,18,set_2
720575940626021052,720575940620098974,18,set_2
720575940626021052,720575940620878785,18,set_2
720575940626021052,720575940621599741,30,set_2
720575940626021052,720575940622839786,10,set_2
720575940626021052,720575940623036254,12,set_2
720575940626021052,720575940625449554,34,set_2
720575940626021052,720575940628199802,18,set_2
720575940626021052,720575940629422183,46,set_2
720575940626021052,720575940630250833,12,set_2
720575940626021052,720575940631915801,10,set_2
720575940626021052,720575940634659508,24,set_2
720575940626021052,720575940636822069,22,set_2
720575940626021052,720575940639672893,24,set_2
720575940626035556,720575940615382751,16,set_2
720575940626035556,720575940617997140,22,set_2
720575940626035556,720575940619945931,14,set_2
720575940626035556,720575940626843194,10,set_2
720575940626035556,720575940628669545,12,set_2
720575940626035556,720575940629412170,12,set_2
720575940626035556,720575940630640804,14,set_2
720575940626065736,720575940605647234,40,set_2
720575940626065736,720575940607877833,24,set_2
720575940626065736,720575940610623658,40,set_2
720575940626065736,720575940611374554,36,set_2
720575940626065736,720575940614572542,72,set_2
720575940626065736,720575940615824011,32,set_2
720575940626065736,720575940616153371,28,set_2
720575940626065736,720575940617241629,36,set_2
720575940626065736,720575940617504561,24,set_2
720575940626065736,720575940618195254,24,set_2
720575940626065736,720575940618385718,64,set_2
720575940626065736,720575940619451989,48,set_2
720575940626065736,720575940620933835,28,set_2
720575940626065736,720575940621633683,44,set_2
720575940626065736,720575940622515895,20,set_2
720575940626065736,720575940622830728,28,set_2
720575940626065736,720575940622872870,40,set_2
720575940626065736,720575940623014695,36,set_2
720575940626065736,720575940623044103,92,set_2
720575940626065736,720575940623777065,44,set_2
720575940626065736,720575940626015640,68,set_2
720575940626065736,720575940626775824,20,set_2
720575940626065736,720575940630670890,20,set_2
720575940626065736,720575940631309866,20,set_2
720575940626065736,720575940633304601,76,set_2
720575940626065736,720575940634659508,24,set_2
720575940626065736,720575940635861146,28,set_2
720575940626065736,720575940638989219,44,set_2
720575940626065736,720575940639672893,52,set_2
720575940626146125,720575940611374554,56,set_2
720575940626146125,720575940611868825,10,set_2
720575940626146125,720575940612289010,14,set_2
720575940626146125,720575940614572542,10,set_2
720575940626146125,720575940615792523,52,set_2
720575940626146125,720575940617241629,28,set_2
720575940626146125,720575940618195254,14,set_2
720575940626146125,720575940620195800,10,set_2
720575940626146125,720575940621827419,20,set_2
720575940626146125,720575940622897639,12,set_2
720575940626146125,720575940626775824,16,set_2
720575940626146125,720575940627594540,10,set_2
720575940626146125,720575940629370967,10,set_2
720575940626146125,720575940631309866,18,set_2
720575940626146125,720575940632078873,14,set_2
720575940626146125,720575940634659508,22,set_2
720575940626146125,720575940638989219,44,set_2
720575940626146125,720575940639672893,16,set_2
720575940626146125,720575940650527222,22,set_2
720575940626191306,720575940606603186,10,set_2
720575940626191306,720575940609939780,12,set_2
720575940626191306,720575940610588057,12,set_2
720575940626191306,720575940610861554,10,set_2
720575940626191306,720575940612479205,10,set_2
720575940626191306,720575940617393625,10,set_2
720575940626191306,720575940617494877,26,set_2
720575940626191306,720575940617648453,10,set_2
720575940626191306,720575940619048315,10,set_2
720575940626191306,720575940620091038,24,set_2
720575940626191306,720575940621305716,14,set_2
720575940626191306,720575940622184105,74,set_2
720575940626191306,720575940622357965,14,set_2
720575940626191306,720575940622917927,16,set_2
720575940626191306,720575940623242900,10,set_2
720575940626191306,720575940623612395,18,set_2
720575940626191306,720575940625047484,24,set_2
720575940626191306,720575940626127432,16,set_2
720575940626191306,720575940626308697,10,set_2
720575940626191306,720575940628755815,18,set_2
720575940626191306,720575940628995331,38,set_2
720575940626191306,720575940629861163,36,set_2
720575940626191306,720575940630579574,10,set_2
720575940626191306,720575940631092943,10,set_2
720575940626191306,720575940631168057,46,set_2
720575940626191306,720575940631314908,46,set_2
720575940626191306,720575940631703608,10,set_2
720575940626191306,720575940632178892,10,set_2
720575940626191306,720575940632308305,10,set_2
720575940626191306,720575940632664268,32,set_2
720575940626191306,720575940634825623,26,set_2
720575940626191306,720575940635166571,12,set_2
720575940626191306,720575940637144944,16,set_2
720575940626191306,720575940647606148,20,set_2
720575940626191306,720575940648180868,16,set_2
720575940626243428,720575940610054980,162,set_2
720575940626243428,720575940610846306,14,set_2
720575940626243428,720575940611548878,14,set_2
720575940626243428,720575940612261603,12,set_2
720575940626243428,720575940614736290,20,set_2
720575940626243428,720575940616018956,14,set_2
720575940626243428,720575940620025620,14,set_2
720575940626243428,720575940620335269,86,set_2
720575940626243428,720575940620819659,54,set_2
720575940626243428,720575940621833281,42,set_2
720575940626243428,720575940622122083,10,set_2
720575940626243428,720575940622810153,92,set_2
720575940626243428,720575940625164558,56,set_2
720575940626243428,720575940625167886,78,set_2
720575940626243428,720575940626279742,46,set_2
720575940626243428,720575940627086594,64,set_2
720575940626243428,720575940628598121,54,set_2
720575940626243428,720575940629548107,10,set_2
720575940626243428,720575940629778554,26,set_2
720575940626243428,720575940629822842,70,set_2
720575940626243428,720575940630667372,104,set_2
720575940626243428,720575940631092943,28,set_2
720575940626243428,720575940631742381,22,set_2
720575940626243428,720575940631923304,18,set_2
720575940626243428,720575940631994728,10,set_2
720575940626243428,720575940632118156,32,set_2
720575940626243428,720575940632659404,142,set_2
720575940626243428,720575940632732217,52,set_2
720575940626243428,720575940634085983,12,set_2
720575940626243428,720575940634645600,38,set_2
720575940626243428,720575940635360924,18,set_2
720575940626243428,720575940636165624,92,set_2
720575940626243428,720575940637144944,18,set_2
720575940626243428,720575940643867296,20,set_2
720575940626243428,720575940655011489,16,set_2
720575940626337479,720575940610232274,7,set_2
720575940626337479,720575940623476407,29,set_2
720575940626337479,720575940627182217,13,set_2
720575940626337479,720575940628500540,5,set_2
720575940626337479,720575940629822842,9,set_2
720575940626337479,720575940633316563,6,set_2
720575940626348106,720575940612289010,77,set_2
720575940626348106,720575940622457579,35,set_2
720575940626348106,720575940628149763,42,set_2
720575940626348106,720575940628386295,56,set_2
720575940626376600,720575940612289010,33,set_2
720575940626376600,720575940612952557,57,set_2
720575940626376600,720575940635696279,27,set_2
720575940626434822,720575940612289010,14,set_2
720575940626434822,720575940612952557,38,set_2
720575940626434822,720575940620866544,12,set_2
720575940626434822,720575940635696279,56,set_2
720575940626456081,720575940607386290,16,set_2
720575940626456081,720575940609939780,10,set_2
720575940626456081,720575940610001220,30,set_2
720575940626456081,720575940610232274,26,set_2
720575940626456081,720575940611988197,16,set_2
720575940626456081,720575940612479205,148,set_2
720575940626456081,720575940612554393,12,set_2
720575940626456081,720575940612906518,32,set_2
720575940626456081,720575940614763666,44,set_2
720575940626456081,720575940616018956,40,set_2
720575940626456081,720575940617494877,22,set_2
720575940626456081,720575940617593233,54,set_2
720575940626456081,720575940620374693,140,set_2
720575940626456081,720575940621332092,14,set_2
720575940626456081,720575940622391337,10,set_2
720575940626456081,720575940623476407,12,set_2
720575940626456081,720575940625047484,44,set_2
720575940626456081,720575940625861660,20,set_2
720575940626456081,720575940626835146,184,set_2
720575940626456081,720575940626968216,20,set_2
720575940626456081,720575940627083294,32,set_2
720575940626456081,720575940627182217,10,set_2
720575940626456081,720575940627704392,14,set_2
720575940626456081,720575940628755815,26,set_2
720575940626456081,720575940628802069,116,set_2
720575940626456081,720575940628972048,114,set_2
720575940626456081,720575940628995331,40,set_2
720575940626456081,720575940629623351,12,set_2
720575940626456081,720575940630579574,98,set_2
720575940626456081,720575940630674038,14,set_2
720575940626456081,720575940631168057,52,set_2
720575940626456081,720575940631406411,40,set_2
720575940626456081,720575940631703608,136,set_2
720575940626456081,720575940631997032,140,set_2
720575940626456081,720575940632839763,28,set_2
720575940626456081,720575940634527840,34,set_2
720575940626456081,720575940634645600,10,set_2
720575940626456081,720575940635596468,74,set_2
720575940626456081,720575940637144944,18,set_2
720575940626456081,720575940639285949,46,set_2
720575940626456081,720575940639785379,14,set_2
720575940626456081,720575940644542880,16,set_2
720575940626456081,720575940652580086,226,set_2
720575940626456081,720575940655011489,10,set_2
720575940626456582,720575940606676572,36,set_2
720575940626456582,720575940610986006,18,set_2
720575940626456582,720575940612277090,10,set_2
720575940626456582,720575940616618053,18,set_2
720575940626456582,720575940617138466,14,set_2
720575940626456582,720575940618385718,20,set_2
720575940626456582,720575940618791515,10,set_2
720575940626456582,720575940620411169,16,set_2
720575940626456582,720575940620503512,10,set_2
720575940626456582,720575940620550534,42,set_2
720575940626456582,720575940620553654,12,set_2
720575940626456582,720575940620878785,12,set_2
720575940626456582,720575940620957423,12,set_2
720575940626456582,720575940621741094,56,set_2
720575940626456582,720575940621827419,14,set_2
720575940626456582,720575940622839786,22,set_2
720575940626456582,720575940622872870,18,set_2
720575940626456582,720575940623011845,20,set_2
720575940626456582,720575940623078071,24,set_2
720575940626456582,720575940624554170,26,set_2
720575940626456582,720575940624865584,18,set_2
720575940626456582,720575940625020935,14,set_2
720575940626456582,720575940628825210,14,set_2
720575940626456582,720575940629422183,52,set_2
720575940626456582,720575940632639714,10,set_2
720575940626456582,720575940635861146,26,set_2
720575940626456582,720575940643337508,20,set_2
720575940626476305,720575940626148520,30,set_2
720575940626476305,720575940642428045,50,set_2
720575940626476305,720575940655011489,30,set_2
720575940626507346,720575940622810153,44,set_2
720575940626507346,720575940625045180,20,set_2
720575940626507346,720575940627206074,188,set_2
720575940626507346,720575940627254856,48,set_2
720575940626507346,720575940627443996,68,set_2
720575940626507346,720575940627828040,48,set_2
720575940626507346,720575940628743752,52,set_2
720575940626507346,720575940630683385,32,set_2
720575940626507346,720575940631299090,40,set_2
720575940626507346,720575940632998028,20,set_2
720575940626507346,720575940643867296,136,set_2
720575940626507346,720575940646274670,28,set_2
720575940626507346,720575940647030580,24,set_2
720575940626555153,720575940609133269,15,set_2
720575940626555153,720575940610000964,11,set_2
720575940626555153,720575940620633947,5,set_2
720575940626555153,720575940622054753,5,set_2
720575940626555153,720575940625045180,39,set_2
720575940626555153,720575940625147645,16,set_2
720575940626555153,720575940626798736,22,set_2
720575940626555153,720575940627206074,15,set_2
720575940626555153,720575940627254856,10,set_2
720575940626555153,720575940628070419,8,set_2
720575940626555153,720575940628345610,10,set_2
720575940626555153,720575940628676457,7,set_2
720575940626555153,720575940628743752,9,set_2
720575940626555153,720575940630504466,7,set_2
720575940626555153,720575940631111983,9,set_2
720575940626555153,720575940631179831,25,set_2
720575940626555153,720575940632134227,8,set_2
720575940626555153,720575940634659508,5,set_2
720575940626555153,720575940637360730,6,set_2
720575940626555153,720575940640224640,7,set_2
720575940626555153,720575940643823470,6,set_2
720575940626555153,720575940646156420,12,set_2
720575940626555153,720575940647030324,56,set_2
720575940626622339,720575940603266592,15,set_2
720575940626622339,720575940610259406,177,set_2
720575940626622339,720575940610773090,15,set_2
720575940626622339,720575940618029733,15,set_2
720575940626622339,720575940619072513,15,set_2
720575940626622339,720575940622018565,27,set_2
720575940626622339,720575940623064909,21,set_2
720575940626622339,720575940626014218,129,set_2
720575940626622339,720575940627764780,42,set_2
720575940626622339,720575940627902268,30,set_2
720575940626622339,720575940628265467,51,set_2
720575940626622339,720575940628391686,63,set_2
720575940626622339,720575940629358807,15,set_2
720575940626622339,720575940632670156,39,set_2
720575940626622339,720575940634407566,21,set_2
720575940626622339,720575940634672610,63,set_2
720575940626622339,720575940639512192,18,set_2
720575940626622339,720575940644464919,24,set_2
720575940626668218,720575940607162754,21,set_2
720575940626668218,720575940607377586,27,set_2
720575940626668218,720575940607386290,15,set_2
720575940626668218,720575940610847973,15,set_2
720575940626668218,720575940611157746,18,set_2
720575940626668218,720575940611160930,81,set_2
720575940626668218,720575940612337331,18,set_2
720575940626668218,720575940613170385,27,set_2
720575940626668218,720575940614998166,78,set_2
720575940626668218,720575940616014092,60,set_2
720575940626668218,720575940616018956,30,set_2
720575940626668218,720575940616667186,21,set_2
720575940626668218,720575940619176094,39,set_2
720575940626668218,720575940620177543,18,set_2
720575940626668218,720575940622054753,33,set_2
720575940626668218,720575940622493260,21,set_2
720575940626668218,720575940622810153,21,set_2
720575940626668218,720575940623164941,30,set_2
720575940626668218,720575940623210445,72,set_2
720575940626668218,720575940623211725,33,set_2
720575940626668218,720575940623366102,24,set_2
720575940626668218,720575940623847181,27,set_2
720575940626668218,720575940624023188,27,set_2
720575940626668218,720575940624600840,21,set_2
720575940626668218,720575940625408796,15,set_2
720575940626668218,720575940625737776,18,set_2
720575940626668218,720575940625874992,36,set_2
720575940626668218,720575940626583836,21,set_2
720575940626668218,720575940627047400,21,set_2
720575940626668218,720575940627086594,18,set_2
720575940626668218,720575940627285267,18,set_2
720575940626668218,720575940627814728,27,set_2
720575940626668218,720575940627828296,18,set_2
720575940626668218,720575940628755815,177,set_2
720575940626668218,720575940630461660,168,set_2
720575940626668218,720575940630579574,24,set_2
720575940626668218,720575940631168057,57,set_2
720575940626668218,720575940631703608,21,set_2
720575940626668218,720575940631997032,264,set_2
720575940626668218,720575940632047890,36,set_2
720575940626668218,720575940632659404,123,set_2
720575940626668218,720575940632839763,30,set_2
720575940626668218,720575940633639063,36,set_2
720575940626668218,720575940634825623,21,set_2
720575940626668218,720575940636685454,18,set_2
720575940626668218,720575940637144944,27,set_2
720575940626668218,720575940638024794,15,set_2
720575940626668218,720575940638103349,192,set_2
720575940626668218,720575940639831459,39,set_2
720575940626668218,720575940647030324,165,set_2
720575940626668218,720575940652580086,15,set_2
720575940626670869,720575940614150567,52,set_2
720575940626670869,720575940615663466,22,set_2
720575940626670869,720575940615898086,10,set_2
720575940626670869,720575940617391197,18,set_2
720575940626670869,720575940618792686,18,set_2
720575940626670869,720575940618966464,12,set_2
720575940626670869,720575940622107937,20,set_2
720575940626670869,720575940623299623,10,set_2
720575940626670869,720575940626883345,12,set_2
720575940626670869,720575940628949839,16,set_2
720575940626670869,720575940630510454,30,set_2
720575940626670869,720575940640031360,26,set_2
720575940626809109,720575940608368818,6,set_2
720575940626809109,720575940608836291,6,set_2
720575940626809109,720575940610232274,6,set_2
720575940626809109,720575940611160930,13,set_2
720575940626809109,720575940611812050,25,set_2
720575940626809109,720575940611988197,14,set_2
720575940626809109,720575940612303102,5,set_2
720575940626809109,720575940612554393,5,set_2
720575940626809109,720575940613419506,5,set_2
720575940626809109,720575940613687789,34,set_2
720575940626809109,720575940614950194,8,set_2
720575940626809109,720575940616200790,14,set_2
720575940626809109,720575940617648453,5,set_2
720575940626809109,720575940619176094,6,set_2
720575940626809109,720575940619414321,8,set_2
720575940626809109,720575940621119367,16,set_2
720575940626809109,720575940621150191,10,set_2
720575940626809109,720575940622284947,7,set_2
720575940626809109,720575940623039838,9,set_2
720575940626809109,720575940623164941,5,set_2
720575940626809109,720575940623476407,7,set_2
720575940626809109,720575940623579371,6,set_2
720575940626809109,720575940623847181,12,set_2
720575940626809109,720575940624310857,21,set_2
720575940626809109,720575940626308697,41,set_2
720575940626809109,720575940627113544,14,set_2
720575940626809109,720575940627443996,15,set_2
720575940626809109,720575940628755815,12,set_2
720575940626809109,720575940630667372,27,set_2
720575940626809109,720575940631299602,5,set_2
720575940626809109,720575940631901409,9,set_2
720575940626809109,720575940631940377,6,set_2
720575940626809109,720575940632659404,34,set_2
720575940626809109,720575940637144944,27,set_2
720575940626809109,720575940643325581,11,set_2
720575940626809109,720575940645495587,13,set_2
720575940626809109,720575940648864633,11,set_2
720575940626809109,720575940655011489,13,set_2
720575940626826288,720575940605890784,74,set_2
720575940626826288,720575940606004866,8,set_2
720575940626826288,720575940607193986,7,set_2
720575940626826288,720575940607272649,36,set_2
720575940626826288,720575940607377586,117,set_2
720575940626826288,720575940608735241,21,set_2
720575940626826288,720575940609407939,105,set_2
720575940626826288,720575940610604334,7,set_2
720575940626826288,720575940610741880,5,set_2
720575940626826288,720575940611160930,20,set_2
720575940626826288,720575940611164770,5,set_2
720575940626826288,720575940611958994,6,set_2
720575940626826288,720575940612208858,12,set_2
720575940626826288,720575940612354034,9,set_2
720575940626826288,720575940612357618,117,set_2
720575940626826288,720575940612888178,16,set_2
720575940626826288,720575940613347299,12,set_2
720575940626826288,720575940615153494,16,set_2
720575940626826288,720575940615197747,8,set_2
720575940626826288,720575940615671106,19,set_2
720575940626826288,720575940616014092,11,set_2
720575940626826288,720575940616200790,5,set_2
720575940626826288,720575940616848214,5,set_2
720575940626826288,720575940617031385,8,set_2
720575940626826288,720575940617494877,34,set_2
720575940626826288,720575940617917579,15,set_2
720575940626826288,720575940618539810,74,set_2
720575940626826288,720575940619114048,7,set_2
720575940626826288,720575940619176094,6,set_2
720575940626826288,720575940619771375,52,set_2
720575940626826288,720575940619877396,37,set_2
720575940626826288,720575940620274085,20,set_2
720575940626826288,720575940620474278,13,set_2
720575940626826288,720575940620633947,7,set_2
720575940626826288,720575940620749807,7,set_2
720575940626826288,720575940621150191,31,set_2
720575940626826288,720575940621261296,141,set_2
720575940626826288,720575940621771041,14,set_2
720575940626826288,720575940621910399,10,set_2
720575940626826288,720575940622026245,155,set_2
720575940626826288,720575940623008659,11,set_2
720575940626826288,720575940623164941,18,set_2
720575940626826288,720575940623314312,55,set_2
720575940626826288,720575940623352063,7,set_2
720575940626826288,720575940623476407,9,set_2
720575940626826288,720575940623847181,16,set_2
720575940626826288,720575940624224253,9,set_2
720575940626826288,720575940624987175,8,set_2
720575940626826288,720575940626094350,74,set_2
720575940626826288,720575940626099214,13,set_2
720575940626826288,720575940626856344,30,set_2
720575940626826288,720575940626968216,8,set_2
720575940626826288,720575940627062088,7,set_2
720575940626826288,720575940627107721,80,set_2
720575940626826288,720575940627182217,23,set_2
720575940626826288,720575940627404858,8,set_2
720575940626826288,720575940627410451,47,set_2
720575940626826288,720575940627739023,29,set_2
720575940626826288,720575940627814728,5,set_2
720575940626826288,720575940628345610,10,set_2
720575940626826288,720575940628826128,5,set_2
720575940626826288,720575940628995331,22,set_2
720575940626826288,720575940628997123,83,set_2
720575940626826288,720575940629561347,6,set_2
720575940626826288,720575940630233404,51,set_2
720575940626826288,720575940630461404,14,set_2
720575940626826288,720575940631108303,15,set_2
720575940626826288,720575940631629160,5,set_2
720575940626826288,720575940631918649,26,set_2
720575940626826288,720575940631919976,16,set_2
720575940626826288,720575940631939432,22,set_2
720575940626826288,720575940631989352,8,set_2
720575940626826288,720575940631994728,36,set_2
720575940626826288,720575940632030008,6,set_2
720575940626826288,720575940632726220,9,set_2
720575940626826288,720575940633277209,47,set_2
720575940626826288,720575940634210155,10,set_2
720575940626826288,720575940634825623,37,set_2
720575940626826288,720575940635166571,6,set_2
720575940626826288,720575940635527322,15,set_2
720575940626826288,720575940635596212,12,set_2
720575940626826288,720575940636649061,5,set_2
720575940626826288,720575940636685454,84,set_2
720575940626826288,720575940637656286,20,set_2
720575940626826288,720575940638001498,5,set_2
720575940626826288,720575940639206077,6,set_2
720575940626826288,720575940639787683,11,set_2
720575940626826288,720575940644726432,9,set_2
720575940626826288,720575940647030324,8,set_2
720575940626826288,720575940647060532,8,set_2
720575940626826288,720575940652580086,8,set_2
720575940626847765,720575940611549902,26,set_2
720575940626847765,720575940617853730,28,set_2
720575940626847765,720575940619671616,18,set_2
720575940626847765,720575940620353300,28,set_2
720575940626847765,720575940623381286,78,set_2
720575940626847765,720575940624600840,48,set_2
720575940626847765,720575940624988455,12,set_2
720575940626847765,720575940626780222,16,set_2
720575940626847765,720575940628436282,42,set_2
720575940626847765,720575940629717370,12,set_2
720575940626847765,720575940630665210,14,set_2
720575940626847765,720575940631092943,36,set_2
720575940626847765,720575940638103349,12,set_2
720575940626847765,720575940641536987,12,set_2
720575940626847765,720575940649812857,10,set_2
720575940626847765,720575940655014049,26,set_2
720575940626847765,720575940660281217,10,set_2
720575940626870846,720575940605589378,56,set_2
720575940626870846,720575940612087922,42,set_2
720575940626870846,720575940615062568,343,set_2
720575940626870846,720575940617229691,119,set_2
720575940626870846,720575940619398872,105,set_2
720575940626870846,720575940619866059,392,set_2
720575940626870846,720575940621827419,105,set_2
720575940626870846,720575940623989245,259,set_2
720575940626870846,720575940624532408,63,set_2
720575940626870846,720575940626308697,119,set_2
720575940626870846,720575940626742532,252,set_2
720575940626870846,720575940628017563,77,set_2
720575940626870846,720575940630165007,105,set_2
720575940626870846,720575940630393427,147,set_2
720575940626870846,720575940630504466,189,set_2
720575940626870846,720575940635938495,119,set_2
720575940626870846,720575940637002724,210,set_2
720575940626870846,720575940637417038,42,set_2
720575940626870846,720575940638996413,56,set_2
720575940626870846,720575940639227224,301,set_2
720575940626870846,720575940643823470,112,set_2
720575940626870846,720575940644932131,70,set_2
720575940626870846,720575940646156420,42,set_2
720575940626870846,720575940651601910,42,set_2
720575940626953049,720575940612339123,5,set_2
720575940626953049,720575940613687789,10,set_2
720575940626953049,720575940613877423,8,set_2
720575940626953049,720575940614483879,20,set_2
720575940626953049,720575940614654395,9,set_2
720575940626953049,720575940615044502,16,set_2
720575940626953049,720575940616987097,20,set_2
720575940626953049,720575940619696731,23,set_2
720575940626953049,720575940622335197,58,set_2
720575940626953049,720575940623242900,12,set_2
720575940626953049,720575940624014483,5,set_2
720575940626953049,720575940624712206,9,set_2
720575940626953049,720575940626760600,5,set_2
720575940626953049,720575940627404858,54,set_2
720575940626953049,720575940628391686,15,set_2
720575940626953049,720575940628675433,7,set_2
720575940626953049,720575940628818511,7,set_2
720575940626953049,720575940629975799,7,set_2
720575940626953049,720575940631065144,7,set_2
720575940626953049,720575940632670156,24,set_2
720575940626953049,720575940637656286,5,set_2
720575940626953049,720575940638013274,8,set_2
720575940626972568,720575940611782874,27,set_2
720575940626972568,720575940619310757,81,set_2
720575940626972568,720575940619945931,27,set_2
720575940626972568,720575940623476407,21,set_2
720575940626972568,720575940623718380,30,set_2
720575940626974737,720575940606388146,15,set_2
720575940626974737,720575940610986006,27,set_2
720575940626974737,720575940612277090,33,set_2
720575940626974737,720575940616614946,15,set_2
720575940626974737,720575940616618053,15,set_2
720575940626974737,720575940617636213,30,set_2
720575940626974737,720575940618385718,63,set_2
720575940626974737,720575940620553654,15,set_2
720575940626974737,720575940621827419,123,set_2
720575940626974737,720575940624554170,39,set_2
720575940626974737,720575940624865584,24,set_2
720575940626974737,720575940626308697,24,set_2
720575940626974737,720575940626449158,18,set_2
720575940626974737,720575940627276474,15,set_2
720575940626974737,720575940628023685,15,set_2
720575940626974737,720575940631056185,39,set_2
720575940626974737,720575940634699119,15,set_2
720575940626974737,720575940638041459,15,set_2
720575940626974737,720575940648804217,18,set_2
720575940626974737,720575940649828473,21,set_2
720575940626974737,720575940651601910,18,set_2
720575940626983684,720575940605040300,51,set_2
720575940626983684,720575940606373321,21,set_2
720575940626983684,720575940610254810,21,set_2
720575940626983684,720575940610457457,24,set_2
720575940626983684,720575940611128782,207,set_2
720575940626983684,720575940611682533,18,set_2
720575940626983684,720575940613253091,42,set_2
720575940626983684,720575940614067507,114,set_2
720575940626983684,720575940614483879,21,set_2
720575940626983684,720575940615379686,18,set_2
720575940626983684,720575940615749051,36,set_2
720575940626983684,720575940615763573,27,set_2
720575940626983684,720575940615770811,21,set_2
720575940626983684,720575940615886534,27,set_2
720575940626983684,720575940616056114,15,set_2
720575940626983684,720575940617443001,24,set_2
720575940626983684,720575940617461204,27,set_2
720575940626983684,720575940617853986,21,set_2
720575940626983684,720575940618142513,54,set_2
720575940626983684,720575940619770608,18,set_2
720575940626983684,720575940619814997,15,set_2
720575940626983684,720575940620892781,15,set_2
720575940626983684,720575940622779519,78,set_2
720575940626983684,720575940623202748,18,set_2
720575940626983684,720575940623636957,171,set_2
720575940626983684,720575940624651704,15,set_2
720575940626983684,720575940624911548,108,set_2
720575940626983684,720575940625494792,15,set_2
720575940626983684,720575940626878460,21,set_2
720575940626983684,720575940627110824,36,set_2
720575940626983684,720575940627196691,33,set_2
720575940626983684,720575940628452823,15,set_2
720575940626983684,720575940628561628,33,set_2
720575940626983684,720575940629032603,18,set_2
720575940626983684,720575940629060986,21,set_2
720575940626983684,720575940629943148,15,set_2
720575940626983684,720575940630250860,27,set_2
720575940626983684,720575940630564712,15,set_2
720575940626983684,720575940630644807,24,set_2
720575940626983684,720575940630955205,42,set_2
720575940626983684,720575940631366061,24,set_2
720575940626983684,720575940631530148,15,set_2
720575940626983684,720575940632250285,15,set_2
720575940626983684,720575940632320815,24,set_2
720575940626983684,720575940632379467,18,set_2
720575940626983684,720575940632633133,18,set_2
720575940626983684,720575940633626337,30,set_2
720575940626983684,720575940633909344,15,set_2
720575940626983684,720575940634194783,15,set_2
720575940626983684,720575940636148325,33,set_2
720575940626983684,720575940636990064,30,set_2
720575940626983684,720575940637068400,21,set_2
720575940626983684,720575940637397309,42,set_2
720575940626983684,720575940637861294,48,set_2
720575940626983684,720575940637878854,21,set_2
720575940626983684,720575940638128573,15,set_2
720575940626983684,720575940638412928,15,set_2
720575940626983684,720575940638673478,15,set_2
720575940626983684,720575940639053146,15,set_2
720575940626983684,720575940642151565,159,set_2
720575940626983684,720575940643782048,18,set_2
720575940626983684,720575940644849431,24,set_2
720575940626983684,720575940647907124,132,set_2
720575940626983684,720575940648564612,18,set_2
720575940626999464,720575940610594766,12,set_2
720575940626999464,720575940612270307,5,set_2
720575940626999464,720575940612478383,8,set_2
720575940626999464,720575940613533607,8,set_2
720575940626999464,720575940613695346,6,set_2
720575940626999464,720575940613747734,45,set_2
720575940626999464,720575940616028475,7,set_2
720575940626999464,720575940619453831,9,set_2
720575940626999464,720575940620008112,37,set_2
720575940626999464,720575940620506996,52,set_2
720575940626999464,720575940621126384,67,set_2
720575940626999464,720575940621169690,69,set_2
720575940626999464,720575940623988733,20,set_2
720575940626999464,720575940624528068,17,set_2
720575940626999464,720575940625045180,9,set_2
720575940626999464,720575940625799513,32,set_2
720575940626999464,720575940626197593,5,set_2
720575940626999464,720575940626598994,5,set_2
720575940626999464,720575940628781333,59,set_2
720575940626999464,720575940631829279,7,set_2
720575940626999464,720575940634699119,5,set_2
720575940626999464,720575940637391423,7,set_2
720575940626999464,720575940640681680,26,set_2
720575940627004459,720575940616200790,28,set_2
720575940627004459,720575940626625813,24,set_2
720575940627004459,720575940626798736,32,set_2
720575940627004459,720575940626968216,28,set_2
720575940627004459,720575940627083294,32,set_2
720575940627004459,720575940628787016,20,set_2
720575940627020487,720575940616187754,5,set_2
720575940627020487,720575940617406548,6,set_2
720575940627020487,720575940621102913,6,set_2
720575940627020487,720575940630352379,6,set_2
720575940627080872,720575940617910155,12,set_2
720575940627080872,720575940621075482,10,set_2
720575940627080872,720575940624157001,16,set_2
720575940627080872,720575940633206753,12,set_2
720575940627177115,720575940607386290,7,set_2
720575940627177115,720575940609521250,5,set_2
720575940627177115,720575940611248662,6,set_2
720575940627177115,720575940611549902,28,set_2
720575940627177115,720575940612235747,6,set_2
720575940627177115,720575940617494877,6,set_2
720575940627177115,720575940625334349,5,set_2
720575940627177115,720575940626625813,6,set_2
720575940627177115,720575940626968216,6,set_2
720575940627177115,720575940627182217,18,set_2
720575940627177115,720575940632998028,7,set_2
720575940627177115,720575940635184735,9,set_2
720575940627177115,720575940647030324,5,set_2
720575940627177115,720575940652580086,10,set_2
720575940627275795,720575940606388146,9,set_2
720575940627275795,720575940608370645,7,set_2
720575940627275795,720575940609922372,23,set_2
720575940627275795,720575940610173048,5,set_2
720575940627275795,720575940610594766,6,set_2
720575940627275795,720575940610611246,15,set_2
720575940627275795,720575940610897906,5,set_2
720575940627275795,720575940611388595,23,set_2
720575940627275795,720575940612289010,16,set_2
720575940627275795,720575940612952557,5,set_2
720575940627275795,720575940613640685,5,set_2
720575940627275795,720575940613747734,9,set_2
720575940627275795,720575940615244595,8,set_2
720575940627275795,720575940616071483,26,set_2
720575940627275795,720575940616153371,8,set_2
720575940627275795,720575940618165787,21,set_2
720575940627275795,720575940618385718,5,set_2
720575940627275795,720575940618472261,25,set_2
720575940627275795,720575940619414321,5,set_2
720575940627275795,720575940620008112,15,set_2
720575940627275795,720575940620025620,5,set_2
720575940627275795,720575940620203764,6,set_2
720575940627275795,720575940620506996,7,set_2
720575940627275795,720575940620553654,77,set_2
720575940627275795,720575940620983637,11,set_2
720575940627275795,720575940621126384,33,set_2
720575940627275795,720575940621169690,33,set_2
720575940627275795,720575940622144648,26,set_2
720575940627275795,720575940622810153,35,set_2
720575940627275795,720575940622834411,6,set_2
720575940627275795,720575940623011845,5,set_2
720575940627275795,720575940623039838,8,set_2
720575940627275795,720575940623056422,16,set_2
720575940627275795,720575940623535044,9,set_2
720575940627275795,720575940623988733,13,set_2
720575940627275795,720575940624266128,8,set_2
720575940627275795,720575940624289789,5,set_2
720575940627275795,720575940624528068,12,set_2
720575940627275795,720575940624554170,66,set_2
720575940627275795,720575940624600840,16,set_2
720575940627275795,720575940625045180,109,set_2
720575940627275795,720575940625471896,7,set_2
720575940627275795,720575940625799513,6,set_2
720575940627275795,720575940627254856,5,set_2
720575940627275795,720575940627284935,6,set_2
720575940627275795,720575940627359109,6,set_2
720575940627275795,720575940628038187,5,set_2
720575940627275795,720575940628070419,23,set_2
720575940627275795,720575940628287546,7,set_2
720575940627275795,720575940628781333,23,set_2
720575940627275795,720575940629717370,5,set_2
720575940627275795,720575940629778554,6,set_2
720575940627275795,720575940630504466,11,set_2
720575940627275795,720575940631056185,5,set_2
720575940627275795,720575940633895469,7,set_2
720575940627275795,720575940634659508,11,set_2
720575940627275795,720575940634667234,8,set_2
720575940627275795,720575940634699119,7,set_2
720575940627275795,720575940634755041,12,set_2
720575940627275795,720575940635297911,16,set_2
720575940627275795,720575940635501560,41,set_2
720575940627275795,720575940635696279,6,set_2
720575940627275795,720575940635861146,5,set_2
720575940627275795,720575940639956643,5,set_2
720575940627275795,720575940640681680,9,set_2
720575940627275795,720575940643325581,5,set_2
720575940627275795,720575940645524003,7,set_2
720575940627275795,720575940646274670,129,set_2
720575940627275795,720575940646930996,7,set_2
720575940627275795,720575940648804217,46,set_2
720575940627275795,720575940650760825,6,set_2
720575940627275795,720575940651736566,36,set_2
720575940627312668,720575940606335410,55,set_2
720575940627312668,720575940608368818,187,set_2
720575940627312668,720575940610611246,495,set_2
720575940627312668,720575940610773090,66,set_2
720575940627312668,720575940611157746,253,set_2
720575940627312668,720575940611211417,1364,set_2
720575940627312668,720575940611717357,77,set_2
720575940627312668,720575940611849178,99,set_2
720575940627312668,720575940612019569,66,set_2
720575940627312668,720575940612556402,506,set_2
720575940627312668,720575940614734186,187,set_2
720575940627312668,720575940615274425,55,set_2
720575940627312668,720575940616167218,55,set_2
720575940627312668,720575940616169010,242,set_2
720575940627312668,720575940616286395,132,set_2
720575940627312668,720575940617398502,66,set_2
720575940627312668,720575940617828766,363,set_2
720575940627312668,720575940618706811,121,set_2
720575940627312668,720575940618788944,440,set_2
720575940627312668,720575940620692833,110,set_2
720575940627312668,720575940621870349,143,set_2
720575940627312668,720575940621898665,143,set_2
720575940627312668,720575940621913513,275,set_2
720575940627312668,720575940622335197,154,set_2
720575940627312668,720575940622346180,308,set_2
720575940627312668,720575940622371037,726,set_2
720575940627312668,720575940622519156,1232,set_2
720575940627312668,720575940622810153,143,set_2
720575940627312668,720575940622835947,88,set_2
720575940627312668,720575940622853011,319,set_2
720575940627312668,720575940622934711,143,set_2
720575940627312668,720575940623066893,660,set_2
720575940627312668,720575940623660558,1232,set_2
720575940627312668,720575940623843145,55,set_2
720575940627312668,720575940624266061,66,set_2
720575940627312668,720575940624607076,77,set_2
720575940627312668,720575940625032548,308,set_2
720575940627312668,720575940625045180,99,set_2
720575940627312668,720575940625163790,473,set_2
720575940627312668,720575940625450498,165,set_2
720575940627312668,720575940625696601,297,set_2
720575940627312668,720575940625740346,121,set_2
720575940627312668,720575940626185353,66,set_2
720575940627312668,720575940626217226,99,set_2
720575940627312668,720575940626705497,110,set_2
720575940627312668,720575940627206074,198,set_2
720575940627312668,720575940627254856,209,set_2
720575940627312668,720575940627394376,55,set_2
720575940627312668,720575940627402568,242,set_2
720575940627312668,720575940627438906,121,set_2
720575940627312668,720575940627443996,198,set_2
720575940627312668,720575940627454569,341,set_2
720575940627312668,720575940627667530,88,set_2
720575940627312668,720575940628329546,154,set_2
720575940627312668,720575940628676457,297,set_2
720575940627312668,720575940628885160,77,set_2
720575940627312668,720575940629717370,154,set_2
720575940627312668,720575940630597839,363,set_2
720575940627312668,720575940630882039,198,set_2
720575940627312668,720575940630893196,1177,set_2
720575940627312668,720575940630968335,231,set_2
720575940627312668,720575940631069255,55,set_2
720575940627312668,720575940631111983,77,set_2
720575940627312668,720575940631179831,572,set_2
720575940627312668,720575940631204163,242,set_2
720575940627312668,720575940631299602,209,set_2
720575940627312668,720575940631331855,418,set_2
720575940627312668,720575940632146340,264,set_2
720575940627312668,720575940632423394,110,set_2
720575940627312668,720575940632998028,121,set_2
720575940627312668,720575940633165980,1144,set_2
720575940627312668,720575940633791935,935,set_2
720575940627312668,720575940634278295,473,set_2
720575940627312668,720575940634659508,55,set_2
720575940627312668,720575940634683743,308,set_2
720575940627312668,720575940635391845,132,set_2
720575940627312668,720575940635625367,803,set_2
720575940627312668,720575940637580102,176,set_2
720575940627312668,720575940637747519,176,set_2
720575940627312668,720575940638041459,55,set_2
720575940627312668,720575940638419534,1254,set_2
720575940627312668,720575940638813016,297,set_2
720575940627312668,720575940639206077,66,set_2
720575940627312668,720575940639227224,88,set_2
720575940627312668,720575940640224640,594,set_2
720575940627312668,720575940643065032,385,set_2
720575940627312668,720575940643823470,99,set_2
720575940627312668,720575940646156420,55,set_2
720575940627312668,720575940646274670,77,set_2
720575940627312668,720575940658442625,869,set_2
720575940627359228,720575940614830239,232,set_2
720575940627359228,720575940619928929,152,set_2
720575940627359228,720575940622853011,160,set_2
720575940627359228,720575940623847181,40,set_2
720575940627359228,720575940630597839,184,set_2
720575940627359228,720575940633165980,48,set_2
720575940627359228,720575940637130985,56,set_2
720575940627359228,720575940640601563,128,set_2
720575940627359228,720575940658442625,72,set_2
720575940627383685,720575940605695665,6,set_2
720575940627383685,720575940607737099,10,set_2
720575940627383685,720575940608292361,7,set_2
720575940627383685,720575940608305161,22,set_2
720575940627383685,720575940609369180,9,set_2
720575940627383685,720575940609919897,27,set_2
720575940627383685,720575940610296622,23,set_2
720575940627383685,720575940611015122,12,set_2
720575940627383685,720575940611875570,22,set_2
720575940627383685,720575940612422579,13,set_2
720575940627383685,720575940612670570,18,set_2
720575940627383685,720575940613915089,7,set_2
720575940627383685,720575940614998166,18,set_2
720575940627383685,720575940615292895,5,set_2
720575940627383685,720575940615335458,5,set_2
720575940627383685,720575940615555257,6,set_2
720575940627383685,720575940616183483,5,set_2
720575940627383685,720575940616851286,18,set_2
720575940627383685,720575940616885538,9,set_2
720575940627383685,720575940617181725,22,set_2
720575940627383685,720575940617678566,6,set_2
720575940627383685,720575940617801499,25,set_2
720575940627383685,720575940617937543,53,set_2
720575940627383685,720575940618207936,9,set_2
720575940627383685,720575940618706043,29,set_2
720575940627383685,720575940618709371,6,set_2
720575940627383685,720575940619686208,5,set_2
720575940627383685,720575940620289701,17,set_2
720575940627383685,720575940620589838,10,set_2
720575940627383685,720575940620874757,33,set_2
720575940627383685,720575940620979638,9,set_2
720575940627383685,720575940621272865,10,set_2
720575940627383685,720575940621502051,13,set_2
720575940627383685,720575940621508479,8,set_2
720575940627383685,720575940621538142,7,set_2
720575940627383685,720575940622200233,23,set_2
720575940627383685,720575940622335197,17,set_2
720575940627383685,720575940622340393,7,set_2
720575940627383685,720575940622382285,7,set_2
720575940627383685,720575940622405708,44,set_2
720575940627383685,720575940622413508,22,set_2
720575940627383685,720575940622665801,9,set_2
720575940627383685,720575940622695448,5,set_2
720575940627383685,720575940622825736,34,set_2
720575940627383685,720575940623210445,12,set_2
720575940627383685,720575940623718380,33,set_2
720575940627383685,720575940623847181,9,set_2
720575940627383685,720575940624377579,5,set_2
720575940627383685,720575940625716357,9,set_2
720575940627383685,720575940626132508,9,set_2
720575940627383685,720575940627343125,5,set_2
720575940627383685,720575940627490663,26,set_2
720575940627383685,720575940628218011,10,set_2
720575940627383685,720575940628853239,17,set_2
720575940627383685,720575940628979218,7,set_2
720575940627383685,720575940629025324,21,set_2
720575940627383685,720575940629176663,31,set_2
720575940627383685,720575940629250775,5,set_2
720575940627383685,720575940629355064,7,set_2
720575940627383685,720575940629388135,20,set_2
720575940627383685,720575940629510338,32,set_2
720575940627383685,720575940629884119,25,set_2
720575940627383685,720575940629888530,16,set_2
720575940627383685,720575940630159616,12,set_2
720575940627383685,720575940630461660,11,set_2
720575940627383685,720575940630797113,11,set_2
720575940627383685,720575940630882039,8,set_2
720575940627383685,720575940630960911,7,set_2
720575940627383685,720575940631147148,13,set_2
720575940627383685,720575940631559884,5,set_2
720575940627383685,720575940632425919,59,set_2
720575940627383685,720575940632659404,10,set_2
720575940627383685,720575940632880173,31,set_2
720575940627383685,720575940632889389,14,set_2
720575940627383685,720575940633065901,15,set_2
720575940627383685,720575940633143833,40,set_2
720575940627383685,720575940633978207,10,set_2
720575940627383685,720575940634682815,7,set_2
720575940627383685,720575940638103349,9,set_2
720575940627383685,720575940638183652,66,set_2
720575940627383685,720575940639043280,79,set_2
720575940627383685,720575940639198653,40,set_2
720575940627383685,720575940639259967,28,set_2
720575940627383685,720575940639274147,16,set_2
720575940627383685,720575940639332736,5,set_2
720575940627383685,720575940640162944,7,set_2
720575940627383685,720575940640649691,9,set_2
720575940627383685,720575940641339611,27,set_2
720575940627383685,720575940641764552,5,set_2
720575940627383685,720575940644666148,9,set_2
720575940627383685,720575940645760820,12,set_2
720575940627383685,720575940654562209,9,set_2
720575940627383685,720575940654611617,14,set_2
720575940627383685,720575940655014049,21,set_2
720575940627444490,720575940604852146,27,set_2
720575940627444490,720575940606254002,18,set_2
720575940627444490,720575940607500297,33,set_2
720575940627444490,720575940608295689,18,set_2
720575940627444490,720575940608296917,27,set_2
720575940627444490,720575940609306563,30,set_2
720575940627444490,720575940609533230,24,set_2
720575940627444490,720575940610474610,30,set_2
720575940627444490,720575940610649442,18,set_2
720575940627444490,720575940610694098,15,set_2
720575940627444490,720575940611106453,21,set_2
720575940627444490,720575940611184819,27,set_2
720575940627444490,720575940613080751,33,set_2
720575940627444490,720575940614273292,15,set_2
720575940627444490,720575940616971035,18,set_2
720575940627444490,720575940618466384,33,set_2
720575940627444490,720575940618788944,18,set_2
720575940627444490,720575940619155403,21,set_2
720575940627444490,720575940619895125,18,set_2
720575940627444490,720575940620332404,36,set_2
720575940627444490,720575940620698136,30,set_2
720575940627444490,720575940622236671,30,set_2
720575940627444490,720575940622313971,24,set_2
720575940627444490,720575940622357965,24,set_2
720575940627444490,720575940622541005,36,set_2
720575940627444490,720575940622585224,30,set_2
720575940627444490,720575940622604109,36,set_2
720575940627444490,720575940622949820,24,set_2
720575940627444490,720575940623173470,27,set_2
720575940627444490,720575940623843145,15,set_2
720575940627444490,720575940624310676,18,set_2
720575940627444490,720575940624311881,15,set_2
720575940627444490,720575940624352643,15,set_2
720575940627444490,720575940624604560,21,set_2
720575940627444490,720575940624792197,21,set_2
720575940627444490,720575940625741114,15,set_2
720575940627444490,720575940625977870,33,set_2
720575940627444490,720575940626284036,30,set_2
720575940627444490,720575940626703241,27,set_2
720575940627444490,720575940627036746,30,set_2
720575940627444490,720575940627110672,24,set_2
720575940627444490,720575940627265265,21,set_2
720575940627444490,720575940627397263,24,set_2
720575940627444490,720575940627513210,36,set_2
720575940627444490,720575940628524150,51,set_2
720575940627444490,720575940629270339,24,set_2
720575940627444490,720575940630702789,18,set_2
720575940627444490,720575940631020079,21,set_2
720575940627444490,720575940631106664,15,set_2
720575940627444490,720575940631423263,21,set_2
720575940627444490,720575940633634199,18,set_2
720575940627444490,720575940635176366,33,set_2
720575940627444490,720575940635425893,45,set_2
720575940627444490,720575940635791167,27,set_2
720575940627444490,720575940635990896,33,set_2
720575940627444490,720575940637650522,15,set_2
720575940627444490,720575940637910106,33,set_2
720575940627444490,720575940639274147,21,set_2
720575940627444490,720575940639555928,18,set_2
720575940627444490,720575940639623795,24,set_2
720575940627444490,720575940660281217,48,set_2
720575940627492866,720575940603765280,10,set_2
720575940627492866,720575940609625442,7,set_2
720575940627492866,720575940611374554,16,set_2
720575940627492866,720575940612289010,14,set_2
720575940627492866,720575940614572542,7,set_2
720575940627492866,720575940615792523,45,set_2
720575940627492866,720575940617241629,12,set_2
720575940627492866,720575940618195254,10,set_2
720575940627492866,720575940622268993,5,set_2
720575940627492866,720575940623081400,5,set_2
720575940627492866,720575940623888681,6,set_2
720575940627492866,720575940625449554,14,set_2
720575940627492866,720575940626775824,23,set_2
720575940627492866,720575940629370967,5,set_2
720575940627492866,720575940632078873,5,set_2
720575940627492866,720575940634659508,5,set_2
720575940627492866,720575940638989219,17,set_2
720575940627492866,720575940639672893,14,set_2
720575940627492866,720575940642715040,5,set_2
720575940627492866,720575940650282742,5,set_2
720575940627492866,720575940650527222,11,set_2
720575940627815080,720575940605726385,32,set_2
720575940627815080,720575940608252082,24,set_2
720575940627815080,720575940609894212,48,set_2
720575940627815080,720575940610381778,32,set_2
720575940627815080,720575940610763874,124,set_2
720575940627815080,720575940611738035,20,set_2
720575940627815080,720575940612942289,32,set_2
720575940627815080,720575940613277491,28,set_2
720575940627815080,720575940614086609,28,set_2
720575940627815080,720575940614362851,28,set_2
720575940627815080,720575940615047976,20,set_2
720575940627815080,720575940616769497,40,set_2
720575940627815080,720575940616974941,76,set_2
720575940627815080,720575940618110774,36,set_2
720575940627815080,720575940618133649,28,set_2
720575940627815080,720575940618277952,28,set_2
720575940627815080,720575940619281031,56,set_2
720575940627815080,720575940621352630,28,set_2
720575940627815080,720575940621743905,44,set_2
720575940627815080,720575940622107937,28,set_2
720575940627815080,720575940622649855,44,set_2
720575940627815080,720575940623118261,24,set_2
720575940627815080,720575940623299623,32,set_2
720575940627815080,720575940623742956,60,set_2
720575940627815080,720575940624651704,24,set_2
720575940627815080,720575940624677709,40,set_2
720575940627815080,720575940625272137,20,set_2
720575940627815080,720575940625415043,32,set_2
720575940627815080,720575940625667888,48,set_2
720575940627815080,720575940627680006,36,set_2
720575940627815080,720575940628131371,24,set_2
720575940627815080,720575940628739644,28,set_2
720575940627815080,720575940629060986,196,set_2
720575940627815080,720575940630159676,20,set_2
720575940627815080,720575940630887737,24,set_2
720575940627815080,720575940631638841,36,set_2
720575940627815080,720575940632588748,104,set_2
720575940627815080,720575940633286335,24,set_2
720575940627815080,720575940633445727,20,set_2
720575940627815080,720575940633626337,196,set_2
720575940627815080,720575940634422880,24,set_2
720575940627815080,720575940634707863,84,set_2
720575940627815080,720575940634911589,32,set_2
720575940627815080,720575940635069295,52,set_2
720575940627815080,720575940636105829,20,set_2
720575940627815080,720575940638201021,20,set_2
720575940627815080,720575940639151987,20,set_2
720575940627815080,720575940639925211,40,set_2
720575940627815080,720575940640031360,36,set_2
720575940627815080,720575940643031240,36,set_2
720575940627815080,720575940648716153,40,set_2
720575940627826929,720575940613944994,10,set_2
720575940627826929,720575940617241629,24,set_2
720575940627826929,720575940618195254,20,set_2
720575940627826929,720575940618936710,12,set_2
720575940627826929,720575940622515895,16,set_2
720575940627826929,720575940622872870,10,set_2
720575940627826929,720575940623014695,12,set_2
720575940627826929,720575940623044103,26,set_2
720575940627826929,720575940625449554,28,set_2
720575940627826929,720575940629422183,24,set_2
720575940627826929,720575940631008824,24,set_2
720575940627826929,720575940634659508,18,set_2
720575940627826929,720575940635861146,26,set_2
720575940627826929,720575940636822069,44,set_2
720575940627826929,720575940638041459,10,set_2
720575940627826929,720575940639672893,18,set_2
720575940627916331,720575940609922372,10,set_2
720575940627916331,720575940610611246,16,set_2
720575940627916331,720575940615292895,10,set_2
720575940627916331,720575940615672130,20,set_2
720575940627916331,720575940616851030,22,set_2
720575940627916331,720575940617678566,26,set_2
720575940627916331,720575940617787963,58,set_2
720575940627916331,720575940618166811,26,set_2
720575940627916331,720575940618472261,16,set_2
720575940627916331,720575940620025620,12,set_2
720575940627916331,720575940622154266,12,set_2
720575940627916331,720575940622493260,22,set_2
720575940627916331,720575940622810153,62,set_2
720575940627916331,720575940623209165,16,set_2
720575940627916331,720575940623432918,12,set_2
720575940627916331,720575940624176312,12,set_2
720575940627916331,720575940624600840,88,set_2
720575940627916331,720575940626960536,16,set_2
720575940627916331,720575940627667530,14,set_2
720575940627916331,720575940628743752,16,set_2
720575940627916331,720575940628885160,12,set_2
720575940627916331,720575940630670454,20,set_2
720575940627916331,720575940630679801,26,set_2
720575940627916331,720575940630773495,22,set_2
720575940627916331,720575940631092943,160,set_2
720575940627916331,720575940631111983,16,set_2
720575940627916331,720575940631742381,30,set_2
720575940627916331,720575940639512192,48,set_2
720575940627916331,720575940641648091,72,set_2
720575940627936515,720575940623209165,20,set_2
720575940627936515,720575940639512192,40,set_2
720575940628071211,720575940610708430,8,set_2
720575940628071211,720575940611812050,7,set_2
720575940628071211,720575940611988197,7,set_2
720575940628071211,720575940612554393,7,set_2
720575940628071211,720575940615052812,35,set_2
720575940628071211,720575940615406590,15,set_2
720575940628071211,720575940615603851,7,set_2
720575940628071211,720575940617755220,7,set_2
720575940628071211,720575940618936710,6,set_2
720575940628071211,720575940619176094,9,set_2
720575940628071211,720575940619471525,6,set_2
720575940628071211,720575940621119367,8,set_2
720575940628071211,720575940621667693,31,set_2
720575940628071211,720575940622457579,16,set_2
720575940628071211,720575940623333964,5,set_2
720575940628071211,720575940624310857,9,set_2
720575940628071211,720575940626308697,14,set_2
720575940628071211,720575940626559490,20,set_2
720575940628071211,720575940627113544,5,set_2
720575940628071211,720575940629019387,15,set_2
720575940628071211,720575940630665210,7,set_2
720575940628071211,720575940630980559,19,set_2
720575940628071211,720575940631309866,9,set_2
720575940628071211,720575940631458733,5,set_2
720575940628071211,720575940632047890,5,set_2
720575940628071211,720575940632659404,5,set_2
720575940628071211,720575940639293312,5,set_2
720575940628071211,720575940640645949,9,set_2
720575940628071211,720575940643569518,5,set_2
720575940628071211,720575940654185377,5,set_2
720575940628071211,720575940655011489,12,set_2
720575940628119127,720575940609922372,14,set_2
720575940628119127,720575940612606105,6,set_2
720575940628119127,720575940614756589,7,set_2
720575940628119127,720575940615292895,5,set_2
720575940628119127,720575940616071483,5,set_2
720575940628119127,720575940616169010,5,set_2
720575940628119127,720575940622519156,12,set_2
720575940628119127,720575940624913959,9,set_2
720575940628119127,720575940628885160,34,set_2
720575940628119127,720575940629717370,14,set_2
720575940628119127,720575940631179831,28,set_2
720575940628119127,720575940647030324,5,set_2
720575940628119127,720575940651736566,16,set_2
720575940628182910,720575940604470956,54,set_2
720575940628182910,720575940611812050,48,set_2
720575940628182910,720575940615052812,84,set_2
720575940628182910,720575940621332092,30,set_2
720575940628182910,720575940621667693,36,set_2
720575940628182910,720575940622284947,84,set_2
720575940628182910,720575940623847181,42,set_2
720575940628182910,720575940626308697,162,set_2
720575940628182910,720575940630393427,42,set_2
720575940628182910,720575940630665210,42,set_2
720575940628182910,720575940631997032,102,set_2
720575940628182910,720575940632659404,402,set_2
720575940628182910,720575940655011489,54,set_2
720575940628209152,720575940605938633,14,set_2
720575940628209152,720575940606335410,10,set_2
720575940628209152,720575940606388146,16,set_2
720575940628209152,720575940612277090,18,set_2
720575940628209152,720575940618385718,44,set_2
720575940628209152,720575940618791515,12,set_2
720575940628209152,720575940620177543,10,set_2
720575940628209152,720575940620411169,12,set_2
720575940628209152,720575940621741094,12,set_2
720575940628209152,720575940621827419,46,set_2
720575940628209152,720575940622137633,16,set_2
720575940628209152,720575940622839786,10,set_2
720575940628209152,720575940623078071,22,set_2
720575940628209152,720575940624554170,20,set_2
720575940628209152,720575940624865584,10,set_2
720575940628209152,720575940625020935,10,set_2
720575940628209152,720575940626308697,40,set_2
720575940628209152,720575940626449158,16,set_2
720575940628209152,720575940628723834,10,set_2
720575940628209152,720575940631056185,16,set_2
720575940628209152,720575940643337508,12,set_2
720575940628209152,720575940649828473,18,set_2
720575940628209152,720575940651601910,16,set_2
720575940628325242,720575940611585459,5,set_2
720575940628325242,720575940614572542,9,set_2
720575940628325242,720575940623044103,11,set_2
720575940628325242,720575940623777065,23,set_2
720575940628325242,720575940624176312,5,set_2
720575940628325242,720575940629422183,18,set_2
720575940628325242,720575940629786998,9,set_2
720575940628325242,720575940631968599,5,set_2
720575940628325242,720575940636633848,7,set_2
720575940628462927,720575940606311772,110,set_2
720575940628462927,720575940608475331,12,set_2
720575940628462927,720575940612289010,10,set_2
720575940628462927,720575940613071313,84,set_2
720575940628462927,720575940613170385,16,set_2
720575940628462927,720575940613353169,50,set_2
720575940628462927,720575940614254534,10,set_2
720575940628462927,720575940617241629,16,set_2
720575940628462927,720575940618736797,12,set_2
720575940628462927,720575940619191687,52,set_2
720575940628462927,720575940620177543,20,set_2
720575940628462927,720575940620348125,98,set_2
720575940628462927,720575940620588747,22,set_2
720575940628462927,720575940620829878,40,set_2
720575940628462927,720575940621057159,52,set_2
720575940628462927,720575940621119367,22,set_2
720575940628462927,720575940621701846,10,set_2
720575940628462927,720575940622678781,16,set_2
720575940628462927,720575940623158709,54,set_2
720575940628462927,720575940624176312,16,set_2
720575940628462927,720575940624200679,104,set_2
720575940628462927,720575940624994568,14,set_2
720575940628462927,720575940625728089,98,set_2
720575940628462927,720575940626308697,10,set_2
720575940628462927,720575940626583836,12,set_2
720575940628462927,720575940627040549,20,set_2
720575940628462927,720575940627210502,10,set_2
720575940628462927,720575940627293201,12,set_2
720575940628462927,720575940627713040,68,set_2
720575940628462927,720575940628079742,36,set_2
720575940628462927,720575940628422555,222,set_2
720575940628462927,720575940628452431,100,set_2
720575940628462927,720575940629058391,98,set_2
720575940628462927,720575940629137196,54,set_2
720575940628462927,720575940629299018,10,set_2
720575940628462927,720575940629717370,20,set_2
720575940628462927,720575940630005622,160,set_2
720575940628462927,720575940630504466,10,set_2
720575940628462927,720575940631179831,38,set_2
720575940628462927,720575940631309866,20,set_2
720575940628462927,720575940635891802,24,set_2
720575940628462927,720575940637072350,18,set_2
720575940628462927,720575940637851069,18,set_2
720575940628462927,720575940638989219,30,set_2
720575940628462927,720575940639040675,54,set_2
720575940628462927,720575940639956643,10,set_2
720575940628462927,720575940643041992,60,set_2
720575940628462927,720575940646156420,16,set_2
720575940628462927,720575940647036980,10,set_2
720575940628462927,720575940648654468,12,set_2
720575940628504849,720575940612572131,7,set_2
720575940628504849,720575940614572542,19,set_2
720575940628504849,720575940616840665,5,set_2
720575940628504849,720575940616899033,8,set_2
720575940628504849,720575940617691170,6,set_2
720575940628504849,720575940618791515,7,set_2
720575940628504849,720575940618943389,5,set_2
720575940628504849,720575940621680264,10,set_2
720575940628504849,720575940622540179,12,set_2
720575940628504849,720575940622828056,5,set_2
720575940628504849,720575940623605180,6,set_2
720575940628504849,720575940623777065,33,set_2
720575940628504849,720575940623960563,6,set_2
720575940628504849,720575940624820112,5,set_2
720575940628504849,720575940626259458,5,set_2
720575940628504849,720575940627357457,8,set_2
720575940628504849,720575940634904677,7,set_2
720575940628504849,720575940639227224,7,set_2
720575940628504849,720575940641546715,10,set_2
720575940628504849,720575940643325581,10,set_2
720575940628530961,720575940604486880,12,set_2
720575940628530961,720575940607225609,10,set_2
720575940628530961,720575940607874315,16,set_2
720575940628530961,720575940612572131,20,set_2
720575940628530961,720575940613944994,46,set_2
720575940628530961,720575940616840665,22,set_2
720575940628530961,720575940617691170,28,set_2
720575940628530961,720575940618726454,22,set_2
720575940628530961,720575940619766869,10,set_2
720575940628530961,720575940621616381,20,set_2
720575940628530961,720575940622629011,14,set_2
720575940628530961,720575940622828056,38,set_2
720575940628530961,720575940623217577,24,set_2
720575940628530961,720575940625360670,16,set_2
720575940628530961,720575940626500745,56,set_2
720575940628530961,720575940626507027,10,set_2
720575940628530961,720575940626661501,14,set_2
720575940628530961,720575940626750089,12,set_2
720575940628530961,720575940627472684,12,set_2
720575940628530961,720575940628741379,12,set_2
720575940628530961,720575940635842990,14,set_2
720575940628530961,720575940638096499,14,set_2
720575940628590697,720575940604821950,40,set_2
720575940628590697,720575940604921446,30,set_2
720575940628590697,720575940605370802,25,set_2
720575940628590697,720575940605877728,50,set_2
720575940628590697,720575940606806473,25,set_2
720575940628590697,720575940607848203,25,set_2
720575940628590697,720575940608278876,45,set_2
720575940628590697,720575940608462684,125,set_2
720575940628590697,720575940608971221,55,set_2
720575940628590697,720575940609482190,55,set_2
720575940628590697,720575940610224738,35,set_2
720575940628590697,720575940610427512,25,set_2
720575940628590697,720575940610479811,25,set_2
720575940628590697,720575940610694098,65,set_2
720575940628590697,720575940611871352,25,set_2
720575940628590697,720575940611933138,25,set_2
720575940628590697,720575940612554979,45,set_2
720575940628590697,720575940612619431,50,set_2
720575940628590697,720575940612631445,160,set_2
720575940628590697,720575940613016805,40,set_2
720575940628590697,720575940613233891,90,set_2
720575940628590697,720575940613463859,25,set_2
720575940628590697,720575940614342762,95,set_2
720575940628590697,720575940614362851,30,set_2
720575940628590697,720575940615047976,230,set_2
720575940628590697,720575940615593522,25,set_2
720575940628590697,720575940615749051,35,set_2
720575940628590697,720575940616004146,90,set_2
720575940628590697,720575940616077874,55,set_2
720575940628590697,720575940617290713,60,set_2
720575940628590697,720575940617300573,40,set_2
720575940628590697,720575940618168635,35,set_2
720575940628590697,720575940618397598,25,set_2
720575940628590697,720575940618755494,100,set_2
720575940628590697,720575940619537201,25,set_2
720575940628590697,720575940619638592,65,set_2
720575940628590697,720575940619865941,120,set_2
720575940628590697,720575940619896656,40,set_2
720575940628590697,720575940620057758,40,set_2
720575940628590697,720575940620067823,25,set_2
720575940628590697,720575940620079518,55,set_2
720575940628590697,720575940620129671,75,set_2
720575940628590697,720575940620258480,25,set_2
720575940628590697,720575940620450694,55,set_2
720575940628590697,720575940621420709,25,set_2
720575940628590697,720575940622107937,35,set_2
720575940628590697,720575940622109466,25,set_2
720575940628590697,720575940622312521,30,set_2
720575940628590697,720575940622431049,25,set_2
720575940628590697,720575940622583005,25,set_2
720575940628590697,720575940622607069,50,set_2
720575940628590697,720575940622949837,35,set_2
720575940628590697,720575940623050334,25,set_2
720575940628590697,720575940623282985,70,set_2
720575940628590697,720575940623581930,75,set_2
720575940628590697,720575940623588074,70,set_2
720575940628590697,720575940623594378,25,set_2
720575940628590697,720575940623612395,40,set_2
720575940628590697,720575940623650055,35,set_2
720575940628590697,720575940623784428,130,set_2
720575940628590697,720575940623816967,100,set_2
720575940628590697,720575940623865417,50,set_2
720575940628590697,720575940624104265,25,set_2
720575940628590697,720575940624911548,90,set_2
720575940628590697,720575940625712688,80,set_2
720575940628590697,720575940626620568,30,set_2
720575940628590697,720575940626692158,30,set_2
720575940628590697,720575940627084905,30,set_2
720575940628590697,720575940627418856,45,set_2
720575940628590697,720575940627702288,25,set_2
720575940628590697,720575940627822340,30,set_2
720575940628590697,720575940628586261,40,set_2
720575940628590697,720575940628649448,25,set_2
720575940628590697,720575940628895750,90,set_2
720575940628590697,720575940629244359,220,set_2
720575940628590697,720575940629354087,30,set_2
720575940628590697,720575940629531351,30,set_2
720575940628590697,720575940629939499,50,set_2
720575940628590697,720575940630168636,60,set_2
720575940628590697,720575940630616082,30,set_2
720575940628590697,720575940630736123,100,set_2
720575940628590697,720575940631135488,35,set_2
720575940628590697,720575940631270954,30,set_2
720575940628590697,720575940631301447,35,set_2
720575940628590697,720575940631771971,35,set_2
720575940628590697,720575940631960773,30,set_2
720575940628590697,720575940632013387,45,set_2
720575940628590697,720575940632308305,60,set_2
720575940628590697,720575940632431268,40,set_2
720575940628590697,720575940632672156,35,set_2
720575940628590697,720575940633183628,30,set_2
720575940628590697,720575940633194892,175,set_2
720575940628590697,720575940634156755,35,set_2
720575940628590697,720575940635022527,65,set_2
720575940628590697,720575940635116383,45,set_2
720575940628590697,720575940635529464,30,set_2
720575940628590697,720575940635678871,125,set_2
720575940628590697,720575940635995767,50,set_2
720575940628590697,720575940636286053,50,set_2
720575940628590697,720575940636716718,35,set_2
720575940628590697,720575940637078106,45,set_2
720575940628590697,720575940637702234,40,set_2
720575940628590697,720575940637966682,180,set_2
720575940628590697,720575940639417728,260,set_2
720575940628590697,720575940639751376,45,set_2
720575940628590697,720575940640258101,25,set_2
720575940628590697,720575940640380917,90,set_2
720575940628590697,720575940643293837,25,set_2
720575940628590697,720575940644412964,35,set_2
720575940628590697,720575940644709792,30,set_2
720575940628590697,720575940644899095,30,set_2
720575940628590697,720575940646862132,25,set_2
720575940628590697,720575940652490742,50,set_2
720575940628590697,720575940654241441,55,set_2
720575940628590697,720575940659760769,30,set_2
720575940628590697,720575940660052865,30,set_2
720575940628659305,720575940610698052,55,set_2
720575940628659305,720575940616127931,60,set_2
720575940628659305,720575940616353675,85,set_2
720575940628659305,720575940621181066,45,set_2
720575940628659305,720575940622332403,35,set_2
720575940628659305,720575940625408333,30,set_2
720575940628659305,720575940628445169,85,set_2
720575940628659305,720575940629543409,35,set_2
720575940628659305,720575940629837563,155,set_2
720575940628659305,720575940631035603,30,set_2
720575940628659305,720575940632009784,45,set_2
720575940628659305,720575940632295751,45,set_2
720575940628659305,720575940633316307,75,set_2
720575940628659305,720575940634198926,55,set_2
720575940628659305,720575940636552805,85,set_2
720575940628659305,720575940640469848,120,set_2
720575940628683063,720575940604934502,264,set_2
720575940628683063,720575940610708430,48,set_2
720575940628683063,720575940611858906,80,set_2
720575940628683063,720575940612261603,56,set_2
720575940628683063,720575940612277090,40,set_2
720575940628683063,720575940612289010,40,set_2
720575940628683063,720575940613356851,64,set_2
720575940628683063,720575940614736290,656,set_2
720575940628683063,720575940614753653,48,set_2
720575940628683063,720575940614965691,512,set_2
720575940628683063,720575940616153371,96,set_2
720575940628683063,720575940619453831,432,set_2
720575940628683063,720575940620177543,56,set_2
720575940628683063,720575940620633070,96,set_2
720575940628683063,720575940620672432,48,set_2
720575940628683063,720575940620833901,96,set_2
720575940628683063,720575940620878785,40,set_2
720575940628683063,720575940621667693,88,set_2
720575940628683063,720575940622319715,40,set_2
720575940628683063,720575940622515895,144,set_2
720575940628683063,720575940623044103,80,set_2
720575940628683063,720575940623925173,64,set_2
720575940628683063,720575940624600840,216,set_2
720575940628683063,720575940625841241,40,set_2
720575940628683063,720575940626015640,72,set_2
720575940628683063,720575940626375164,272,set_2
720575940628683063,720575940627244200,56,set_2
720575940628683063,720575940627356459,56,set_2
720575940628683063,720575940628386295,616,set_2
720575940628683063,720575940630670890,272,set_2
720575940628683063,720575940631295506,256,set_2
720575940628683063,720575940635527092,120,set_2
720575940628683063,720575940635861146,120,set_2
720575940628683063,720575940636263543,104,set_2
720575940628683063,720575940639956643,120,set_2
720575940628683063,720575940642715040,152,set_2
720575940628683063,720575940648654468,112,set_2
720575940628866242,720575940605647234,12,set_2
720575940628866242,720575940611782874,20,set_2
720575940628866242,720575940614572542,30,set_2
720575940628866242,720575940615222634,10,set_2
720575940628866242,720575940616153371,26,set_2
720575940628866242,720575940618385718,54,set_2
720575940628866242,720575940619451989,22,set_2
720575940628866242,720575940619888622,14,set_2
720575940628866242,720575940622872870,10,set_2
720575940628866242,720575940623011845,20,set_2
720575940628866242,720575940623014695,14,set_2
720575940628866242,720575940623044103,20,set_2
720575940628866242,720575940623777065,14,set_2
720575940628866242,720575940626015640,26,set_2
720575940628866242,720575940626775824,14,set_2
720575940628866242,720575940628199802,14,set_2
720575940628866242,720575940628422555,56,set_2
720575940628866242,720575940629285879,10,set_2
720575940628866242,720575940629365868,20,set_2
720575940628866242,720575940630718511,10,set_2
720575940628866242,720575940632508627,14,set_2
720575940628866242,720575940635861146,30,set_2
720575940628936898,720575940610584945,16,set_2
720575940628936898,720575940612906518,10,set_2
720575940628936898,720575940616200790,12,set_2
720575940628936898,720575940622391337,10,set_2
720575940628936898,720575940623476407,18,set_2
720575940628936898,720575940626625813,16,set_2
720575940628936898,720575940626968216,22,set_2
720575940628936898,720575940627083294,10,set_2
720575940628936898,720575940627182217,14,set_2
720575940628936898,720575940628787016,12,set_2
720575940628936898,720575940634301852,22,set_2
720575940628936898,720575940648864633,18,set_2
720575940628995587,720575940607162754,1350,set_2
720575940628995587,720575940608451420,96,set_2
720575940628995587,720575940609423299,126,set_2
720575940628995587,720575940611167842,30,set_2
720575940628995587,720575940614642838,42,set_2
720575940628995587,720575940615672130,216,set_2
720575940628995587,720575940615970015,90,set_2
720575940628995587,720575940616014092,36,set_2
720575940628995587,720575940616194610,144,set_2
720575940628995587,720575940616848214,300,set_2
720575940628995587,720575940617031385,60,set_2
720575940628995587,720575940617678566,102,set_2
720575940628995587,720575940617787963,204,set_2
720575940628995587,720575940617917579,36,set_2
720575940628995587,720575940618514043,114,set_2
720575940628995587,720575940619016059,36,set_2
720575940628995587,720575940619042427,84,set_2
720575940628995587,720575940619058334,48,set_2
720575940628995587,720575940619155264,60,set_2
720575940628995587,720575940620982437,60,set_2
720575940628995587,720575940621150191,60,set_2
720575940628995587,720575940622054753,42,set_2
720575940628995587,720575940622154266,84,set_2
720575940628995587,720575940622195625,42,set_2
720575940628995587,720575940622225800,42,set_2
720575940628995587,720575940622632084,72,set_2
720575940628995587,720575940623164685,42,set_2
720575940628995587,720575940623379750,96,set_2
720575940628995587,720575940623676394,402,set_2
720575940628995587,720575940623847181,42,set_2
720575940628995587,720575940623918121,294,set_2
720575940628995587,720575940624756297,114,set_2
720575940628995587,720575940624986300,516,set_2
720575940628995587,720575940626672058,60,set_2
720575940628995587,720575940626780222,78,set_2
720575940628995587,720575940626960536,102,set_2
720575940628995587,720575940627107721,804,set_2
720575940628995587,720575940627182217,48,set_2
720575940628995587,720575940627418387,204,set_2
720575940628995587,720575940627429907,126,set_2
720575940628995587,720575940627739023,480,set_2
720575940628995587,720575940628378440,36,set_2
720575940628995587,720575940628815381,48,set_2
720575940628995587,720575940628998659,228,set_2
720575940628995587,720575940629377218,126,set_2
720575940628995587,720575940629936348,36,set_2
720575940628995587,720575940630232380,144,set_2
720575940628995587,720575940630691958,948,set_2
720575940628995587,720575940630829051,30,set_2
720575940628995587,720575940631092943,126,set_2
720575940628995587,720575940631293202,120,set_2
720575940628995587,720575940631328763,48,set_2
720575940628995587,720575940632029496,120,set_2
720575940628995587,720575940632134227,156,set_2
720575940628995587,720575940632486969,582,set_2
720575940628995587,720575940632726220,54,set_2
720575940628995587,720575940632960813,66,set_2
720575940628995587,720575940633228172,30,set_2
720575940628995587,720575940633762714,42,set_2
720575940628995587,720575940634825623,72,set_2
720575940628995587,720575940635527322,312,set_2
720575940628995587,720575940635596212,30,set_2
720575940628995587,720575940636649061,168,set_2
720575940628995587,720575940636685454,54,set_2
720575940628995587,720575940637360730,174,set_2
720575940628995587,720575940637530084,36,set_2
720575940628995587,720575940638024794,162,set_2
720575940628995587,720575940638092634,42,set_2
720575940628995587,720575940639785379,54,set_2
720575940628995587,720575940639831459,78,set_2
720575940628995587,720575940639994456,156,set_2
720575940628995587,720575940641648091,54,set_2
720575940628995587,720575940642884000,108,set_2
720575940628995587,720575940643867296,264,set_2
720575940628995587,720575940645697828,210,set_2
720575940628995587,720575940647037492,36,set_2
720575940628995587,720575940647560500,60,set_2
720575940628995587,720575940648188548,126,set_2
720575940629098028,720575940609922372,17,set_2
720575940629098028,720575940615063592,5,set_2
720575940629098028,720575940616298171,21,set_2
720575940629098028,720575940624015287,5,set_2
720575940629098028,720575940624404872,5,set_2
720575940629098028,720575940628885160,13,set_2
720575940629098028,720575940629111490,8,set_2
720575940629098028,720575940629717370,16,set_2
720575940629098028,720575940635610548,9,set_2
720575940629112258,720575940608475331,13,set_2
720575940629112258,720575940609922372,6,set_2
720575940629112258,720575940615292895,52,set_2
720575940629112258,720575940617476379,8,set_2
720575940629112258,720575940623654804,6,set_2
720575940629112258,720575940624600840,6,set_2
720575940629112258,720575940626075517,14,set_2
720575940629112258,720575940628023685,12,set_2
720575940629112258,720575940628676457,25,set_2
720575940629112258,720575940629717370,8,set_2
720575940629112258,720575940631092943,75,set_2
720575940629112258,720575940631997032,6,set_2
720575940629112258,720575940634739886,7,set_2
720575940629112258,720575940638103349,9,set_2
720575940629207963,720575940604247985,32,set_2
720575940629207963,720575940607345586,240,set_2
720575940629207963,720575940609133269,144,set_2
720575940629207963,720575940610054980,128,set_2
720575940629207963,720575940610708430,28,set_2
720575940629207963,720575940610986006,20,set_2
720575940629207963,720575940612438514,212,set_2
720575940629207963,720575940613170385,64,set_2
720575940629207963,720575940613356851,36,set_2
720575940629207963,720575940614099818,36,set_2
720575940629207963,720575940614965691,60,set_2
720575940629207963,720575940617494877,76,set_2
720575940629207963,720575940618963732,24,set_2
720575940629207963,720575940619042427,24,set_2
720575940629207963,720575940619453831,24,set_2
720575940629207963,720575940620008112,96,set_2
720575940629207963,720575940620177543,20,set_2
720575940629207963,720575940620182151,44,set_2
720575940629207963,720575940620335269,116,set_2
720575940629207963,720575940620819659,40,set_2
720575940629207963,720575940620833901,48,set_2
720575940629207963,720575940622466027,20,set_2
720575940629207963,720575940623132621,64,set_2
720575940629207963,720575940623988733,20,set_2
720575940629207963,720575940624994568,20,set_2
720575940629207963,720575940625799513,96,set_2
720575940629207963,720575940625874992,260,set_2
720575940629207963,720575940626308697,72,set_2
720575940629207963,720575940627062088,24,set_2
720575940629207963,720575940628598121,44,set_2
720575940629207963,720575940630181852,20,set_2
720575940629207963,720575940630232380,24,set_2
720575940629207963,720575940631056185,32,set_2
720575940629207963,720575940631299602,24,set_2
720575940629207963,720575940631459923,20,set_2
720575940629207963,720575940632028216,28,set_2
720575940629207963,720575940632524559,20,set_2
720575940629207963,720575940633639063,64,set_2
720575940629207963,720575940634210155,20,set_2
720575940629207963,720575940634645600,40,set_2
720575940629207963,720575940635527092,48,set_2
720575940629207963,720575940637578853,28,set_2
720575940629207963,720575940637656286,76,set_2
720575940629207963,720575940639769715,24,set_2
720575940629207963,720575940640681680,68,set_2
720575940629207963,720575940643867296,36,set_2
720575940629207963,720575940655015329,20,set_2
720575940629207963,720575940660224641,48,set_2
720575940629266988,720575940609913042,198,set_2
720575940629266988,720575940610981362,143,set_2
720575940629266988,720575940614830239,363,set_2
720575940629266988,720575940619928929,121,set_2
720575940629266988,720575940620819659,66,set_2
720575940629266988,720575940627454569,143,set_2
720575940629266988,720575940637130985,121,set_2
720575940629266988,720575940640601563,209,set_2
720575940629266988,720575940658442625,319,set_2
720575940629317450,720575940610000964,288,set_2
720575940629317450,720575940611991830,198,set_2
720575940629317450,720575940618791515,108,set_2
720575940629317450,720575940619025780,126,set_2
720575940629317450,720575940619866059,90,set_2
720575940629317450,720575940620096171,162,set_2
720575940629317450,720575940620994292,180,set_2
720575940629317450,720575940621913513,180,set_2
720575940629317450,720575940624532408,126,set_2
720575940629317450,720575940625601594,432,set_2
720575940629317450,720575940626308697,342,set_2
720575940629317450,720575940626449158,234,set_2
720575940629317450,720575940628857850,162,set_2
720575940629317450,720575940637790527,90,set_2
720575940629317450,720575940638237662,90,set_2
720575940629317450,720575940642428045,270,set_2
720575940629317450,720575940651601910,198,set_2
720575940629317450,720575940655011489,144,set_2
720575940629317450,720575940658442625,108,set_2
720575940629370844,720575940609521250,42,set_2
720575940629370844,720575940610173048,35,set_2
720575940629370844,720575940611248662,42,set_2
720575940629370844,720575940611812050,364,set_2
720575940629370844,720575940615406590,812,set_2
720575940629370844,720575940618936710,91,set_2
720575940629370844,720575940623802151,35,set_2
720575940629370844,720575940623847181,49,set_2
720575940629370844,720575940624310857,77,set_2
720575940629370844,720575940624659386,63,set_2
720575940629370844,720575940626232153,196,set_2
720575940629370844,720575940628070419,98,set_2
720575940629370844,720575940630073145,56,set_2
720575940629370844,720575940631299602,161,set_2
720575940629370844,720575940633813940,35,set_2
720575940629370844,720575940635184735,77,set_2
720575940629370844,720575940637718598,35,set_2
720575940629370844,720575940643259684,35,set_2
720575940629370844,720575940643325581,35,set_2
720575940629370844,720575940644666660,63,set_2
720575940629470838,720575940609937476,38,set_2
720575940629470838,720575940613563117,18,set_2
720575940629470838,720575940618165787,54,set_2
720575940629470838,720575940618472261,10,set_2
720575940629470838,720575940619866059,12,set_2
720575940629470838,720575940620008112,12,set_2
720575940629470838,720575940620353300,16,set_2
720575940629470838,720575940620627035,48,set_2
720575940629470838,720575940621667693,14,set_2
720575940629470838,720575940622284947,20,set_2
720575940629470838,720575940622493260,12,set_2
720575940629470838,720575940623535044,148,set_2
720575940629470838,720575940623654804,40,set_2
720575940629470838,720575940624994568,10,set_2
720575940629470838,720575940625408796,24,set_2
720575940629470838,720575940625873560,12,set_2
720575940629470838,720575940626197593,12,set_2
720575940629470838,720575940626557186,30,set_2
720575940629470838,720575940626953561,10,set_2
720575940629470838,720575940627047400,20,set_2
720575940629470838,720575940627304424,16,set_2
720575940629470838,720575940627704392,10,set_2
720575940629470838,720575940628668009,18,set_2
720575940629470838,720575940629865319,36,set_2
720575940629470838,720575940629987587,54,set_2
720575940629470838,720575940630665210,12,set_2
720575940629470838,720575940634093337,10,set_2
720575940629470838,720575940635202155,18,set_2
720575940629470838,720575940635751269,46,set_2
720575940629470838,720575940640681680,14,set_2
720575940629470838,720575940642428045,12,set_2
720575940629470838,720575940647036980,24,set_2
720575940629595633,720575940614830239,63,set_2
720575940629595633,720575940617121819,301,set_2
720575940629595633,720575940617497413,56,set_2
720575940629595633,720575940618788944,35,set_2
720575940629595633,720575940619928929,70,set_2
720575940629595633,720575940621689880,203,set_2
720575940629595633,720575940622199593,119,set_2
720575940629595633,720575940622853011,42,set_2
720575940629595633,720575940623834300,504,set_2
720575940629595633,720575940624948867,210,set_2
720575940629595633,720575940625031610,308,set_2
720575940629595633,720575940626983952,539,set_2
720575940629595633,720575940628131778,455,set_2
720575940629595633,720575940633165980,140,set_2
720575940629595633,720575940640601563,49,set_2
720575940629595633,720575940658442625,49,set_2
720575940629598935,720575940639227224,25,set_2
720575940629701451,720575940613106582,50,set_2
720575940629701451,720575940615606634,12,set_2
720575940629701451,720575940619517131,10,set_2
720575940629701451,720575940620610881,14,set_2
720575940629701451,720575940627700554,16,set_2
720575940629701451,720575940631366061,42,set_2
720575940629839947,720575940610232274,14,set_2
720575940629839947,720575940620874757,14,set_2
720575940629839947,720575940622931976,10,set_2
720575940629839947,720575940623476407,40,set_2
720575940629839947,720575940626835146,16,set_2
720575940629839947,720575940627113544,14,set_2
720575940629839947,720575940627182217,12,set_2
720575940629839947,720575940628500540,20,set_2
720575940629839947,720575940629509948,20,set_2
720575940629839947,720575940647606148,62,set_2
720575940629878479,720575940605707710,24,set_2
720575940629878479,720575940609133269,15,set_2
720575940629878479,720575940617630182,24,set_2
720575940629878479,720575940618166811,15,set_2
720575940629878479,720575940619310757,30,set_2
720575940629878479,720575940626625813,18,set_2
720575940629878479,720575940626798736,30,set_2
720575940629878479,720575940627083294,15,set_2
720575940629954872,720575940604470956,78,set_2
720575940629954872,720575940610708430,30,set_2
720575940629954872,720575940611160930,30,set_2
720575940629954872,720575940611812050,78,set_2
720575940629954872,720575940615406590,90,set_2
720575940629954872,720575940619398872,30,set_2
720575940629954872,720575940621913513,36,set_2
720575940629954872,720575940623164941,36,set_2
720575940629954872,720575940623847181,312,set_2
720575940629954872,720575940626308697,78,set_2
720575940629954872,720575940631997032,30,set_2
720575940629954872,720575940632659404,84,set_2
720575940629954872,720575940632998028,78,set_2
720575940629954872,720575940647030324,120,set_2
720575940629954872,720575940655011489,30,set_2
720575940630034231,720575940609221700,5,set_2
720575940630034231,720575940610594766,18,set_2
720575940630034231,720575940612270307,14,set_2
720575940630034231,720575940612478383,16,set_2
720575940630034231,720575940612952557,5,set_2
720575940630034231,720575940613533607,7,set_2
720575940630034231,720575940613695346,8,set_2
720575940630034231,720575940613747734,34,set_2
720575940630034231,720575940614965691,49,set_2
720575940630034231,720575940616028475,14,set_2
720575940630034231,720575940619453831,39,set_2
720575940630034231,720575940620008112,85,set_2
720575940630034231,720575940620506996,59,set_2
720575940630034231,720575940621126384,18,set_2
720575940630034231,720575940621169690,24,set_2
720575940630034231,720575940623988733,10,set_2
720575940630034231,720575940624528068,6,set_2
720575940630034231,720575940625799513,55,set_2
720575940630034231,720575940626308697,6,set_2
720575940630034231,720575940626598994,7,set_2
720575940630034231,720575940628149763,7,set_2
720575940630034231,720575940628781333,35,set_2
720575940630034231,720575940630301836,5,set_2
720575940630034231,720575940631829279,13,set_2
720575940630034231,720575940634659508,6,set_2
720575940630034231,720575940635696279,14,set_2
720575940630034231,720575940637391423,6,set_2
720575940630034231,720575940640681680,70,set_2
720575940630059052,720575940606254002,40,set_2
720575940630059052,720575940606388146,392,set_2
720575940630059052,720575940611549902,48,set_2
720575940630059052,720575940612256938,176,set_2
720575940630059052,720575940612289010,224,set_2
720575940630059052,720575940618472261,152,set_2
720575940630059052,720575940619652033,112,set_2
720575940630059052,720575940620627035,40,set_2
720575940630059052,720575940621827419,128,set_2
720575940630059052,720575940622236671,40,set_2
720575940630059052,720575940623209165,200,set_2
720575940630059052,720575940627274578,152,set_2
720575940630059052,720575940627989609,120,set_2
720575940630059052,720575940628668009,136,set_2
720575940630059052,720575940628684023,56,set_2
720575940630059052,720575940631092943,72,set_2
720575940630059052,720575940633213792,168,set_2
720575940630059052,720575940635202155,56,set_2
720575940630059052,720575940639756093,40,set_2
720575940630059052,720575940642428045,240,set_2
720575940630059052,720575940648377209,128,set_2
720575940630182972,720575940604791217,16,set_2
720575940630182972,720575940605694240,32,set_2
720575940630182972,720575940610173048,20,set_2
720575940630182972,720575940613563117,40,set_2
720575940630182972,720575940613828202,14,set_2
720575940630182972,720575940618165787,64,set_2
720575940630182972,720575940620778223,24,set_2
720575940630182972,720575940621126384,10,set_2
720575940630182972,720575940621169690,28,set_2
720575940630182972,720575940621928453,20,set_2
720575940630182972,720575940623535044,10,set_2
720575940630182972,720575940624528068,10,set_2
720575940630182972,720575940624913959,16,set_2
720575940630182972,720575940625002936,12,set_2
720575940630182972,720575940626185353,12,set_2
720575940630182972,720575940626229849,10,set_2
720575940630182972,720575940626468178,14,set_2
720575940630182972,720575940626557186,24,set_2
720575940630182972,720575940627828040,50,set_2
720575940630182972,720575940628668009,26,set_2
720575940630182972,720575940628781333,48,set_2
720575940630182972,720575940631299090,36,set_2
720575940630182972,720575940633373651,14,set_2
720575940630182972,720575940635202155,22,set_2
720575940630182972,720575940640348149,14,set_2
720575940630182972,720575940646930996,12,set_2
720575940630311528,720575940611374554,110,set_2
720575940630311528,720575940611548273,45,set_2
720575940630311528,720575940611868825,40,set_2
720575940630311528,720575940612289010,25,set_2
720575940630311528,720575940613992657,30,set_2
720575940630311528,720575940617241629,155,set_2
720575940630311528,720575940618195254,80,set_2
720575940630311528,720575940620195800,30,set_2
720575940630311528,720575940620628957,25,set_2
720575940630311528,720575940621827419,130,set_2
720575940630311528,720575940622934711,30,set_2
720575940630311528,720575940623081400,25,set_2
720575940630311528,720575940626449158,70,set_2
720575940630311528,720575940626775824,35,set_2
720575940630311528,720575940627594540,35,set_2
720575940630311528,720575940628741436,40,set_2
720575940630311528,720575940629218811,30,set_2
720575940630311528,720575940629370967,45,set_2
720575940630311528,720575940630504466,30,set_2
720575940630311528,720575940631309866,35,set_2
720575940630311528,720575940632078873,25,set_2
720575940630311528,720575940633304601,30,set_2
720575940630311528,720575940634659508,50,set_2
720575940630311528,720575940638989219,105,set_2
720575940630311528,720575940639672893,100,set_2
720575940630311528,720575940651601910,35,set_2
720575940630349905,720575940611374554,9,set_2
720575940630349905,720575940612341858,9,set_2
720575940630349905,720575940612923390,13,set_2
720575940630349905,720575940615043112,5,set_2
720575940630349905,720575940615792523,7,set_2
720575940630349905,720575940615911380,9,set_2
720575940630349905,720575940617241629,13,set_2
720575940630349905,720575940618195254,10,set_2
720575940630349905,720575940618936710,11,set_2
720575940630349905,720575940620098974,9,set_2
720575940630349905,720575940623777065,5,set_2
720575940630349905,720575940624064295,6,set_2
720575940630349905,720575940625379859,8,set_2
720575940630349905,720575940625449554,12,set_2
720575940630349905,720575940628199802,12,set_2
720575940630349905,720575940629285879,8,set_2
720575940630349905,720575940631884883,9,set_2
720575940630349905,720575940634659508,8,set_2
720575940630349905,720575940639672893,5,set_2
720575940630349905,720575940643539566,12,set_2
720575940630349905,720575940644948771,40,set_2
720575940630456028,720575940615382751,57,set_2
720575940630456028,720575940617997140,30,set_2
720575940630456028,720575940621089741,24,set_2
720575940630456028,720575940624600840,18,set_2
720575940630456028,720575940627556868,81,set_2
720575940630456028,720575940627709956,39,set_2
720575940630456028,720575940628478449,60,set_2
720575940630456028,720575940631327739,18,set_2
720575940630456028,720575940632734033,18,set_2
720575940630456028,720575940647606148,60,set_2
720575940630488540,720575940605694240,17,set_2
720575940630488540,720575940605890784,8,set_2
720575940630488540,720575940608500316,12,set_2
720575940630488540,720575940610000964,48,set_2
720575940630488540,720575940612208858,141,set_2
720575940630488540,720575940612438514,17,set_2
720575940630488540,720575940612686233,6,set_2
720575940630488540,720575940615583650,6,set_2
720575940630488540,720575940616298171,15,set_2
720575940630488540,720575940616851030,6,set_2
720575940630488540,720575940617494877,21,set_2
720575940630488540,720575940617636725,17,set_2
720575940630488540,720575940617678566,41,set_2
720575940630488540,720575940617787963,98,set_2
720575940630488540,720575940618166811,9,set_2
720575940630488540,720575940621573542,10,set_2
720575940630488540,720575940621763312,6,set_2
720575940630488540,720575940622452715,13,set_2
720575940630488540,720575940623209165,5,set_2
720575940630488540,720575940624466440,5,set_2
720575940630488540,720575940624913959,22,set_2
720575940630488540,720575940624987175,5,set_2
720575940630488540,720575940626185353,23,set_2
720575940630488540,720575940626468178,7,set_2
720575940630488540,720575940627206074,58,set_2
720575940630488540,720575940627667530,11,set_2
720575940630488540,720575940627828040,112,set_2
720575940630488540,720575940628668009,14,set_2
720575940630488540,720575940628973827,9,set_2
720575940630488540,720575940628995331,20,set_2
720575940630488540,720575940630683385,18,set_2
720575940630488540,720575940631299090,5,set_2
720575940630488540,720575940631365340,5,set_2
720575940630488540,720575940631939432,15,set_2
720575940630488540,720575940631989352,7,set_2
720575940630488540,720575940632028216,13,set_2
720575940630488540,720575940632134227,30,set_2
720575940630488540,720575940632640287,6,set_2
720575940630488540,720575940633373651,6,set_2
720575940630488540,720575940635202155,30,set_2
720575940630488540,720575940635212143,46,set_2
720575940630488540,720575940637360730,58,set_2
720575940630488540,720575940637656286,25,set_2
720575940630488540,720575940642428045,23,set_2
720575940630488540,720575940645527918,13,set_2
720575940630488540,720575940655015329,8,set_2
720575940630488540,720575940661338497,12,set_2
720575940630548751,720575940604247985,36,set_2
720575940630548751,720575940605976521,78,set_2
720575940630548751,720575940610079957,60,set_2
720575940630548751,720575940614099818,36,set_2
720575940630548751,720575940614753653,42,set_2
720575940630548751,720575940618165787,78,set_2
720575940630548751,720575940619453831,30,set_2
720575940630548751,720575940620008112,30,set_2
720575940630548751,720575940620026864,36,set_2
720575940630548751,720575940620096171,90,set_2
720575940630548751,720575940620866544,30,set_2
720575940630548751,720575940622137633,30,set_2
720575940630548751,720575940622466027,138,set_2
720575940630548751,720575940622515895,30,set_2
720575940630548751,720575940623044103,156,set_2
720575940630548751,720575940623535044,138,set_2
720575940630548751,720575940624266128,54,set_2
720575940630548751,720575940624532408,114,set_2
720575940630548751,720575940625567004,36,set_2
720575940630548751,720575940625799513,30,set_2
720575940630548751,720575940626015640,84,set_2
720575940630548751,720575940626308697,168,set_2
720575940630548751,720575940626557186,30,set_2
720575940630548751,720575940626598994,36,set_2
720575940630548751,720575940627244200,36,set_2
720575940630548751,720575940628212695,54,set_2
720575940630548751,720575940628343050,48,set_2
720575940630548751,720575940628386295,36,set_2
720575940630548751,720575940630461660,78,set_2
720575940630548751,720575940630620207,36,set_2
720575940630548751,720575940632828264,30,set_2
720575940630548751,720575940633373651,42,set_2
720575940630548751,720575940634699119,30,set_2
720575940630548751,720575940637013349,96,set_2
720575940630548751,720575940639206077,54,set_2
720575940630548751,720575940640681680,66,set_2
720575940630548751,720575940647030324,30,set_2
720575940630548751,720575940648652921,48,set_2
720575940630575943,720575940615292895,60,set_2
720575940630575943,720575940623535044,35,set_2
720575940630575943,720575940628975107,25,set_2
720575940630575943,720575940630808827,40,set_2
720575940630575943,720575940631742381,50,set_2
720575940630575943,720575940647606148,35,set_2
720575940630589036,720575940605707710,42,set_2
720575940630589036,720575940605890784,30,set_2
720575940630589036,720575940607272649,10,set_2
720575940630589036,720575940607386290,34,set_2
720575940630589036,720575940608735241,42,set_2
720575940630589036,720575940609133269,10,set_2
720575940630589036,720575940609407939,34,set_2
720575940630589036,720575940610584945,30,set_2
720575940630589036,720575940611160930,38,set_2
720575940630589036,720575940611812050,10,set_2
720575940630589036,720575940612208858,38,set_2
720575940630589036,720575940612357618,62,set_2
720575940630589036,720575940612558061,10,set_2
720575940630589036,720575940613347299,28,set_2
720575940630589036,720575940614998166,44,set_2
720575940630589036,720575940615197747,46,set_2
720575940630589036,720575940615292895,42,set_2
720575940630589036,720575940616200790,16,set_2
720575940630589036,720575940617373268,12,set_2
720575940630589036,720575940617539355,14,set_2
720575940630589036,720575940618165787,24,set_2
720575940630589036,720575940618166811,20,set_2
720575940630589036,720575940619114048,10,set_2
720575940630589036,720575940619176094,10,set_2
720575940630589036,720575940619771375,14,set_2
720575940630589036,720575940619877396,10,set_2
720575940630589036,720575940620819659,10,set_2
720575940630589036,720575940621150191,14,set_2
720575940630589036,720575940622026245,50,set_2
720575940630589036,720575940622054753,72,set_2
720575940630589036,720575940622195625,16,set_2
720575940630589036,720575940622391337,40,set_2
720575940630589036,720575940622624214,12,set_2
720575940630589036,720575940623164941,32,set_2
720575940630589036,720575940623209165,10,set_2
720575940630589036,720575940623314312,176,set_2
720575940630589036,720575940623847181,38,set_2
720575940630589036,720575940624310857,60,set_2
720575940630589036,720575940624987175,12,set_2
720575940630589036,720575940625823280,20,set_2
720575940630589036,720575940626094350,26,set_2
720575940630589036,720575940626495746,16,set_2
720575940630589036,720575940626557442,30,set_2
720575940630589036,720575940626856344,44,set_2
720575940630589036,720575940626919144,14,set_2
720575940630589036,720575940626968216,36,set_2
720575940630589036,720575940626972056,12,set_2
720575940630589036,720575940627083294,46,set_2
720575940630589036,720575940627206074,14,set_2
720575940630589036,720575940627285267,34,set_2
720575940630589036,720575940627403578,14,set_2
720575940630589036,720575940627443996,12,set_2
720575940630589036,720575940627828040,12,set_2
720575940630589036,720575940628029180,16,set_2
720575940630589036,720575940628070419,66,set_2
720575940630589036,720575940628492712,32,set_2
720575940630589036,720575940628885160,68,set_2
720575940630589036,720575940628997123,24,set_2
720575940630589036,720575940629421415,74,set_2
720575940630589036,720575940629717370,18,set_2
720575940630589036,720575940630461404,52,set_2
720575940630589036,720575940630461660,32,set_2
720575940630589036,720575940631179831,10,set_2
720575940630589036,720575940631629160,68,set_2
720575940630589036,720575940631939415,10,set_2
720575940630589036,720575940631994728,24,set_2
720575940630589036,720575940632178892,12,set_2
720575940630589036,720575940632582829,10,set_2
720575940630589036,720575940632726220,10,set_2
720575940630589036,720575940633218444,28,set_2
720575940630589036,720575940633277209,10,set_2
720575940630589036,720575940634210155,114,set_2
720575940630589036,720575940634301852,82,set_2
720575940630589036,720575940635166571,56,set_2
720575940630589036,720575940635527322,10,set_2
720575940630589036,720575940635610548,14,set_2
720575940630589036,720575940636675214,18,set_2
720575940630589036,720575940636685454,12,set_2
720575940630589036,720575940638001498,16,set_2
720575940630589036,720575940639206077,30,set_2
720575940630589036,720575940639553920,34,set_2
720575940630589036,720575940639831459,32,set_2
720575940630589036,720575940645495587,50,set_2
720575940630589036,720575940645527918,10,set_2
720575940630589036,720575940647030324,52,set_2
720575940630589036,720575940647037492,10,set_2
720575940630605881,720575940609913042,324,set_2
720575940630605881,720575940610981362,135,set_2
720575940630605881,720575940627454569,423,set_2
720575940630605881,720575940631020079,72,set_2
720575940630605881,720575940640601563,333,set_2
720575940630605881,720575940658442625,261,set_2
720575940630661164,720575940610232274,16,set_2
720575940630661164,720575940611160930,24,set_2
720575940630661164,720575940611812050,42,set_2
720575940630661164,720575940611988197,26,set_2
720575940630661164,720575940612303102,18,set_2
720575940630661164,720575940613419506,10,set_2
720575940630661164,720575940613687789,60,set_2
720575940630661164,720575940614950194,18,set_2
720575940630661164,720575940615406590,12,set_2
720575940630661164,720575940616200790,26,set_2
720575940630661164,720575940616896257,20,set_2
720575940630661164,720575940617648453,10,set_2
720575940630661164,720575940619047547,10,set_2
720575940630661164,720575940619176094,14,set_2
720575940630661164,720575940621119367,18,set_2
720575940630661164,720575940621150191,18,set_2
720575940630661164,720575940621332092,14,set_2
720575940630661164,720575940622457579,22,set_2
720575940630661164,720575940623039838,12,set_2
720575940630661164,720575940623164941,22,set_2
720575940630661164,720575940623847181,30,set_2
720575940630661164,720575940624310857,52,set_2
720575940630661164,720575940624608442,12,set_2
720575940630661164,720575940626308697,92,set_2
720575940630661164,720575940627113544,56,set_2
720575940630661164,720575940627443996,20,set_2
720575940630661164,720575940628755815,28,set_2
720575940630661164,720575940628869648,10,set_2
720575940630661164,720575940630667372,24,set_2
720575940630661164,720575940631901409,14,set_2
720575940630661164,720575940631940377,16,set_2
720575940630661164,720575940632659404,68,set_2
720575940630661164,720575940632998028,12,set_2
720575940630661164,720575940634825623,16,set_2
720575940630661164,720575940635596468,18,set_2
720575940630661164,720575940637144944,48,set_2
720575940630661164,720575940643325581,18,set_2
720575940630661164,720575940645495587,20,set_2
720575940630661164,720575940648864633,12,set_2
720575940630661164,720575940655011489,24,set_2
720575940630664556,720575940606388146,488,set_2
720575940630664556,720575940608368818,104,set_2
720575940630664556,720575940608475331,704,set_2
720575940630664556,720575940610623658,40,set_2
720575940630664556,720575940610683315,144,set_2
720575940630664556,720575940610981362,48,set_2
720575940630664556,720575940611184819,64,set_2
720575940630664556,720575940611211417,856,set_2
720575940630664556,720575940612920386,272,set_2
720575940630664556,720575940613080751,40,set_2
720575940630664556,720575940614211295,224,set_2
720575940630664556,720575940614273292,136,set_2
720575940630664556,720575940615089369,184,set_2
720575940630664556,720575940615274425,152,set_2
720575940630664556,720575940615292895,64,set_2
720575940630664556,720575940615330265,40,set_2
720575940630664556,720575940616072221,48,set_2
720575940630664556,720575940616308921,40,set_2
720575940630664556,720575940616328705,40,set_2
720575940630664556,720575940616616861,672,set_2
720575940630664556,720575940617476379,576,set_2
720575940630664556,720575940618788944,784,set_2
720575940630664556,720575940619197093,48,set_2
720575940630664556,720575940619387814,280,set_2
720575940630664556,720575940620025620,56,set_2
720575940630664556,720575940620626011,48,set_2
720575940630664556,720575940620856046,480,set_2
720575940630664556,720575940621013640,48,set_2
720575940630664556,720575940621375231,88,set_2
720575940630664556,720575940621827419,120,set_2
720575940630664556,720575940621870349,56,set_2
720575940630664556,720575940621916952,88,set_2
720575940630664556,720575940622144648,40,set_2
720575940630664556,720575940622284947,40,set_2
720575940630664556,720575940622457579,192,set_2
720575940630664556,720575940622810153,216,set_2
720575940630664556,720575940623261675,1104,set_2
720575940630664556,720575940623660558,1176,set_2
720575940630664556,720575940624079544,152,set_2
720575940630664556,720575940624266061,56,set_2
720575940630664556,720575940624604560,176,set_2
720575940630664556,720575940624963786,96,set_2
720575940630664556,720575940625032548,288,set_2
720575940630664556,720575940625163790,184,set_2
720575940630664556,720575940625601594,240,set_2
720575940630664556,720575940626015242,208,set_2
720575940630664556,720575940626016017,192,set_2
720575940630664556,720575940626197593,64,set_2
720575940630664556,720575940626241636,184,set_2
720575940630664556,720575940626972056,40,set_2
720575940630664556,720575940627040549,384,set_2
720575940630664556,720575940627210502,920,set_2
720575940630664556,720575940627265265,248,set_2
720575940630664556,720575940627454569,456,set_2
720575940630664556,720575940628198503,280,set_2
720575940630664556,720575940628329546,64,set_2
720575940630664556,720575940628386295,88,set_2
720575940630664556,720575940628676457,520,set_2
720575940630664556,720575940628684023,40,set_2
720575940630664556,720575940628832256,248,set_2
720575940630664556,720575940629009468,264,set_2
720575940630664556,720575940629211607,192,set_2
720575940630664556,720575940629358807,112,set_2
720575940630664556,720575940630005622,48,set_2
720575940630664556,720575940630504466,88,set_2
720575940630664556,720575940630893196,976,set_2
720575940630664556,720575940631082124,112,set_2
720575940630664556,720575940631111983,160,set_2
720575940630664556,720575940631179831,216,set_2
720575940630664556,720575940631299602,112,set_2
720575940630664556,720575940631915801,40,set_2
720575940630664556,720575940632078873,128,set_2
720575940630664556,720575940632293346,544,set_2
720575940630664556,720575940632423394,136,set_2
720575940630664556,720575940633165980,336,set_2
720575940630664556,720575940634659508,48,set_2
720575940630664556,720575940635391845,40,set_2
720575940630664556,720575940637330921,88,set_2
720575940630664556,720575940637568838,40,set_2
720575940630664556,720575940638202345,48,set_2
720575940630664556,720575940638218173,96,set_2
720575940630664556,720575940638419534,824,set_2
720575940630664556,720575940639274147,144,set_2
720575940630664556,720575940639993819,224,set_2
720575940630664556,720575940643823470,144,set_2
720575940630664556,720575940646156420,192,set_2
720575940630664556,720575940646274670,168,set_2
720575940630664556,720575940647036980,392,set_2
720575940630664556,720575940658442625,296,set_2
720575940630672938,720575940610173048,12,set_2
720575940630672938,720575940610708430,18,set_2
720575940630672938,720575940611812050,48,set_2
720575940630672938,720575940612235747,10,set_2
720575940630672938,720575940613687789,16,set_2
720575940630672938,720575940615052812,26,set_2
720575940630672938,720575940615406590,128,set_2
720575940630672938,720575940616200790,10,set_2
720575940630672938,720575940616440091,36,set_2
720575940630672938,720575940617648453,12,set_2
720575940630672938,720575940617755220,16,set_2
720575940630672938,720575940617835313,20,set_2
720575940630672938,720575940618936710,14,set_2
720575940630672938,720575940620593243,16,set_2
720575940630672938,720575940621119367,10,set_2
720575940630672938,720575940621667693,42,set_2
720575940630672938,720575940623164941,20,set_2
720575940630672938,720575940624310857,18,set_2
720575940630672938,720575940624659386,22,set_2
720575940630672938,720575940626308697,28,set_2
720575940630672938,720575940626559490,14,set_2
720575940630672938,720575940627443996,10,set_2
720575940630672938,720575940630665210,14,set_2
720575940630672938,720575940630980559,42,set_2
720575940630672938,720575940631309866,14,set_2
720575940630672938,720575940631458733,10,set_2
720575940630672938,720575940635184735,18,set_2
720575940630672938,720575940639293312,12,set_2
720575940630672938,720575940643569518,26,set_2
720575940630672938,720575940645495587,16,set_2
720575940630672938,720575940654185377,26,set_2
720575940630672938,720575940655011489,16,set_2
720575940630771449,720575940604470956,5,set_2
720575940630771449,720575940605890784,10,set_2
720575940630771449,720575940607162754,10,set_2
720575940630771449,720575940609133269,21,set_2
720575940630771449,720575940609407939,6,set_2
720575940630771449,720575940610000964,46,set_2
720575940630771449,720575940610173048,32,set_2
720575940630771449,720575940610482883,11,set_2
720575940630771449,720575940611015122,8,set_2
720575940630771449,720575940611160930,50,set_2
720575940630771449,720575940611812050,12,set_2
720575940630771449,720575940612208858,9,set_2
720575940630771449,720575940612470755,5,set_2
720575940630771449,720575940613687789,10,set_2
720575940630771449,720575940614998166,9,set_2
720575940630771449,720575940616018956,21,set_2
720575940630771449,720575940616071483,5,set_2
720575940630771449,720575940616200790,13,set_2
720575940630771449,720575940617835313,6,set_2
720575940630771449,720575940617917579,12,set_2
720575940630771449,720575940618166811,14,set_2
720575940630771449,720575940620274085,44,set_2
720575940630771449,720575940620593243,6,set_2
720575940630771449,720575940620633947,26,set_2
720575940630771449,720575940620874757,14,set_2
720575940630771449,720575940621150191,11,set_2
720575940630771449,720575940621667693,29,set_2
720575940630771449,720575940622493260,23,set_2
720575940630771449,720575940623164941,7,set_2
720575940630771449,720575940623718380,21,set_2
720575940630771449,720575940623847181,10,set_2
720575940630771449,720575940625164558,9,set_2
720575940630771449,720575940625716357,8,set_2
720575940630771449,720575940626279742,11,set_2
720575940630771449,720575940627828296,16,set_2
720575940630771449,720575940628070419,117,set_2
720575940630771449,720575940628815381,8,set_2
720575940630771449,720575940629764906,8,set_2
720575940630771449,720575940629773276,7,set_2
720575940630771449,720575940629888530,9,set_2
720575940630771449,720575940630159616,15,set_2
720575940630771449,720575940630461660,65,set_2
720575940630771449,720575940630665210,19,set_2
720575940630771449,720575940630720763,12,set_2
720575940630771449,720575940630980559,49,set_2
720575940630771449,720575940631918649,70,set_2
720575940630771449,720575940631997032,51,set_2
720575940630771449,720575940633065901,14,set_2
720575940630771449,720575940633373651,31,set_2
720575940630771449,720575940635166571,7,set_2
720575940630771449,720575940635527322,28,set_2
720575940630771449,720575940636675214,5,set_2
720575940630771449,720575940638024794,18,set_2
720575940630771449,720575940638103349,46,set_2
720575940630771449,720575940639756093,10,set_2
720575940630771449,720575940639831459,5,set_2
720575940630771449,720575940640162944,14,set_2
720575940630771449,720575940642428045,9,set_2
720575940630771449,720575940644666148,18,set_2
720575940630771449,720575940647030324,150,set_2
720575940630771449,720575940648864633,7,set_2
720575940630772547,720575940610611246,10,set_2
720575940630772547,720575940610986006,18,set_2
720575940630772547,720575940613871046,12,set_2
720575940630772547,720575940617138466,16,set_2
720575940630772547,720575940618791515,18,set_2
720575940630772547,720575940620503512,22,set_2
720575940630772547,720575940620550534,10,set_2
720575940630772547,720575940620553654,18,set_2
720575940630772547,720575940620957423,20,set_2
720575940630772547,720575940621741094,12,set_2
720575940630772547,720575940622839786,22,set_2
720575940630772547,720575940622872870,14,set_2
720575940630772547,720575940629422183,22,set_2
720575940630772547,720575940631056185,12,set_2
720575940630772547,720575940638041459,10,set_2
720575940630772547,720575940643325581,10,set_2
720575940630772547,720575940648804217,16,set_2
720575940630772547,720575940651601910,12,set_2
720575940630867148,720575940609133269,16,set_2
720575940630867148,720575940609939780,40,set_2
720575940630867148,720575940610584945,12,set_2
720575940630867148,720575940612574435,26,set_2
720575940630867148,720575940612906518,14,set_2
720575940630867148,720575940614998166,38,set_2
720575940630867148,720575940616033563,12,set_2
720575940630867148,720575940619145045,10,set_2
720575940630867148,720575940619176094,10,set_2
720575940630867148,720575940623164941,18,set_2
720575940630867148,720575940623314312,134,set_2
720575940630867148,720575940623817223,10,set_2
720575940630867148,720575940624987175,22,set_2
720575940630867148,720575940625047484,24,set_2
720575940630867148,720575940626968216,20,set_2
720575940630867148,720575940627182217,10,set_2
720575940630867148,720575940628492712,10,set_2
720575940630867148,720575940629421415,14,set_2
720575940630867148,720575940634210155,16,set_2
720575940630867148,720575940635166571,12,set_2
720575940630867148,720575940636675214,66,set_2
720575940630867148,720575940647023156,22,set_2
720575940630904567,720575940613687789,24,set_2
720575940630904567,720575940613828202,28,set_2
720575940630904567,720575940618166811,28,set_2
720575940630904567,720575940627443996,52,set_2
720575940630904567,720575940639512192,56,set_2
720575940630995799,720575940627443996,54,set_2
720575940630995799,720575940639512192,36,set_2
720575940631144109,720575940614572542,12,set_2
720575940631144109,720575940621827419,54,set_2
720575940631349335,720575940607162754,20,set_2
720575940631349335,720575940607386290,20,set_2
720575940631349335,720575940610001220,68,set_2
720575940631349335,720575940611151406,24,set_2
720575940631349335,720575940611167842,32,set_2
720575940631349335,720575940611549902,20,set_2
720575940631349335,720575940612208858,20,set_2
720575940631349335,720575940612438514,20,set_2
720575940631349335,720575940612443890,28,set_2
720575940631349335,720575940612950642,24,set_2
720575940631349335,720575940614763666,32,set_2
720575940631349335,720575940614998166,20,set_2
720575940631349335,720575940615672130,24,set_2
720575940631349335,720575940616014092,28,set_2
720575940631349335,720575940616667186,24,set_2
720575940631349335,720575940618325302,20,set_2
720575940631349335,720575940619771375,20,set_2
720575940631349335,720575940619865547,32,set_2
720575940631349335,720575940620156209,44,set_2
720575940631349335,720575940620353300,52,set_2
720575940631349335,720575940622537477,20,set_2
720575940631349335,720575940623208141,32,set_2
720575940631349335,720575940623314312,24,set_2
720575940631349335,720575940623352063,24,set_2
720575940631349335,720575940623654804,20,set_2
720575940631349335,720575940623718380,20,set_2
720575940631349335,720575940624600840,28,set_2
720575940631349335,720575940625032548,24,set_2
720575940631349335,720575940625164176,20,set_2
720575940631349335,720575940625873560,20,set_2
720575940631349335,720575940626557442,72,set_2
720575940631349335,720575940626625813,20,set_2
720575940631349335,720575940626953561,44,set_2
720575940631349335,720575940626960536,40,set_2
720575940631349335,720575940627371834,20,set_2
720575940631349335,720575940628095593,20,set_2
720575940631349335,720575940629576451,24,set_2
720575940631349335,720575940629792060,20,set_2
720575940631349335,720575940629888530,24,set_2
720575940631349335,720575940630691958,20,set_2
720575940631349335,720575940631092943,80,set_2
720575940631349335,720575940631703608,24,set_2
720575940631349335,720575940631997032,28,set_2
720575940631349335,720575940632305711,28,set_2
720575940631349335,720575940632486969,44,set_2
720575940631349335,720575940632640287,44,set_2
720575940631349335,720575940636675214,44,set_2
720575940631349335,720575940638103349,44,set_2
720575940631349335,720575940639769715,24,set_2
720575940631349335,720575940639773091,20,set_2
720575940631349335,720575940641648091,48,set_2
720575940631349335,720575940660220289,28,set_2
720575940631394920,720575940612289010,24,set_2
720575940631394920,720575940612952557,16,set_2
720575940631394920,720575940618472261,18,set_2
720575940631394920,720575940635696279,18,set_2
720575940631595603,720575940609088978,7,set_2
720575940631595603,720575940611169242,5,set_2
720575940631595603,720575940611448243,5,set_2
720575940631595603,720575940612630434,5,set_2
720575940631595603,720575940613870242,10,set_2
720575940631595603,720575940613944994,14,set_2
720575940631595603,720575940613992657,8,set_2
720575940631595603,720575940617493078,11,set_2
720575940631595603,720575940618216862,9,set_2
720575940631595603,720575940626405690,8,set_2
720575940631595603,720575940626828304,5,set_2
720575940631595603,720575940627463043,7,set_2
720575940631595603,720575940628245291,5,set_2
720575940631595603,720575940629730934,8,set_2
720575940631595603,720575940630799059,7,set_2
720575940631595603,720575940630981906,7,set_2
720575940631595603,720575940638168639,17,set_2
720575940631595603,720575940639046051,6,set_2
720575940631595603,720575940642439669,5,set_2
720575940631595603,720575940649033593,5,set_2
720575940631595603,720575940659331713,6,set_2
720575940631619948,720575940610079957,18,set_2
720575940631619948,720575940611211417,124,set_2
720575940631619948,720575940616162866,12,set_2
720575940631619948,720575940618788944,52,set_2
720575940631619948,720575940620627035,12,set_2
720575940631619948,720575940621870349,18,set_2
720575940631619948,720575940623660558,140,set_2
720575940631619948,720575940627040549,12,set_2
720575940631619948,720575940628995331,10,set_2
720575940631619948,720575940630893196,122,set_2
720575940631619948,720575940631111983,26,set_2
720575940631619948,720575940633165980,30,set_2
720575940631619948,720575940635297911,72,set_2
720575940631619948,720575940638419534,100,set_2
720575940631619948,720575940639993819,38,set_2
720575940631619948,720575940643823470,16,set_2
720575940631619948,720575940646156420,26,set_2
720575940631619948,720575940647036980,26,set_2
720575940631622225,720575940604921446,20,set_2
720575940631622225,720575940609941145,10,set_2
720575940631622225,720575940614483879,12,set_2
720575940631622225,720575940615345595,16,set_2
720575940631622225,720575940616769497,10,set_2
720575940631622225,720575940621241008,12,set_2
720575940631622225,720575940622779263,26,set_2
720575940631622225,720575940623594132,12,set_2
720575940631622225,720575940623742956,10,set_2
720575940631622225,720575940624677709,14,set_2
720575940631622225,720575940625776272,10,set_2
720575940631622225,720575940629783158,18,set_2
720575940631622225,720575940629933559,30,set_2
720575940631622225,720575940630564712,36,set_2
720575940631622225,720575940632501668,14,set_2
720575940631622225,720575940638412928,32,set_2
720575940631622225,720575940640258101,38,set_2
720575940631622225,720575940643793444,14,set_2
720575940631639500,720575940609913042,36,set_2
720575940631639500,720575940610981362,60,set_2
720575940631639500,720575940612319155,18,set_2
720575940631639500,720575940622236671,18,set_2
720575940631639500,720575940637130985,24,set_2
720575940631639500,720575940649812857,15,set_2
720575940631643532,720575940604470240,6,set_2
720575940631643532,720575940611813842,9,set_2
720575940631643532,720575940620093019,5,set_2
720575940631643532,720575940620298772,6,set_2
720575940631643532,720575940623506761,5,set_2
720575940631643532,720575940624991527,14,set_2
720575940631643532,720575940628387663,69,set_2
720575940631643532,720575940630403031,5,set_2
720575940631643532,720575940634756203,29,set_2
720575940631643532,720575940634903915,84,set_2
720575940631643532,720575940635211768,8,set_2
720575940631643532,720575940639198397,15,set_2
720575940631773388,720575940610000964,30,set_2
720575940631773388,720575940615044502,30,set_2
720575940631773388,720575940639206077,25,set_2
720575940631787693,720575940606254002,48,set_2
720575940631787693,720575940610981362,72,set_2
720575940631787693,720575940611018714,48,set_2
720575940631787693,720575940624604560,80,set_2
720575940631787693,720575940627265265,64,set_2
720575940631787693,720575940629358807,80,set_2
720575940631787693,720575940637130985,48,set_2
720575940631850521,720575940607731292,8,set_2
720575940631850521,720575940607876809,7,set_2
720575940631850521,720575940610899666,7,set_2
720575940631850521,720575940612628195,6,set_2
720575940631850521,720575940624157001,6,set_2
720575940631850521,720575940628326522,8,set_2
720575940631850521,720575940630484687,9,set_2
720575940631850521,720575940630887737,6,set_2
720575940631850521,720575940635280632,5,set_2
720575940631942341,720575940604352172,20,set_2
720575940631942341,720575940605758142,12,set_2
720575940631942341,720575940606762686,12,set_2
720575940631942341,720575940606769854,34,set_2
720575940631942341,720575940607990229,10,set_2
720575940631942341,720575940608977621,12,set_2
720575940631942341,720575940609282825,146,set_2
720575940631942341,720575940609892164,10,set_2
720575940631942341,720575940610215637,18,set_2
720575940631942341,720575940611086286,12,set_2
720575940631942341,720575940611090244,34,set_2
720575940631942341,720575940611379569,32,set_2
720575940631942341,720575940612003441,18,set_2
720575940631942341,720575940612284569,14,set_2
720575940631942341,720575940612714723,14,set_2
720575940631942341,720575940613053393,12,set_2
720575940631942341,720575940613203119,10,set_2
720575940631942341,720575940613258221,12,set_2
720575940631942341,720575940613583001,40,set_2
720575940631942341,720575940613590501,14,set_2
720575940631942341,720575940613804259,12,set_2
720575940631942341,720575940614137809,58,set_2
720575940631942341,720575940614326162,22,set_2
720575940631942341,720575940615183071,14,set_2
720575940631942341,720575940615438402,10,set_2
720575940631942341,720575940615529414,10,set_2
720575940631942341,720575940615594658,12,set_2
720575940631942341,720575940616169578,38,set_2
720575940631942341,720575940616197819,12,set_2
720575940631942341,720575940616503157,16,set_2
720575940631942341,720575940617400550,10,set_2
720575940631942341,720575940618385620,30,set_2
720575940631942341,720575940618757666,12,set_2
720575940631942341,720575940618932603,18,set_2
720575940631942341,720575940619071005,10,set_2
720575940631942341,720575940619537201,12,set_2
720575940631942341,720575940619863125,26,set_2
720575940631942341,720575940620124295,20,set_2
720575940631942341,720575940620505435,10,set_2
720575940631942341,720575940620909933,10,set_2
720575940631942341,720575940621039952,20,set_2
720575940631942341,720575940621142081,34,set_2
720575940631942341,720575940621551854,34,set_2
720575940631942341,720575940621762081,16,set_2
720575940631942341,720575940622609690,14,set_2
720575940631942341,720575940622675494,14,set_2
720575940631942341,720575940622915864,10,set_2
720575940631942341,720575940623000858,86,set_2
720575940631942341,720575940623146701,26,set_2
720575940631942341,720575940623528595,10,set_2
720575940631942341,720575940623547133,16,set_2
720575940631942341,720575940623636701,12,set_2
720575940631942341,720575940623788040,12,set_2
720575940631942341,720575940623875819,18,set_2
720575940631942341,720575940623901695,20,set_2
720575940631942341,720575940623913364,14,set_2
720575940631942341,720575940623925577,10,set_2
720575940631942341,720575940624547622,38,set_2
720575940631942341,720575940624677709,10,set_2
720575940631942341,720575940624879911,12,set_2
720575940631942341,720575940625251401,34,set_2
720575940631942341,720575940626003130,18,set_2
720575940631942341,720575940626180452,12,set_2
720575940631942341,720575940626793305,10,set_2
720575940631942341,720575940627186600,10,set_2
720575940631942341,720575940627368250,18,set_2
720575940631942341,720575940627369960,12,set_2
720575940631942341,720575940627728009,10,set_2
720575940631942341,720575940628334342,28,set_2
720575940631942341,720575940629011655,14,set_2
720575940631942341,720575940629589292,12,set_2
720575940631942341,720575940630407388,68,set_2
720575940631942341,720575940630770042,12,set_2
720575940631942341,720575940631467050,14,set_2
720575940631942341,720575940631526215,22,set_2
720575940631942341,720575940631538028,12,set_2
720575940631942341,720575940631842360,12,set_2
720575940631942341,720575940631907159,32,set_2
720575940631942341,720575940631930828,28,set_2
720575940631942341,720575940632403986,12,set_2
720575940631942341,720575940632416298,20,set_2
720575940631942341,720575940632795532,142,set_2
720575940631942341,720575940632835688,32,set_2
720575940631942341,720575940633294796,46,set_2
720575940631942341,720575940633483807,36,set_2
720575940631942341,720575940633988633,12,set_2
720575940631942341,720575940634156755,12,set_2
720575940631942341,720575940634545890,82,set_2
720575940631942341,720575940635468991,34,set_2
720575940631942341,720575940635945919,10,set_2
720575940631942341,720575940636167280,32,set_2
720575940631942341,720575940636489140,18,set_2
720575940631942341,720575940637098352,16,set_2
720575940631942341,720575940638128474,10,set_2
720575940631942341,720575940639017050,12,set_2
720575940631942341,720575940639194165,20,set_2
720575940631942341,720575940639230692,14,set_2
720575940631942341,720575940640841973,14,set_2
720575940631942341,720575940640942837,14,set_2
720575940631942341,720575940642030477,10,set_2
720575940631942341,720575940644704160,12,set_2
720575940631942341,720575940646431267,14,set_2
720575940631965357,720575940605675808,8,set_2
720575940631965357,720575940615663466,5,set_2
720575940631965357,720575940615770811,6,set_2
720575940631965357,720575940621241008,5,set_2
720575940631965357,720575940622768408,8,set_2
720575940631965357,720575940623299623,5,set_2
720575940631965357,720575940628561628,8,set_2
720575940631965357,720575940628949839,15,set_2
720575940631965357,720575940629060986,25,set_2
720575940631965357,720575940633286335,5,set_2
720575940631965357,720575940634911589,5,set_2
720575940631965357,720575940635157902,14,set_2
720575940631983464,720575940609913042,15,set_2
720575940631983464,720575940610981362,5,set_2
720575940631983464,720575940614830239,16,set_2
720575940631983464,720575940619928929,15,set_2
720575940631983464,720575940622358057,5,set_2
720575940631983464,720575940629358807,11,set_2
720575940631983464,720575940637130985,7,set_2
720575940631983464,720575940640601563,30,set_2
720575940632274914,720575940606239666,105,set_2
720575940632274914,720575940610000964,161,set_2
720575940632274914,720575940610611246,343,set_2
720575940632274914,720575940617636725,49,set_2
720575940632274914,720575940618472261,91,set_2
720575940632274914,720575940622054753,91,set_2
720575940632274914,720575940623209165,49,set_2
720575940632274914,720575940626767152,91,set_2
720575940632274914,720575940628668009,35,set_2
720575940632274914,720575940629422183,70,set_2
720575940632274914,720575940632341452,35,set_2
720575940632274914,720575940634085786,161,set_2
720575940632274914,720575940635202155,42,set_2
720575940632274914,720575940642428045,42,set_2
720575940632274914,720575940644676900,140,set_2
720575940632274914,720575940645108936,147,set_2
720575940632556831,720575940608177929,16,set_2
720575940632556831,720575940608252082,12,set_2
720575940632556831,720575940609906244,76,set_2
720575940632556831,720575940610899666,20,set_2
720575940632556831,720575940611799445,36,set_2
720575940632556831,720575940615130124,22,set_2
720575940632556831,720575940615896806,10,set_2
720575940632556831,720575940617288226,10,set_2
720575940632556831,720575940617401574,14,set_2
720575940632556831,720575940617422481,18,set_2
720575940632556831,720575940618104886,28,set_2
720575940632556831,720575940618681502,16,set_2
720575940632556831,720575940618759985,38,set_2
720575940632556831,720575940619662539,16,set_2
720575940632556831,720575940619940523,26,set_2
720575940632556831,720575940620379233,10,set_2
720575940632556831,720575940620897389,16,set_2
720575940632556831,720575940621257340,18,set_2
720575940632556831,720575940622101281,12,set_2
720575940632556831,720575940622656536,10,set_2
720575940632556831,720575940622657285,26,set_2
720575940632556831,720575940623434535,12,set_2
720575940632556831,720575940623539789,18,set_2
720575940632556831,720575940623581930,20,set_2
720575940632556831,720575940624157001,12,set_2
720575940632556831,720575940624734512,12,set_2
720575940632556831,720575940625110967,26,set_2
720575940632556831,720575940625712688,14,set_2
720575940632556831,720575940626808368,22,set_2
720575940632556831,720575940627779161,12,set_2
720575940632556831,720575940627851761,26,set_2
720575940632556831,720575940629131772,78,set_2
720575940632556831,720575940629147132,10,set_2
720575940632556831,720575940630887737,14,set_2
720575940632556831,720575940631190851,26,set_2
720575940632556831,720575940631365084,20,set_2
720575940632556831,720575940631617347,12,set_2
720575940632556831,720575940633819743,18,set_2
720575940632556831,720575940635769719,12,set_2
720575940632556831,720575940636084848,14,set_2
720575940632556831,720575940638723133,12,set_2
720575940632556831,720575940643008968,10,set_2
720575940632556831,720575940643980488,12,set_2
720575940632602532,720575940605890784,18,set_2
720575940632602532,720575940609133269,30,set_2
720575940632602532,720575940610054980,122,set_2
720575940632602532,720575940610606126,70,set_2
720575940632602532,720575940611548878,24,set_2
720575940632602532,720575940611549902,54,set_2
720575940632602532,720575940612289010,112,set_2
720575940632602532,720575940612554393,16,set_2
720575940632602532,720575940612952557,98,set_2
720575940632602532,720575940614099818,14,set_2
720575940632602532,720575940614950194,16,set_2
720575940632602532,720575940614965691,34,set_2
720575940632602532,720575940616018956,76,set_2
720575940632602532,720575940616848214,12,set_2
720575940632602532,720575940617151266,34,set_2
720575940632602532,720575940617494877,70,set_2
720575940632602532,720575940617629841,14,set_2
720575940632602532,720575940618165019,14,set_2
720575940632602532,720575940618165787,14,set_2
720575940632602532,720575940618472261,184,set_2
720575940632602532,720575940618539810,10,set_2
720575940632602532,720575940619114048,14,set_2
720575940632602532,720575940619453831,24,set_2
720575940632602532,720575940620274085,18,set_2
720575940632602532,720575940620335269,72,set_2
720575940632602532,720575940621047632,10,set_2
720575940632602532,720575940621332092,16,set_2
720575940632602532,720575940622137633,28,set_2
720575940632602532,720575940622519156,30,set_2
720575940632602532,720575940623209165,54,set_2
720575940632602532,720575940623535044,10,set_2
720575940632602532,720575940624023188,10,set_2
720575940632602532,720575940624623287,54,set_2
720575940632602532,720575940624906483,24,set_2
720575940632602532,720575940625045180,322,set_2
720575940632602532,720575940625874992,118,set_2
720575940632602532,720575940626468178,14,set_2
720575940632602532,720575940626705497,30,set_2
720575940632602532,720575940626835146,10,set_2
720575940632602532,720575940627113544,26,set_2
720575940632602532,720575940627371834,10,set_2
720575940632602532,720575940627704392,38,set_2
720575940632602532,720575940628095593,46,set_2
720575940632602532,720575940628096586,10,set_2
720575940632602532,720575940628676457,114,set_2
720575940632602532,720575940628971779,14,set_2
720575940632602532,720575940628995331,104,set_2
720575940632602532,720575940629778554,160,set_2
720575940632602532,720575940630232380,10,set_2
720575940632602532,720575940630579574,26,set_2
720575940632602532,720575940631179831,76,set_2
720575940632602532,720575940631703608,30,set_2
720575940632602532,720575940631901409,16,set_2
720575940632602532,720575940631918649,12,set_2
720575940632602532,720575940631994728,40,set_2
720575940632602532,720575940632028216,24,set_2
720575940632602532,720575940632839763,12,set_2
720575940632602532,720575940633017903,10,set_2
720575940632602532,720575940633277209,12,set_2
720575940632602532,720575940633373651,10,set_2
720575940632602532,720575940635360924,60,set_2
720575940632602532,720575940635501560,26,set_2
720575940632602532,720575940635696279,100,set_2
720575940632602532,720575940636165624,38,set_2
720575940632602532,720575940637656286,44,set_2
720575940632602532,720575940639787683,18,set_2
720575940632602532,720575940642428045,10,set_2
720575940632602532,720575940645527918,38,set_2
720575940632602532,720575940646274670,42,set_2
720575940632602532,720575940647036980,10,set_2
720575940632602532,720575940652580086,24,set_2
720575940632636959,720575940610079957,96,set_2
720575940632636959,720575940610986006,60,set_2
720575940632636959,720575940611496165,114,set_2
720575940632636959,720575940612277090,48,set_2
720575940632636959,720575940613170385,48,set_2
720575940632636959,720575940615480370,114,set_2
720575940632636959,720575940617755220,240,set_2
720575940632636959,720575940620177543,78,set_2
720575940632636959,720575940620506996,30,set_2
720575940632636959,720575940620550534,30,set_2
720575940632636959,720575940622466027,60,set_2
720575940632636959,720575940622515895,30,set_2
720575940632636959,720575940623158709,378,set_2
720575940632636959,720575940624176312,222,set_2
720575940632636959,720575940624600840,132,set_2
720575940632636959,720575940624994568,30,set_2
720575940632636959,720575940626567701,90,set_2
720575940632636959,720575940626583836,78,set_2
720575940632636959,720575940630670890,60,set_2
720575940632636959,720575940631056185,66,set_2
720575940632636959,720575940631309866,36,set_2
720575940632636959,720575940634699119,54,set_2
720575940632636959,720575940644672548,48,set_2
720575940632648612,720575940603266592,45,set_2
720575940632648612,720575940606002609,85,set_2
720575940632648612,720575940607347634,160,set_2
720575940632648612,720575940607737099,25,set_2
720575940632648612,720575940610773090,50,set_2
720575940632648612,720575940611015122,60,set_2
720575940632648612,720575940612319155,30,set_2
720575940632648612,720575940612670570,40,set_2
720575940632648612,720575940613786774,70,set_2
720575940632648612,720575940613996959,125,set_2
720575940632648612,720575940614273292,35,set_2
720575940632648612,720575940614302370,70,set_2
720575940632648612,720575940614393205,25,set_2
720575940632648612,720575940614734186,55,set_2
720575940632648612,720575940615089369,85,set_2
720575940632648612,720575940616177458,100,set_2
720575940632648612,720575940616562150,65,set_2
720575940632648612,720575940616742657,180,set_2
720575940632648612,720575940616811265,80,set_2
720575940632648612,720575940617000768,25,set_2
720575940632648612,720575940617510720,65,set_2
720575940632648612,720575940617539355,35,set_2
720575940632648612,720575940617674909,35,set_2
720575940632648612,720575940617857694,85,set_2
720575940632648612,720575940617937543,45,set_2
720575940632648612,720575940618601782,45,set_2
720575940632648612,720575940618877531,35,set_2
720575940632648612,720575940619197093,30,set_2
720575940632648612,720575940620692833,35,set_2
720575940632648612,720575940620874757,55,set_2
720575940632648612,720575940620982437,70,set_2
720575940632648612,720575940622136022,85,set_2
720575940632648612,720575940622405708,25,set_2
720575940632648612,720575940622413508,30,set_2
720575940632648612,720575940622486922,25,set_2
720575940632648612,720575940622541005,30,set_2
720575940632648612,720575940622731229,35,set_2
720575940632648612,720575940622902535,160,set_2
720575940632648612,720575940624015287,30,set_2
720575940632648612,720575940624373483,105,set_2
720575940632648612,720575940625203504,100,set_2
720575940632648612,720575940625861168,180,set_2
720575940632648612,720575940626674182,110,set_2
720575940632648612,720575940627490663,45,set_2
720575940632648612,720575940627907883,95,set_2
720575940632648612,720575940628116476,85,set_2
720575940632648612,720575940628436282,70,set_2
720575940632648612,720575940628673474,45,set_2
720575940632648612,720575940629025324,25,set_2
720575940632648612,720575940629211607,40,set_2
720575940632648612,720575940629821500,35,set_2
720575940632648612,720575940629888530,35,set_2
720575940632648612,720575940630553415,120,set_2
720575940632648612,720575940630991311,65,set_2
720575940632648612,720575940631284511,25,set_2
720575940632648612,720575940631393484,80,set_2
720575940632648612,720575940631656504,35,set_2
720575940632648612,720575940631898285,50,set_2
720575940632648612,720575940632146340,65,set_2
720575940632648612,720575940632425919,40,set_2
720575940632648612,720575940632510479,220,set_2
720575940632648612,720575940633791935,35,set_2
720575940632648612,720575940634023961,25,set_2
720575940632648612,720575940634683743,50,set_2
720575940632648612,720575940635392910,110,set_2
720575940632648612,720575940635807130,90,set_2
720575940632648612,720575940636487598,105,set_2
720575940632648612,720575940636574388,30,set_2
720575940632648612,720575940637165028,25,set_2
720575940632648612,720575940637580102,30,set_2
720575940632648612,720575940637686750,100,set_2
720575940632648612,720575940638011994,85,set_2
720575940632648612,720575940638183652,50,set_2
720575940632648612,720575940638608803,115,set_2
720575940632648612,720575940639043280,50,set_2
720575940632648612,720575940639198653,30,set_2
720575940632648612,720575940639259967,30,set_2
720575940632648612,720575940642088333,30,set_2
720575940632648612,720575940644965399,250,set_2
720575940632648612,720575940645743412,40,set_2
720575940632648612,720575940655014049,235,set_2
720575940632648612,720575940660292225,60,set_2
720575940632648612,720575940660914561,25,set_2
720575940632648868,720575940605707710,8,set_2
720575940632648868,720575940609939780,10,set_2
720575940632648868,720575940611164770,5,set_2
720575940632648868,720575940614604962,17,set_2
720575940632648868,720575940614998166,7,set_2
720575940632648868,720575940616194610,13,set_2
720575940632648868,720575940617398745,15,set_2
720575940632648868,720575940617787963,5,set_2
720575940632648868,720575940620982437,8,set_2
720575940632648868,720575940621181004,6,set_2
720575940632648868,720575940622235425,9,set_2
720575940632648868,720575940622391337,8,set_2
720575940632648868,720575940623132621,7,set_2
720575940632648868,720575940623314312,51,set_2
720575940632648868,720575940623663084,14,set_2
720575940632648868,720575940624015287,12,set_2
720575940632648868,720575940624404872,14,set_2
720575940632648868,720575940624967612,5,set_2
720575940632648868,720575940624986300,5,set_2
720575940632648868,720575940625164558,5,set_2
720575940632648868,720575940625705930,8,set_2
720575940632648868,720575940625823280,12,set_2
720575940632648868,720575940626968216,46,set_2
720575940632648868,720575940627182217,6,set_2
720575940632648868,720575940627403578,5,set_2
720575940632648868,720575940627404858,7,set_2
720575940632648868,720575940628029180,5,set_2
720575940632648868,720575940628319899,33,set_2
720575940632648868,720575940628436282,7,set_2
720575940632648868,720575940628995331,7,set_2
720575940632648868,720575940629773276,27,set_2
720575940632648868,720575940630461404,7,set_2
720575940632648868,720575940631314908,7,set_2
720575940632648868,720575940632030008,35,set_2
720575940632648868,720575940634900855,42,set_2
720575940632648868,720575940637656286,13,set_2
720575940632648868,720575940644653348,13,set_2
720575940632648868,720575940644993844,7,set_2
720575940632648868,720575940647060532,51,set_2
720575940632873261,720575940608157397,90,set_2
720575940632873261,720575940610173048,65,set_2
720575940632873261,720575940610708430,30,set_2
720575940632873261,720575940613520351,30,set_2
720575940632873261,720575940619042427,400,set_2
720575940632873261,720575940620833901,90,set_2
720575940632873261,720575940620878785,45,set_2
720575940632873261,720575940621667693,30,set_2
720575940632873261,720575940622515895,125,set_2
720575940632873261,720575940623011845,55,set_2
720575940632873261,720575940623044103,70,set_2
720575940632873261,720575940623925173,35,set_2
720575940632873261,720575940623988733,375,set_2
720575940632873261,720575940624289789,35,set_2
720575940632873261,720575940624528068,165,set_2
720575940632873261,720575940626015640,35,set_2
720575940632873261,720575940626583836,40,set_2
720575940632873261,720575940627244200,35,set_2
720575940632873261,720575940627404858,85,set_2
720575940632873261,720575940627667530,45,set_2
720575940632873261,720575940628096586,25,set_2
720575940632873261,720575940628386295,50,set_2
720575940632873261,720575940628781333,45,set_2
720575940632873261,720575940629681278,25,set_2
720575940632873261,720575940629974531,110,set_2
720575940632873261,720575940629975799,50,set_2
720575940632873261,720575940630670890,105,set_2
720575940632873261,720575940630980559,40,set_2
720575940632873261,720575940631295506,65,set_2
720575940632873261,720575940633548128,50,set_2
720575940632873261,720575940634699119,30,set_2
720575940632873261,720575940635527092,80,set_2
720575940632873261,720575940635861146,125,set_2
720575940632873261,720575940636263543,155,set_2
720575940632873261,720575940643325581,100,set_2
720575940632873261,720575940644672548,25,set_2
720575940632873261,720575940644948771,35,set_2
720575940632873261,720575940647963513,115,set_2
720575940632873261,720575940648654468,40,set_2
720575940632877869,720575940605162924,6,set_2
720575940632877869,720575940610482883,6,set_2
720575940632877869,720575940611858906,35,set_2
720575940632877869,720575940612319155,10,set_2
720575940632877869,720575940612357618,5,set_2
720575940632877869,720575940613754833,6,set_2
720575940632877869,720575940614099142,12,set_2
720575940632877869,720575940616103218,31,set_2
720575940632877869,720575940616353675,6,set_2
720575940632877869,720575940617755220,10,set_2
720575940632877869,720575940620096171,18,set_2
720575940632877869,720575940620979638,36,set_2
720575940632877869,720575940621538142,9,set_2
720575940632877869,720575940624532408,26,set_2
720575940632877869,720575940628784066,12,set_2
720575940632877869,720575940629888530,8,set_2
720575940632877869,720575940636675214,15,set_2
720575940632877869,720575940637763135,6,set_2
720575940632877869,720575940639274147,41,set_2
720575940632877869,720575940639623795,6,set_2
720575940632877869,720575940649812857,16,set_2
720575940632877869,720575940655014049,9,set_2
720575940632894690,720575940608606475,27,set_2
720575940632894690,720575940622625485,15,set_2
720575940632894690,720575940627638037,18,set_2
720575940632894690,720575940630318695,18,set_2
720575940632894690,720575940635493812,15,set_2
720575940632894690,720575940645129524,18,set_2
720575940633075885,720575940609030776,10,set_2
720575940633075885,720575940615043222,14,set_2
720575940633075885,720575940615382751,44,set_2
720575940633075885,720575940617539355,48,set_2
720575940633075885,720575940617997140,44,set_2
720575940633075885,720575940619310757,28,set_2
720575940633075885,720575940621442124,18,set_2
720575940633075885,720575940625408333,100,set_2
720575940633075885,720575940626941080,10,set_2
720575940633075885,720575940627556868,24,set_2
720575940633075885,720575940627709956,20,set_2
720575940633075885,720575940629013199,12,set_2
720575940633075885,720575940631327739,14,set_2
720575940633156799,720575940612952557,36,set_2
720575940633156799,720575940635696279,48,set_2
720575940633170969,720575940610001220,42,set_2
720575940633170969,720575940610482883,90,set_2
720575940633170969,720575940611772083,42,set_2
720575940633170969,720575940611988197,114,set_2
720575940633170969,720575940612030899,30,set_2
720575940633170969,720575940612319155,60,set_2
720575940633170969,720575940612554393,60,set_2
720575940633170969,720575940613929391,108,set_2
720575940633170969,720575940614763666,180,set_2
720575940633170969,720575940616018956,330,set_2
720575940633170969,720575940617494877,54,set_2
720575940633170969,720575940617593233,120,set_2
720575940633170969,720575940619176094,102,set_2
720575940633170969,720575940620103595,30,set_2
720575940633170969,720575940620353300,66,set_2
720575940633170969,720575940620374693,108,set_2
720575940633170969,720575940621057702,114,set_2
720575940633170969,720575940621119367,30,set_2
720575940633170969,720575940621586854,72,set_2
720575940633170969,720575940622624214,114,set_2
720575940633170969,720575940622695448,102,set_2
720575940633170969,720575940623164941,54,set_2
720575940633170969,720575940623211725,78,set_2
720575940633170969,720575940623476407,282,set_2
720575940633170969,720575940626278974,42,set_2
720575940633170969,720575940626289021,96,set_2
720575940633170969,720575940626835146,144,set_2
720575940633170969,720575940627081534,60,set_2
720575940633170969,720575940627086594,36,set_2
720575940633170969,720575940627182217,90,set_2
720575940633170969,720575940627814728,192,set_2
720575940633170969,720575940628755815,192,set_2
720575940633170969,720575940628780309,60,set_2
720575940633170969,720575940628802069,30,set_2
720575940633170969,720575940628972048,102,set_2
720575940633170969,720575940628995331,72,set_2
720575940633170969,720575940629081849,60,set_2
720575940633170969,720575940629822842,84,set_2
720575940633170969,720575940630579574,48,set_2
720575940633170969,720575940630674038,36,set_2
720575940633170969,720575940630991311,156,set_2
720575940633170969,720575940631168057,48,set_2
720575940633170969,720575940631703608,30,set_2
720575940633170969,720575940631997032,48,set_2
720575940633170969,720575940632047890,294,set_2
720575940633170969,720575940632587932,126,set_2
720575940633170969,720575940632659404,528,set_2
720575940633170969,720575940633185567,114,set_2
720575940633170969,720575940633316563,570,set_2
720575940633170969,720575940633881848,36,set_2
720575940633170969,720575940636828334,282,set_2
720575940633170969,720575940637144944,420,set_2
720575940633170969,720575940637656286,78,set_2
720575940633170969,720575940639787683,30,set_2
720575940633198284,720575940608498780,15,set_2
720575940633198284,720575940609268316,24,set_2
720575940633198284,720575940610611246,18,set_2
720575940633198284,720575940611225237,21,set_2
720575940633198284,720575940611817779,15,set_2
720575940633198284,720575940612470755,27,set_2
720575940633198284,720575940613828202,27,set_2
720575940633198284,720575940614642838,18,set_2
720575940633198284,720575940615292895,165,set_2
720575940633198284,720575940616018956,15,set_2
720575940633198284,720575940616298171,72,set_2
720575940633198284,720575940617568697,30,set_2
720575940633198284,720575940618519454,21,set_2
720575940633198284,720575940620094366,87,set_2
720575940633198284,720575940620135645,39,set_2
720575940633198284,720575940620353300,51,set_2
720575940633198284,720575940621442124,15,set_2
720575940633198284,720575940621566844,36,set_2
720575940633198284,720575940622154266,66,set_2
720575940633198284,720575940623242900,15,set_2
720575940633198284,720575940623381286,198,set_2
720575940633198284,720575940624404872,15,set_2
720575940633198284,720575940624600840,33,set_2
720575940633198284,720575940624789652,69,set_2
720575940633198284,720575940626227774,15,set_2
720575940633198284,720575940626626597,60,set_2
720575940633198284,720575940627403578,15,set_2
720575940633198284,720575940627493638,45,set_2
720575940633198284,720575940627538690,51,set_2
720575940633198284,720575940628125715,18,set_2
720575940633198284,720575940628378440,30,set_2
720575940633198284,720575940628885160,150,set_2
720575940633198284,720575940629543409,84,set_2
720575940633198284,720575940629564688,18,set_2
720575940633198284,720575940629987587,42,set_2
720575940633198284,720575940630724652,141,set_2
720575940633198284,720575940630808827,78,set_2
720575940633198284,720575940631742381,24,set_2
720575940633198284,720575940632029496,63,set_2
720575940633198284,720575940632365905,24,set_2
720575940633198284,720575940632486969,15,set_2
720575940633198284,720575940632640287,21,set_2
720575940633198284,720575940636168628,42,set_2
720575940633198284,720575940636734382,15,set_2
720575940633198284,720575940638642547,15,set_2
720575940633198284,720575940641229520,87,set_2
720575940633198284,720575940641536987,21,set_2
720575940633198284,720575940644659236,15,set_2
720575940633198284,720575940648180868,393,set_2
720575940633518176,720575940610173048,14,set_2
720575940633518176,720575940611858906,112,set_2
720575940633518176,720575940614736290,160,set_2
720575940633518176,720575940619042427,440,set_2
720575940633518176,720575940620829878,24,set_2
720575940633518176,720575940620833901,82,set_2
720575940633518176,720575940623847181,34,set_2
720575940633518176,720575940627404858,404,set_2
720575940633518176,720575940629975799,238,set_2
720575940633518176,720575940630697078,114,set_2
720575940633518176,720575940631110095,104,set_2
720575940633518176,720575940634296986,86,set_2
720575940633518176,720575940635527092,56,set_2
720575940633518176,720575940636263543,30,set_2
720575940633521828,720575940610916194,5,set_2
720575940633521828,720575940611859057,5,set_2
720575940633521828,720575940612761750,5,set_2
720575940633521828,720575940613992657,18,set_2
720575940633521828,720575940615904546,5,set_2
720575940633521828,720575940616480605,6,set_2
720575940633521828,720575940617690658,8,set_2
720575940633521828,720575940618029396,5,set_2
720575940633521828,720575940621040737,5,set_2
720575940633521828,720575940622476073,7,set_2
720575940633521828,720575940624120649,5,set_2
720575940633521828,720575940625007256,8,set_2
720575940633521828,720575940626393999,5,set_2
720575940633521828,720575940626412563,5,set_2
720575940633521828,720575940628835076,6,set_2
720575940633521828,720575940629043070,10,set_2
720575940633521828,720575940632464146,5,set_2
720575940633521828,720575940632516879,5,set_2
720575940633521828,720575940635137198,10,set_2
720575940633521828,720575940636650985,6,set_2
720575940633521828,720575940637002462,5,set_2
720575940633521828,720575940637791295,6,set_2
720575940633521828,720575940639301027,17,set_2
720575940633521828,720575940641546715,7,set_2
720575940633521828,720575940643251748,6,set_2
720575940633571020,720575940612289010,63,set_2
720575940633571020,720575940612478383,15,set_2
720575940633571020,720575940612952557,24,set_2
720575940633571020,720575940627304424,24,set_2
720575940633571020,720575940635696279,24,set_2
720575940633612258,720575940609719250,6,set_2
720575940633612258,720575940614150567,8,set_2
720575940633612258,720575940615898086,5,set_2
720575940633612258,720575940618966464,7,set_2
720575940633612258,720575940626883345,6,set_2
720575940633612258,720575940630510454,21,set_2
720575940633612258,720575940640031360,9,set_2
720575940633711028,720575940612341858,7,set_2
720575940633711028,720575940615911380,5,set_2
720575940633711028,720575940617241629,13,set_2
720575940633711028,720575940618195254,22,set_2
720575940633711028,720575940618694827,10,set_2
720575940633711028,720575940618936710,10,set_2
720575940633711028,720575940622839786,6,set_2
720575940633711028,720575940623036254,5,set_2
720575940633711028,720575940625449554,14,set_2
720575940633711028,720575940625905660,6,set_2
720575940633711028,720575940629422183,10,set_2
720575940633711028,720575940634659508,10,set_2
720575940633711028,720575940636822069,6,set_2
720575940633711028,720575940639672893,15,set_2
720575940633711028,720575940644948771,8,set_2
720575940633715831,720575940603514141,7,set_2
720575940633715831,720575940604130481,9,set_2
720575940633715831,720575940622629011,5,set_2
720575940633715831,720575940626308697,12,set_2
720575940633715831,720575940626449158,11,set_2
720575940633715831,720575940626902856,11,set_2
720575940633715831,720575940628076544,5,set_2
720575940633715831,720575940628741436,6,set_2
720575940633715831,720575940628757886,8,set_2
720575940633715831,720575940629370967,5,set_2
720575940633715831,720575940629548107,13,set_2
720575940633715831,720575940630619719,12,set_2
720575940633715831,720575940630918308,6,set_2
720575940633715831,720575940631110095,8,set_2
720575940633715831,720575940631511948,8,set_2
720575940633715831,720575940633226652,13,set_2
720575940633715831,720575940637417038,6,set_2
720575940633715831,720575940637765710,11,set_2
720575940633715831,720575940638983145,6,set_2
720575940633715831,720575940639956643,5,set_2
720575940633715831,720575940644303639,10,set_2
720575940633715831,720575940645878068,32,set_2
720575940633715831,720575940649828473,11,set_2
720575940633715831,720575940651601910,19,set_2
720575940633824864,720575940609913042,270,set_2
720575940633824864,720575940614830239,230,set_2
720575940633824864,720575940619928929,170,set_2
720575940633824864,720575940627454569,320,set_2
720575940633824864,720575940637130985,50,set_2
720575940633824864,720575940640601563,510,set_2
720575940633824864,720575940658442625,570,set_2
720575940633919992,720575940605707710,30,set_2
720575940633919992,720575940610232274,25,set_2
720575940633919992,720575940621651327,30,set_2
720575940633919992,720575940626835146,40,set_2
720575940633919992,720575940627113544,35,set_2
720575940633919992,720575940627704392,50,set_2
720575940633919992,720575940647606148,210,set_2
720575940633941293,720575940605707710,6,set_2
720575940633941293,720575940607386290,5,set_2
720575940633941293,720575940610001220,24,set_2
720575940633941293,720575940610232274,49,set_2
720575940633941293,720575940611858906,16,set_2
720575940633941293,720575940611988197,36,set_2
720575940633941293,720575940612277090,8,set_2
720575940633941293,720575940612289010,8,set_2
720575940633941293,720575940612554393,14,set_2
720575940633941293,720575940613170385,8,set_2
720575940633941293,720575940615052812,17,set_2
720575940633941293,720575940615083439,9,set_2
720575940633941293,720575940616328705,7,set_2
720575940633941293,720575940617593233,10,set_2
720575940633941293,720575940619176094,21,set_2
720575940633941293,720575940620177543,16,set_2
720575940633941293,720575940620353300,5,set_2
720575940633941293,720575940620751231,5,set_2
720575940633941293,720575940621332092,50,set_2
720575940633941293,720575940621651327,11,set_2
720575940633941293,720575940622624214,6,set_2
720575940633941293,720575940623164941,11,set_2
720575940633941293,720575940623476407,7,set_2
720575940633941293,720575940624310857,9,set_2
720575940633941293,720575940624600840,9,set_2
720575940633941293,720575940624623287,5,set_2
720575940633941293,720575940625047484,6,set_2
720575940633941293,720575940625874992,6,set_2
720575940633941293,720575940625967132,27,set_2
720575940633941293,720575940626572802,9,set_2
720575940633941293,720575940626835146,14,set_2
720575940633941293,720575940627113544,20,set_2
720575940633941293,720575940627814728,28,set_2
720575940633941293,720575940627847752,13,set_2
720575940633941293,720575940628028163,38,set_2
720575940633941293,720575940628095593,6,set_2
720575940633941293,720575940628755815,36,set_2
720575940633941293,720575940628780309,6,set_2
720575940633941293,720575940628802069,35,set_2
720575940633941293,720575940629081849,14,set_2
720575940633941293,720575940630579574,8,set_2
720575940633941293,720575940631056185,5,set_2
720575940633941293,720575940631092943,6,set_2
720575940633941293,720575940631168057,28,set_2
720575940633941293,720575940631299602,5,set_2
720575940633941293,720575940631406411,6,set_2
720575940633941293,720575940631703608,60,set_2
720575940633941293,720575940631997032,48,set_2
720575940633941293,720575940632587932,37,set_2
720575940633941293,720575940632659404,44,set_2
720575940633941293,720575940633316563,18,set_2
720575940633941293,720575940634527840,11,set_2
720575940633941293,720575940635596468,12,set_2
720575940633941293,720575940636345463,9,set_2
720575940633941293,720575940636390542,6,set_2
720575940633941293,720575940636828334,27,set_2
720575940633941293,720575940637144944,189,set_2
720575940633941293,720575940638103349,15,set_2
720575940633941293,720575940639785379,5,set_2
720575940633941293,720575940642399648,25,set_2
720575940633941293,720575940648864633,6,set_2
720575940633941293,720575940655011489,29,set_2
720575940634090777,720575940606254002,117,set_2
720575940634090777,720575940606388146,221,set_2
720575940634090777,720575940610232274,169,set_2
720575940634090777,720575940610683315,195,set_2
720575940634090777,720575940610986006,78,set_2
720575940634090777,720575940611184819,65,set_2
720575940634090777,720575940612261603,65,set_2
720575940634090777,720575940612289010,195,set_2
720575940634090777,720575940615292895,78,set_2
720575940634090777,720575940616162866,65,set_2
720575940634090777,720575940616562150,260,set_2
720575940634090777,720575940616616861,351,set_2
720575940634090777,720575940616971035,78,set_2
720575940634090777,720575940618165787,286,set_2
720575940634090777,720575940618788944,91,set_2
720575940634090777,720575940619453831,78,set_2
720575940634090777,720575940621375231,91,set_2
720575940634090777,720575940622236671,169,set_2
720575940634090777,720575940622358057,364,set_2
720575940634090777,720575940623535044,507,set_2
720575940634090777,720575940625045180,143,set_2
720575940634090777,720575940625615705,104,set_2
720575940634090777,720575940625752778,104,set_2
720575940634090777,720575940626016017,156,set_2
720575940634090777,720575940627359109,65,set_2
720575940634090777,720575940627397263,117,set_2
720575940634090777,720575940628095593,65,set_2
720575940634090777,720575940628673474,104,set_2
720575940634090777,720575940629270339,65,set_2
720575940634090777,720575940630229007,195,set_2
720575940634090777,720575940630504466,91,set_2
720575940634090777,720575940631082124,130,set_2
720575940634090777,720575940631092943,65,set_2
720575940634090777,720575940631106664,234,set_2
720575940634090777,720575940631284511,104,set_2
720575940634090777,720575940632341452,247,set_2
720575940634090777,720575940633165980,65,set_2
720575940634090777,720575940635807130,143,set_2
720575940634090777,720575940637165028,117,set_2
720575940634090777,720575940638218173,195,set_2
720575940634090777,720575940638608803,247,set_2
720575940634090777,720575940639206077,130,set_2
720575940634090777,720575940646156420,169,set_2
720575940634090777,720575940648864633,130,set_2
720575940634102639,720575940628842314,8,set_2
720575940634102639,720575940638540221,10,set_2
720575940634102639,720575940638792611,5,set_2
720575940634105439,720575940611496165,5,set_2
720575940634105439,720575940614165201,11,set_2
720575940634105439,720575940616018956,5,set_2
720575940634105439,720575940618165787,8,set_2
720575940634105439,720575940620497062,9,set_2
720575940634105439,720575940620627035,5,set_2
720575940634105439,720575940622021637,12,set_2
720575940634105439,720575940623535044,32,set_2
720575940634105439,720575940626073637,27,set_2
720575940634105439,720575940626092302,6,set_2
720575940634105439,720575940627371834,5,set_2
720575940634105439,720575940627828552,19,set_2
720575940634105439,720575940628125715,19,set_2
720575940634105439,720575940628669545,7,set_2
720575940634105439,720575940629412682,5,set_2
720575940634105439,720575940629806974,5,set_2
720575940634105439,720575940630159616,8,set_2
720575940634105439,720575940632365905,5,set_2
720575940634105439,720575940632407826,6,set_2
720575940634105439,720575940633316307,44,set_2
720575940634105439,720575940636552805,42,set_2
720575940634105439,720575940639206077,5,set_2
720575940634105439,720575940644659236,25,set_2
720575940634105439,720575940644666148,5,set_2
720575940634105439,720575940647060532,6,set_2
720575940634186906,720575940605726385,10,set_2
720575940634186906,720575940608606475,30,set_2
720575940634186906,720575940610763874,16,set_2
720575940634186906,720575940612079845,12,set_2
720575940634186906,720575940612921581,12,set_2
720575940634186906,720575940616219222,16,set_2
720575940634186906,720575940621750465,14,set_2
720575940634186906,720575940622883171,18,set_2
720575940634186906,720575940622949837,14,set_2
720575940634186906,720575940623581930,10,set_2
720575940634186906,720575940628923907,10,set_2
720575940634186906,720575940635280632,10,set_2
720575940634186906,720575940638540221,10,set_2
720575940634186906,720575940643812000,10,set_2
720575940634186906,720575940645129524,12,set_2
720575940634462304,720575940608606475,21,set_2
720575940634462304,720575940612079845,15,set_2
720575940634462304,720575940612921581,18,set_2
720575940634462304,720575940614938636,18,set_2
720575940634462304,720575940620499115,18,set_2
720575940634462304,720575940621750465,21,set_2
720575940634462304,720575940622284947,21,set_2
720575940634462304,720575940622883171,45,set_2
720575940634462304,720575940623512467,18,set_2
720575940634462304,720575940623581930,27,set_2
720575940634462304,720575940624247787,39,set_2
720575940634462304,720575940627955578,24,set_2
720575940634462304,720575940629917771,21,set_2
720575940634462304,720575940637416026,18,set_2
720575940634462304,720575940638540221,27,set_2
720575940634702967,720575940613106582,56,set_2
720575940634702967,720575940619517131,10,set_2
720575940634702967,720575940620610881,14,set_2
720575940634702967,720575940621181004,10,set_2
720575940634702967,720575940627607192,14,set_2
720575940634702967,720575940627700554,10,set_2
720575940634702967,720575940631366061,62,set_2
720575940634702967,720575940633118637,20,set_2
720575940634788247,720575940620353300,24,set_2
720575940634788247,720575940623158709,24,set_2
720575940634788247,720575940638103349,20,set_2
720575940634844408,720575940639512192,20,set_2
720575940635179871,720575940606567125,42,set_2
720575940635179871,720575940606801282,64,set_2
720575940635179871,720575940607737099,32,set_2
720575940635179871,720575940608305161,66,set_2
720575940635179871,720575940609369180,12,set_2
720575940635179871,720575940609919897,32,set_2
720575940635179871,720575940610296622,22,set_2
720575940635179871,720575940611015122,30,set_2
720575940635179871,720575940611875570,32,set_2
720575940635179871,720575940612422579,42,set_2
720575940635179871,720575940612446866,66,set_2
720575940635179871,720575940612556402,12,set_2
720575940635179871,720575940612670570,70,set_2
720575940635179871,720575940616167218,28,set_2
720575940635179871,720575940616851286,18,set_2
720575940635179871,720575940616885538,66,set_2
720575940635179871,720575940617000768,54,set_2
720575940635179871,720575940617181725,22,set_2
720575940635179871,720575940617398502,60,set_2
720575940635179871,720575940617539355,16,set_2
720575940635179871,720575940617597268,36,set_2
720575940635179871,720575940617801499,10,set_2
720575940635179871,720575940617937543,24,set_2
720575940635179871,720575940618706043,14,set_2
720575940635179871,720575940618706811,28,set_2
720575940635179871,720575940618709371,34,set_2
720575940635179871,720575940620289701,60,set_2
720575940635179871,720575940620296641,52,set_2
720575940635179871,720575940620589838,72,set_2
720575940635179871,720575940620856046,24,set_2
720575940635179871,720575940620874757,16,set_2
720575940635179871,720575940621502051,70,set_2
720575940635179871,720575940621508479,30,set_2
720575940635179871,720575940621704197,26,set_2
720575940635179871,720575940621754367,76,set_2
720575940635179871,720575940622200233,60,set_2
720575940635179871,720575940622335197,46,set_2
720575940635179871,720575940622371037,22,set_2
720575940635179871,720575940622405708,52,set_2
720575940635179871,720575940622413508,46,set_2
720575940635179871,720575940622450924,54,set_2
720575940635179871,720575940622825736,42,set_2
720575940635179871,720575940622861326,44,set_2
720575940635179871,720575940623718380,26,set_2
720575940635179871,720575940624963786,64,set_2
720575940635179871,720575940624967305,50,set_2
720575940635179871,720575940625164558,10,set_2
720575940635179871,720575940625526805,64,set_2
720575940635179871,720575940625632516,44,set_2
720575940635179871,720575940626279742,20,set_2
720575940635179871,720575940627490663,34,set_2
720575940635179871,720575940627588218,18,set_2
720575940635179871,720575940627903804,30,set_2
720575940635179871,720575940628330256,24,set_2
720575940635179871,720575940628853239,34,set_2
720575940635179871,720575940629025324,34,set_2
720575940635179871,720575940629176663,50,set_2
720575940635179871,720575940629358807,16,set_2
720575940635179871,720575940629388135,30,set_2
720575940635179871,720575940629510338,34,set_2
720575940635179871,720575940629884119,30,set_2
720575940635179871,720575940629888530,18,set_2
720575940635179871,720575940630233916,54,set_2
720575940635179871,720575940630797113,24,set_2
720575940635179871,720575940630882039,52,set_2
720575940635179871,720575940630968335,38,set_2
720575940635179871,720575940631147148,52,set_2
720575940635179871,720575940632293346,12,set_2
720575940635179871,720575940632425919,30,set_2
720575940635179871,720575940632880173,12,set_2
720575940635179871,720575940632889389,34,set_2
720575940635179871,720575940633143833,26,set_2
720575940635179871,720575940633189624,28,set_2
720575940635179871,720575940633366498,42,set_2
720575940635179871,720575940637568838,46,set_2
720575940635179871,720575940638183652,16,set_2
720575940635179871,720575940638202345,52,set_2
720575940635179871,720575940639043280,24,set_2
720575940635179871,720575940639198653,44,set_2
720575940635179871,720575940639259967,50,set_2
720575940635179871,720575940639274147,40,set_2
720575940635179871,720575940639332736,60,set_2
720575940635179871,720575940640649691,56,set_2
720575940635179871,720575940641339611,36,set_2
720575940635179871,720575940644308503,14,set_2
720575940635197291,720575940614099142,10,set_2
720575940635197291,720575940620494529,10,set_2
720575940635197291,720575940621313414,60,set_2
720575940635197291,720575940624404872,14,set_2
720575940635197291,720575940627538690,12,set_2
720575940635197291,720575940627667530,12,set_2
720575940635197291,720575940629412170,10,set_2
720575940635197291,720575940632295751,44,set_2
720575940635197291,720575940634139799,70,set_2
720575940635197291,720575940637603038,72,set_2
720575940635197291,720575940640469848,36,set_2
720575940635210859,720575940608368818,8,set_2
720575940635210859,720575940614736290,8,set_2
720575940635210859,720575940621667693,22,set_2
720575940635210859,720575940621827419,6,set_2
720575940635210859,720575940622154266,19,set_2
720575940635210859,720575940622810153,6,set_2
720575940635210859,720575940623535044,14,set_2
720575940635210859,720575940629822842,10,set_2
720575940635210859,720575940630665210,17,set_2
720575940635210859,720575940630697078,5,set_2
720575940635210859,720575940631309866,7,set_2
720575940635210859,720575940631742381,9,set_2
720575940635210859,720575940632029496,10,set_2
720575940635210859,720575940632295751,8,set_2
720575940635210859,720575940632365905,21,set_2
720575940635210859,720575940632524559,10,set_2
720575940635210859,720575940635209323,5,set_2
720575940635210859,720575940640469848,6,set_2
720575940635210859,720575940644745120,6,set_2
720575940635229303,720575940611157746,51,set_2
720575940635229303,720575940611211417,213,set_2
720575940635229303,720575940618788944,63,set_2
720575940635229303,720575940621870349,27,set_2
720575940635229303,720575940622415948,18,set_2
720575940635229303,720575940622835947,21,set_2
720575940635229303,720575940623066893,33,set_2
720575940635229303,720575940623660558,159,set_2
720575940635229303,720575940625031610,21,set_2
720575940635229303,720575940625147645,15,set_2
720575940635229303,720575940626705497,159,set_2
720575940635229303,720575940627206074,21,set_2
720575940635229303,720575940627254856,42,set_2
720575940635229303,720575940628391686,15,set_2
720575940635229303,720575940630893196,195,set_2
720575940635229303,720575940633165980,102,set_2
720575940635229303,720575940633791935,15,set_2
720575940635229303,720575940635391845,18,set_2
720575940635229303,720575940637936710,18,set_2
720575940635229303,720575940638419534,198,set_2
720575940635229303,720575940643823470,42,set_2
720575940635229303,720575940646156420,15,set_2
720575940635239672,720575940613747734,18,set_2
720575940635239672,720575940618216862,8,set_2
720575940635239672,720575940620506996,18,set_2
720575940635239672,720575940630981906,5,set_2
720575940635239672,720575940635527092,7,set_2
720575940635322524,720575940603121888,5,set_2
720575940635322524,720575940608815314,12,set_2
720575940635322524,720575940612284387,7,set_2
720575940635322524,720575940616153371,6,set_2
720575940635322524,720575940617138466,6,set_2
720575940635322524,720575940618791515,12,set_2
720575940635322524,720575940620098974,7,set_2
720575940635322524,720575940620503512,8,set_2
720575940635322524,720575940620957423,6,set_2
720575940635322524,720575940621373278,5,set_2
720575940635322524,720575940621602743,6,set_2
720575940635322524,720575940622839786,16,set_2
720575940635322524,720575940622872870,10,set_2
720575940635322524,720575940622880525,7,set_2
720575940635322524,720575940623011845,24,set_2
720575940635322524,720575940625637946,21,set_2
720575940635322524,720575940626902856,5,set_2
720575940635322524,720575940628842106,23,set_2
720575940635322524,720575940629974531,9,set_2
720575940635322524,720575940630372153,5,set_2
720575940635322524,720575940633226652,18,set_2
720575940635322524,720575940635861146,37,set_2
720575940635322524,720575940647963513,9,set_2
720575940635322524,720575940648654468,5,set_2
720575940635613358,720575940612289010,36,set_2
720575940635613358,720575940612952557,54,set_2
720575940635613358,720575940624266128,30,set_2
720575940635613358,720575940635696279,30,set_2
720575940635642725,720575940604427180,24,set_2
720575940635642725,720575940608976085,28,set_2
720575940635642725,720575940610698052,16,set_2
720575940635642725,720575940612708374,66,set_2
720575940635642725,720575940613668266,38,set_2
720575940635642725,720575940620306785,12,set_2
720575940635642725,720575940620981072,12,set_2
720575940635642725,720575940621085424,20,set_2
720575940635642725,720575940621087777,34,set_2
720575940635642725,720575940621764084,12,set_2
720575940635642725,720575940622495401,114,set_2
720575940635642725,720575940622675421,10,set_2
720575940635642725,720575940626195081,10,set_2
720575940635642725,720575940627110824,62,set_2
720575940635642725,720575940627879367,12,set_2
720575940635642725,720575940628419338,12,set_2
720575940635642725,720575940629327660,10,set_2
720575940635642725,720575940630318695,16,set_2
720575940635642725,720575940631486765,10,set_2
720575940635642725,720575940634707863,18,set_2
720575940635642725,720575940635572576,12,set_2
720575940635642725,720575940639624509,14,set_2
720575940635642725,720575940647473796,14,set_2
720575940635642725,720575940652490742,12,set_2
720575940635816926,720575940627254856,40,set_2
720575940635816926,720575940627443996,28,set_2
720575940635816926,720575940639512192,40,set_2
720575940635954879,720575940613640685,10,set_2
720575940635954879,720575940614572542,48,set_2
720575940635954879,720575940619866059,14,set_2
720575940635954879,720575940623535044,26,set_2
720575940635954879,720575940623777065,14,set_2
720575940635954879,720575940628034876,10,set_2
720575940635954879,720575940632695904,12,set_2
720575940636346487,720575940605890784,32,set_2
720575940636346487,720575940608500316,6,set_2
720575940636346487,720575940609405635,5,set_2
720575940636346487,720575940612208858,27,set_2
720575940636346487,720575940612443890,15,set_2
720575940636346487,720575940612888178,10,set_2
720575940636346487,720575940615197747,21,set_2
720575940636346487,720575940616018956,5,set_2
720575940636346487,720575940617432065,7,set_2
720575940636346487,720575940618165019,63,set_2
720575940636346487,720575940618539810,41,set_2
720575940636346487,720575940619671616,9,set_2
720575940636346487,720575940621833281,32,set_2
720575940636346487,720575940622026245,33,set_2
720575940636346487,720575940623209165,14,set_2
720575940636346487,720575940623352063,20,set_2
720575940636346487,720575940624600840,6,set_2
720575940636346487,720575940625002936,7,set_2
720575940636346487,720575940625045180,12,set_2
720575940636346487,720575940626468178,17,set_2
720575940636346487,720575940627206074,6,set_2
720575940636346487,720575940627410451,26,set_2
720575940636346487,720575940628676457,20,set_2
720575940636346487,720575940628826128,13,set_2
720575940636346487,720575940628971779,9,set_2
720575940636346487,720575940629778554,7,set_2
720575940636346487,720575940630233404,41,set_2
720575940636346487,720575940630683385,8,set_2
720575940636346487,720575940630868793,62,set_2
720575940636346487,720575940631179831,9,set_2
720575940636346487,720575940631989352,7,set_2
720575940636346487,720575940631994728,24,set_2
720575940636346487,720575940632305711,5,set_2
720575940636346487,720575940633185567,6,set_2
720575940636346487,720575940633373651,27,set_2
720575940636346487,720575940634862943,6,set_2
720575940636346487,720575940639769715,6,set_2
720575940636346487,720575940645527918,20,set_2
720575940636541285,720575940607162754,56,set_2
720575940636541285,720575940610000964,10,set_2
720575940636541285,720575940610173048,14,set_2
720575940636541285,720575940614736290,70,set_2
720575940636541285,720575940616018956,62,set_2
720575940636541285,720575940616298171,12,set_2
720575940636541285,720575940617997140,10,set_2
720575940636541285,720575940618165787,18,set_2
720575940636541285,720575940618166811,70,set_2
720575940636541285,720575940619042427,14,set_2
720575940636541285,720575940619058334,26,set_2
720575940636541285,720575940619671616,10,set_2
720575940636541285,720575940620025620,10,set_2
720575940636541285,720575940620353300,214,set_2
720575940636541285,720575940621388453,20,set_2
720575940636541285,720575940622195625,18,set_2
720575940636541285,720575940622493260,126,set_2
720575940636541285,720575940622810153,12,set_2
720575940636541285,720575940623164685,34,set_2
720575940636541285,720575940623381286,12,set_2
720575940636541285,720575940623535044,30,set_2
720575940636541285,720575940624600840,622,set_2
720575940636541285,720575940626780222,14,set_2
720575940636541285,720575940626960536,64,set_2
720575940636541285,720575940627107721,28,set_2
720575940636541285,720575940628125715,16,set_2
720575940636541285,720575940628478449,16,set_2
720575940636541285,720575940628815381,14,set_2
720575940636541285,720575940629861163,98,set_2
720575940636541285,720575940630461660,18,set_2
720575940636541285,720575940630665210,14,set_2
720575940636541285,720575940630691958,82,set_2
720575940636541285,720575940630839371,10,set_2
720575940636541285,720575940631092943,48,set_2
720575940636541285,720575940631328763,24,set_2
720575940636541285,720575940632486969,48,set_2
720575940636541285,720575940633228172,14,set_2
720575940636541285,720575940635362716,18,set_2
720575940636541285,720575940638103349,16,set_2
720575940636541285,720575940639512192,24,set_2
720575940636541285,720575940639831459,22,set_2
720575940636541285,720575940641648091,12,set_2
720575940636541285,720575940642428045,20,set_2
720575940636576948,720575940604352172,8,set_2
720575940636576948,720575940605842656,5,set_2
720575940636576948,720575940606769854,11,set_2
720575940636576948,720575940608977621,5,set_2
720575940636576948,720575940609282825,64,set_2
720575940636576948,720575940610530606,5,set_2
720575940636576948,720575940611090244,5,set_2
720575940636576948,720575940611379569,49,set_2
720575940636576948,720575940612003441,7,set_2
720575940636576948,720575940613258221,6,set_2
720575940636576948,720575940613583001,17,set_2
720575940636576948,720575940613590501,8,set_2
720575940636576948,720575940614137809,26,set_2
720575940636576948,720575940614326162,14,set_2
720575940636576948,720575940614908758,10,set_2
720575940636576948,720575940615160386,5,set_2
720575940636576948,720575940615183071,9,set_2
720575940636576948,720575940615438402,7,set_2
720575940636576948,720575940615529414,5,set_2
720575940636576948,720575940616169578,31,set_2
720575940636576948,720575940617494417,5,set_2
720575940636576948,720575940618385620,12,set_2
720575940636576948,720575940618757666,7,set_2
720575940636576948,720575940618932603,8,set_2
720575940636576948,720575940619863125,7,set_2
720575940636576948,720575940620212133,10,set_2
720575940636576948,720575940620505435,5,set_2
720575940636576948,720575940620565313,5,set_2
720575940636576948,720575940621039952,10,set_2
720575940636576948,720575940621061285,7,set_2
720575940636576948,720575940621142081,6,set_2
720575940636576948,720575940621167681,6,set_2
720575940636576948,720575940621551854,12,set_2
720575940636576948,720575940621762081,5,set_2
720575940636576948,720575940621776161,7,set_2
720575940636576948,720575940621939071,7,set_2
720575940636576948,720575940622695448,5,set_2
720575940636576948,720575940623000858,69,set_2
720575940636576948,720575940623146701,10,set_2
720575940636576948,720575940623547133,8,set_2
720575940636576948,720575940623636701,11,set_2
720575940636576948,720575940623788040,9,set_2
720575940636576948,720575940623875819,14,set_2
720575940636576948,720575940623901695,7,set_2
720575940636576948,720575940623913364,9,set_2
720575940636576948,720575940624014483,8,set_2
720575940636576948,720575940624069012,5,set_2
720575940636576948,720575940624547622,15,set_2
720575940636576948,720575940624879911,8,set_2
720575940636576948,720575940624886812,7,set_2
720575940636576948,720575940625251401,8,set_2
720575940636576948,720575940625431870,5,set_2
720575940636576948,720575940626003130,8,set_2
720575940636576948,720575940626180452,5,set_2
720575940636576948,720575940626793305,9,set_2
720575940636576948,720575940627186600,6,set_2
720575940636576948,720575940627349860,5,set_2
720575940636576948,720575940627368250,5,set_2
720575940636576948,720575940627982332,5,set_2
720575940636576948,720575940628334342,10,set_2
720575940636576948,720575940628467611,8,set_2
720575940636576948,720575940628750248,6,set_2
720575940636576948,720575940628861188,7,set_2
720575940636576948,720575940628914436,6,set_2
720575940636576948,720575940629011655,8,set_2
720575940636576948,720575940629589292,5,set_2
720575940636576948,720575940630407388,22,set_2
720575940636576948,720575940630799042,5,set_2
720575940636576948,720575940631526215,5,set_2
720575940636576948,720575940631538028,9,set_2
720575940636576948,720575940631907159,13,set_2
720575940636576948,720575940631930828,8,set_2
720575940636576948,720575940632403986,15,set_2
720575940636576948,720575940632416298,12,set_2
720575940636576948,720575940632795532,64,set_2
720575940636576948,720575940632835688,16,set_2
720575940636576948,720575940633294796,30,set_2
720575940636576948,720575940633483807,16,set_2
720575940636576948,720575940633988633,8,set_2
720575940636576948,720575940634545890,49,set_2
720575940636576948,720575940635468991,11,set_2
720575940636576948,720575940635565816,6,set_2
720575940636576948,720575940635838606,6,set_2
720575940636576948,720575940636167280,6,set_2
720575940636576948,720575940636489140,5,set_2
720575940636576948,720575940637098352,15,set_2
720575940636576948,720575940638128474,7,set_2
720575940636576948,720575940639219253,5,set_2
720575940636576948,720575940639230692,6,set_2
720575940636576948,720575940640830453,6,set_2
720575940636576948,720575940640942837,11,set_2
720575940636608142,720575940605842400,12,set_2
720575940636608142,720575940607731292,10,set_2
720575940636608142,720575940608252082,12,set_2
720575940636608142,720575940614698658,54,set_2
720575940636608142,720575940617910155,20,set_2
720575940636608142,720575940624157001,40,set_2
720575940636608142,720575940624734512,10,set_2
720575940636608142,720575940629142171,18,set_2
720575940636608142,720575940629167515,10,set_2
720575940636608142,720575940630887737,14,set_2
720575940636895406,720575940613747734,36,set_2
720575940636895406,720575940613944994,18,set_2
720575940636895406,720575940616071563,15,set_2
720575940636895406,720575940618472261,15,set_2
720575940636895406,720575940620506996,63,set_2
720575940636895406,720575940620833901,15,set_2
720575940636895406,720575940627463043,15,set_2
720575940636895406,720575940635527092,36,set_2
720575940637184326,720575940609939780,39,set_2
720575940637184326,720575940612906518,18,set_2
720575940637184326,720575940614763666,132,set_2
720575940637184326,720575940616018956,18,set_2
720575940637184326,720575940623164941,15,set_2
720575940637184326,720575940623210445,90,set_2
720575940637184326,720575940625047484,99,set_2
720575940637184326,720575940626835146,15,set_2
720575940637184326,720575940627814728,15,set_2
720575940637184326,720575940628802069,24,set_2
720575940637184326,720575940629398466,42,set_2
720575940637184326,720575940630579574,18,set_2
720575940637184326,720575940631168057,18,set_2
720575940637184326,720575940631703608,150,set_2
720575940637184326,720575940631997032,39,set_2
720575940637184326,720575940635839077,18,set_2
720575940637184326,720575940640589171,24,set_2
720575940637184326,720575940644669732,15,set_2
720575940637184326,720575940652580086,30,set_2
720575940637216624,720575940607377586,30,set_2
720575940637216624,720575940608451420,80,set_2
720575940637216624,720575940608498780,45,set_2
720575940637216624,720575940609423299,35,set_2
720575940637216624,720575940611167842,30,set_2
720575940637216624,720575940611549902,30,set_2
720575940637216624,720575940612470755,25,set_2
720575940637216624,720575940612950642,25,set_2
720575940637216624,720575940615582111,30,set_2
720575940637216624,720575940615583650,50,set_2
720575940637216624,720575940615671106,50,set_2
720575940637216624,720575940615672130,30,set_2
720575940637216624,720575940616014092,60,set_2
720575940637216624,720575940616194610,30,set_2
720575940637216624,720575940616848214,110,set_2
720575940637216624,720575940618166811,40,set_2
720575940637216624,720575940619114048,25,set_2
720575940637216624,720575940619877396,30,set_2
720575940637216624,720575940620274085,30,set_2
720575940637216624,720575940620353300,25,set_2
720575940637216624,720575940620819659,45,set_2
720575940637216624,720575940620982437,110,set_2
720575940637216624,720575940622026245,40,set_2
720575940637216624,720575940622054753,40,set_2
720575940637216624,720575940622116705,25,set_2
720575940637216624,720575940622863287,25,set_2
720575940637216624,720575940623847181,70,set_2
720575940637216624,720575940624600840,25,set_2
720575940637216624,720575940624987175,40,set_2
720575940637216624,720575940625167886,50,set_2
720575940637216624,720575940626960536,25,set_2
720575940637216624,720575940626972056,30,set_2
720575940637216624,720575940627086594,25,set_2
720575940637216624,720575940627107721,50,set_2
720575940637216624,720575940627418387,25,set_2
720575940637216624,720575940627429907,25,set_2
720575940637216624,720575940627739023,90,set_2
720575940637216624,720575940627847752,55,set_2
720575940637216624,720575940630461660,60,set_2
720575940637216624,720575940630470391,25,set_2
720575940637216624,720575940630670454,40,set_2
720575940637216624,720575940630991311,80,set_2
720575940637216624,720575940631293202,85,set_2
720575940637216624,720575940631299602,25,set_2
720575940637216624,720575940631918649,25,set_2
720575940637216624,720575940631994728,40,set_2
720575940637216624,720575940631997032,45,set_2
720575940637216624,720575940632486969,30,set_2
720575940637216624,720575940632659404,75,set_2
720575940637216624,720575940633315921,25,set_2
720575940637216624,720575940635530871,25,set_2
720575940637216624,720575940638103349,45,set_2
720575940637216624,720575940638125887,45,set_2
720575940637216624,720575940638419534,25,set_2
720575940637216624,720575940639831459,55,set_2
720575940637216624,720575940641648091,30,set_2
720575940637216624,720575940644464544,45,set_2
720575940637216624,720575940644669732,105,set_2
720575940637216624,720575940660220289,35,set_2
720575940637232447,720575940604240416,42,set_2
720575940637232447,720575940607512533,30,set_2
720575940637232447,720575940609646126,42,set_2
720575940637232447,720575940611469518,30,set_2
720575940637232447,720575940612127706,54,set_2
720575940637232447,720575940615345595,30,set_2
720575940637232447,720575940618168635,60,set_2
720575940637232447,720575940618533265,96,set_2
720575940637232447,720575940619992997,30,set_2
720575940637232447,720575940621025872,42,set_2
720575940637232447,720575940622107937,42,set_2
720575940637232447,720575940623865232,30,set_2
720575940637232447,720575940625375240,42,set_2
720575940637232447,720575940626219038,30,set_2
720575940637232447,720575940629244359,42,set_2
720575940637232447,720575940629561338,90,set_2
720575940637232447,720575940629936591,30,set_2
720575940637232447,720575940630608236,48,set_2
720575940637232447,720575940631029048,42,set_2
720575940637232447,720575940632588748,36,set_2
720575940637232447,720575940632793645,36,set_2
720575940637232447,720575940633607649,180,set_2
720575940637232447,720575940634422880,42,set_2
720575940637232447,720575940635116383,72,set_2
720575940637232447,720575940635157902,42,set_2
720575940637232447,720575940643293837,216,set_2
720575940637232447,720575940647907124,72,set_2
720575940637232447,720575940648748409,114,set_2
720575940637296356,720575940604791217,128,set_2
720575940637296356,720575940612261603,48,set_2
720575940637296356,720575940612277090,48,set_2
720575940637296356,720575940612289010,184,set_2
720575940637296356,720575940617497413,168,set_2
720575940637296356,720575940620353300,120,set_2
720575940637296356,720575940620550534,60,set_2
720575940637296356,720575940620748457,156,set_2
720575940637296356,720575940622853258,60,set_2
720575940637296356,720575940624263655,156,set_2
720575940637296356,720575940624384304,152,set_2
720575940637296356,720575940625002936,44,set_2
720575940637296356,720575940625586122,20,set_2
720575940637296356,720575940626960536,152,set_2
720575940637296356,720575940628825210,124,set_2
720575940637296356,720575940630470391,44,set_2
720575940637296356,720575940631056185,24,set_2
720575940637296356,720575940634887054,88,set_2
720575940637296356,720575940636266926,116,set_2
720575940637296356,720575940639769715,56,set_2
720575940637296356,720575940639826339,24,set_2
720575940637296356,720575940640348149,108,set_2
720575940637742150,720575940631742381,30,set_2
720575940637756760,720575940610763874,39,set_2
720575940637756760,720575940629142171,24,set_2
720575940637956698,720575940605842400,16,set_2
720575940637956698,720575940606411698,18,set_2
720575940637956698,720575940606736988,60,set_2
720575940637956698,720575940607425604,28,set_2
720575940637956698,720575940608252082,44,set_2
720575940637956698,720575940611608037,28,set_2
720575940637956698,720575940611755157,176,set_2
720575940637956698,720575940611799445,26,set_2
720575940637956698,720575940612490958,14,set_2
720575940637956698,720575940615581126,14,set_2
720575940637956698,720575940616219222,20,set_2
720575940637956698,720575940616572043,16,set_2
720575940637956698,720575940617821248,10,set_2
720575940637956698,720575940618013524,16,set_2
720575940637956698,720575940618995505,16,set_2
720575940637956698,720575940619662539,12,set_2
720575940637956698,720575940619921488,92,set_2
720575940637956698,720575940619933269,16,set_2
720575940637956698,720575940620157787,10,set_2
720575940637956698,720575940621129607,22,set_2
720575940637956698,720575940621507208,14,set_2
720575940637956698,720575940622151704,20,set_2
720575940637956698,720575940622514922,22,set_2
720575940637956698,720575940622964735,24,set_2
720575940637956698,720575940623105306,10,set_2
720575940637956698,720575940623118261,12,set_2
720575940637956698,720575940623539789,10,set_2
720575940637956698,720575940623581930,88,set_2
720575940637956698,720575940623888681,74,set_2
720575940637956698,720575940624972988,10,set_2
720575940637956698,720575940625110967,60,set_2
720575940637956698,720575940625551716,10,set_2
720575940637956698,720575940625865738,16,set_2
720575940637956698,720575940626128386,10,set_2
720575940637956698,720575940626201372,34,set_2
720575940637956698,720575940626434577,10,set_2
720575940637956698,720575940626754192,32,set_2
720575940637956698,720575940627673073,12,set_2
720575940637956698,720575940627713045,18,set_2
720575940637956698,720575940629131772,48,set_2
720575940637956698,720575940629163419,14,set_2
720575940637956698,720575940630181463,38,set_2
720575940637956698,720575940630899560,16,set_2
720575940637956698,720575940631293740,10,set_2
720575940637956698,720575940632369439,34,set_2
720575940637956698,720575940632701779,54,set_2
720575940637956698,720575940632821864,18,set_2
720575940637956698,720575940633406745,10,set_2
720575940637956698,720575940634305747,18,set_2
720575940637956698,720575940634814315,14,set_2
720575940637956698,720575940635640312,10,set_2
720575940637956698,720575940635744623,20,set_2
720575940637956698,720575940635870831,64,set_2
720575940637956698,720575940635989439,12,set_2
720575940637956698,720575940636004836,16,set_2
720575940637956698,720575940638540221,32,set_2
720575940637956698,720575940639139280,10,set_2
720575940637956698,720575940639755984,34,set_2
720575940637956698,720575940643863496,10,set_2
720575940637956698,720575940656152481,22,set_2
720575940638360960,720575940609922372,17,set_2
720575940638360960,720575940614756589,6,set_2
720575940638360960,720575940615292895,19,set_2
720575940638360960,720575940616298171,5,set_2
720575940638360960,720575940626185353,6,set_2
720575940638360960,720575940628885160,36,set_2
720575940638360960,720575940629717370,6,set_2
720575940638360960,720575940631179831,9,set_2
720575940638360960,720575940651736566,9,set_2
720575940638557312,720575940607071106,21,set_2
720575940638557312,720575940620353300,15,set_2
720575940638557312,720575940623535044,15,set_2
720575940638557312,720575940626375164,27,set_2
720575940638557312,720575940626972056,15,set_2
720575940638557312,720575940628784066,15,set_2
720575940638604915,720575940612470755,18,set_2
720575940638604915,720575940615672130,30,set_2
720575940638604915,720575940616298171,10,set_2
720575940638604915,720575940617678566,76,set_2
720575940638604915,720575940617787963,42,set_2
720575940638604915,720575940618165787,10,set_2
720575940638604915,720575940618166811,46,set_2
720575940638604915,720575940618472261,24,set_2
720575940638604915,720575940620025620,42,set_2
720575940638604915,720575940620353300,18,set_2
720575940638604915,720575940622154266,16,set_2
720575940638604915,720575940622493260,38,set_2
720575940638604915,720575940622810153,118,set_2
720575940638604915,720575940623209165,12,set_2
720575940638604915,720575940624600840,160,set_2
720575940638604915,720575940625376442,10,set_2
720575940638604915,720575940627254856,10,set_2
720575940638604915,720575940627667530,20,set_2
720575940638604915,720575940629576451,12,set_2
720575940638604915,720575940630670454,30,set_2
720575940638604915,720575940630679801,24,set_2
720575940638604915,720575940630773495,22,set_2
720575940638604915,720575940631092943,200,set_2
720575940638604915,720575940631111983,12,set_2
720575940638604915,720575940631742381,26,set_2
720575940638604915,720575940639512192,18,set_2
720575940638604915,720575940641648091,62,set_2
720575940638604915,720575940643823470,10,set_2
720575940638604915,720575940643867296,30,set_2
720575940638638670,720575940607017993,17,set_2
720575940638638670,720575940614010274,7,set_2
720575940638638670,720575940614768168,12,set_2
720575940638638670,720575940616419701,7,set_2
720575940638638670,720575940616950161,5,set_2
720575940638638670,720575940619770608,5,set_2
720575940638638670,720575940621164148,6,set_2
720575940638638670,720575940623282985,13,set_2
720575940638638670,720575940623598058,9,set_2
720575940638638670,720575940624798352,7,set_2
720575940638638670,720575940625712688,5,set_2
720575940638638670,720575940626117662,5,set_2
720575940638638670,720575940626452879,7,set_2
720575940638638670,720575940627424584,5,set_2
720575940638638670,720575940629242428,14,set_2
720575940638638670,720575940631853615,11,set_2
720575940638638670,720575940640205952,5,set_2
720575940638638670,720575940642151565,7,set_2
720575940638638670,720575940646735156,9,set_2
720575940638663221,720575940604821950,35,set_2
720575940638663221,720575940604921446,30,set_2
720575940638663221,720575940605877728,120,set_2
720575940638663221,720575940608177929,30,set_2
720575940638663221,720575940608278876,40,set_2
720575940638663221,720575940608462684,120,set_2
720575940638663221,720575940608971221,90,set_2
720575940638663221,720575940609482190,95,set_2
720575940638663221,720575940610479811,25,set_2
720575940638663221,720575940610694098,25,set_2
720575940638663221,720575940611871352,60,set_2
720575940638663221,720575940611933138,45,set_2
720575940638663221,720575940612159411,25,set_2
720575940638663221,720575940612549802,25,set_2
720575940638663221,720575940612554979,45,set_2
720575940638663221,720575940612619431,65,set_2
720575940638663221,720575940612631445,205,set_2
720575940638663221,720575940613233891,90,set_2
720575940638663221,720575940613478963,25,set_2
720575940638663221,720575940614342762,75,set_2
720575940638663221,720575940614362851,50,set_2
720575940638663221,720575940615047976,170,set_2
720575940638663221,720575940615134091,30,set_2
720575940638663221,720575940615923924,25,set_2
720575940638663221,720575940616004146,65,set_2
720575940638663221,720575940616077874,30,set_2
720575940638663221,720575940616561803,75,set_2
720575940638663221,720575940617290713,50,set_2
720575940638663221,720575940617391197,60,set_2
720575940638663221,720575940618637632,35,set_2
720575940638663221,720575940618755494,80,set_2
720575940638663221,720575940618887838,30,set_2
720575940638663221,720575940619537201,40,set_2
720575940638663221,720575940619638592,25,set_2
720575940638663221,720575940619725551,30,set_2
720575940638663221,720575940619865941,90,set_2
720575940638663221,720575940619896656,70,set_2
720575940638663221,720575940619930021,35,set_2
720575940638663221,720575940620057758,30,set_2
720575940638663221,720575940620067823,40,set_2
720575940638663221,720575940620079518,55,set_2
720575940638663221,720575940620129671,115,set_2
720575940638663221,720575940620258480,50,set_2
720575940638663221,720575940620420544,30,set_2
720575940638663221,720575940620450694,80,set_2
720575940638663221,720575940620985889,30,set_2
720575940638663221,720575940621701104,25,set_2
720575940638663221,720575940621764084,35,set_2
720575940638663221,720575940622109466,55,set_2
720575940638663221,720575940622312521,45,set_2
720575940638663221,720575940622508246,25,set_2
720575940638663221,720575940622607069,65,set_2
720575940638663221,720575940622774980,25,set_2
720575940638663221,720575940623050334,50,set_2
720575940638663221,720575940623282985,35,set_2
720575940638663221,720575940623318566,30,set_2
720575940638663221,720575940623581930,80,set_2
720575940638663221,720575940623588074,100,set_2
720575940638663221,720575940623594378,50,set_2
720575940638663221,720575940623650055,55,set_2
720575940638663221,720575940623784428,125,set_2
720575940638663221,720575940623816967,70,set_2
720575940638663221,720575940623953845,25,set_2
720575940638663221,720575940624911548,65,set_2
720575940638663221,720575940624923655,40,set_2
720575940638663221,720575940625712688,80,set_2
720575940638663221,720575940627702288,30,set_2
720575940638663221,720575940627822340,60,set_2
720575940638663221,720575940628014744,30,set_2
720575940638663221,720575940628895750,45,set_2
720575940638663221,720575940629167515,25,set_2
720575940638663221,720575940629244359,185,set_2
720575940638663221,720575940629327660,25,set_2
720575940638663221,720575940629939499,85,set_2
720575940638663221,720575940630168636,35,set_2
720575940638663221,720575940630616082,55,set_2
720575940638663221,720575940630736123,105,set_2
720575940638663221,720575940631135488,35,set_2
720575940638663221,720575940631224889,50,set_2
720575940638663221,720575940631270954,60,set_2
720575940638663221,720575940631771971,30,set_2
720575940638663221,720575940631960773,25,set_2
720575940638663221,720575940632036492,25,set_2
720575940638663221,720575940632065164,30,set_2
720575940638663221,720575940632308305,40,set_2
720575940638663221,720575940632431268,30,set_2
720575940638663221,720575940632672156,25,set_2
720575940638663221,720575940633194892,130,set_2
720575940638663221,720575940635022527,25,set_2
720575940638663221,720575940635116383,30,set_2
720575940638663221,720575940635678871,60,set_2
720575940638663221,720575940635887246,25,set_2
720575940638663221,720575940635995767,40,set_2
720575940638663221,720575940636359275,25,set_2
720575940638663221,720575940637702234,45,set_2
720575940638663221,720575940637966682,170,set_2
720575940638663221,720575940639417728,115,set_2
720575940638663221,720575940639588184,45,set_2
720575940638663221,720575940640380917,95,set_2
720575940638663221,720575940641553805,35,set_2
720575940638663221,720575940642478024,25,set_2
720575940638663221,720575940643311245,30,set_2
720575940638663221,720575940646436899,25,set_2
720575940638663221,720575940652490742,55,set_2
720575940638663221,720575940654241441,55,set_2
720575940638663221,720575940654970529,30,set_2
720575940638684248,720575940609939780,50,set_2
720575940638684248,720575940612906518,12,set_2
720575940638684248,720575940614763666,74,set_2
720575940638684248,720575940616018956,12,set_2
720575940638684248,720575940620374693,14,set_2
720575940638684248,720575940623210445,62,set_2
720575940638684248,720575940625047484,66,set_2
720575940638684248,720575940627814728,10,set_2
720575940638684248,720575940628802069,14,set_2
720575940638684248,720575940628972048,14,set_2
720575940638684248,720575940629398466,36,set_2
720575940638684248,720575940631168057,14,set_2
720575940638684248,720575940631703608,116,set_2
720575940638684248,720575940631997032,12,set_2
720575940638684248,720575940635839077,14,set_2
720575940638684248,720575940637144944,12,set_2
720575940638684248,720575940640589171,14,set_2
720575940638684248,720575940652580086,24,set_2
720575940639037016,720575940617241629,45,set_2
720575940639037016,720575940618195254,63,set_2
720575940639037016,720575940618791515,39,set_2
720575940639037016,720575940618936710,36,set_2
720575940639037016,720575940621599741,30,set_2
720575940639037016,720575940622515895,15,set_2
720575940639037016,720575940622934711,15,set_2
720575940639037016,720575940623011845,21,set_2
720575940639037016,720575940625449554,51,set_2
720575940639037016,720575940629422183,105,set_2
720575940639037016,720575940631008824,57,set_2
720575940639037016,720575940634659508,21,set_2
720575940639037016,720575940635861146,21,set_2
720575940639037016,720575940636822069,30,set_2
720575940639037016,720575940639672893,45,set_2
720575940639068605,720575940608462684,18,set_2
720575940639068605,720575940609895748,5,set_2
720575940639068605,720575940611128782,13,set_2
720575940639068605,720575940614062503,13,set_2
720575940639068605,720575940614175742,11,set_2
720575940639068605,720575940614380455,31,set_2
720575940639068605,720575940614600879,10,set_2
720575940639068605,720575940614659690,23,set_2
720575940639068605,720575940615593522,5,set_2
720575940639068605,720575940615677330,5,set_2
720575940639068605,720575940616077874,17,set_2
720575940639068605,720575940616315281,6,set_2
720575940639068605,720575940616679654,13,set_2
720575940639068605,720575940617629387,6,set_2
720575940639068605,720575940617676405,7,set_2
720575940639068605,720575940618562489,5,set_2
720575940639068605,720575940618878191,9,set_2
720575940639068605,720575940619434712,39,set_2
720575940639068605,720575940619865429,10,set_2
720575940639068605,720575940619896656,22,set_2
720575940639068605,720575940620079518,5,set_2
720575940639068605,720575940620198571,7,set_2
720575940639068605,720575940620339068,22,set_2
720575940639068605,720575940620488539,10,set_2
720575940639068605,720575940620889936,7,set_2
720575940639068605,720575940621018977,20,set_2
720575940639068605,720575940621252468,13,set_2
720575940639068605,720575940621895382,47,set_2
720575940639068605,720575940622658317,5,set_2
720575940639068605,720575940623222441,6,set_2
720575940639068605,720575940623282985,6,set_2
720575940639068605,720575940623594378,8,set_2
720575940639068605,720575940623598058,36,set_2
720575940639068605,720575940623612395,5,set_2
720575940639068605,720575940623636957,6,set_2
720575940639068605,720575940623691619,8,set_2
720575940639068605,720575940624094793,6,set_2
720575940639068605,720575940624606758,5,set_2
720575940639068605,720575940624789991,10,set_2
720575940639068605,720575940625233296,11,set_2
720575940639068605,720575940625712688,11,set_2
720575940639068605,720575940625990500,6,set_2
720575940639068605,720575940627196691,15,set_2
720575940639068605,720575940627383569,17,set_2
720575940639068605,720575940627822340,5,set_2
720575940639068605,720575940627879623,7,set_2
720575940639068605,720575940628348265,8,set_2
720575940639068605,720575940628895750,5,set_2
720575940639068605,720575940629531351,9,set_2
720575940639068605,720575940629681278,18,set_2
720575940639068605,720575940629806807,7,set_2
720575940639068605,720575940629986816,9,set_2
720575940639068605,720575940630125884,10,set_2
720575940639068605,720575940630579052,7,set_2
720575940639068605,720575940630610042,6,set_2
720575940639068605,720575940630616082,9,set_2
720575940639068605,720575940630683383,8,set_2
720575940639068605,720575940631586924,17,set_2
720575940639068605,720575940631995167,22,set_2
720575940639068605,720575940632048804,9,set_2
720575940639068605,720575940632672156,5,set_2
720575940639068605,720575940635325551,14,set_2
720575940639068605,720575940635978126,6,set_2
720575940639068605,720575940636148325,5,set_2
720575940639068605,720575940639776088,7,set_2
720575940639068605,720575940639917400,6,set_2
720575940639068605,720575940640437133,6,set_2
720575940639068605,720575940640757467,13,set_2
720575940639068605,720575940643316590,10,set_2
720575940639068605,720575940646436899,6,set_2
720575940639068605,720575940647961652,7,set_2
720575940639068605,720575940654752673,7,set_2
720575940639339829,720575940606388146,142,set_2
720575940639339829,720575940607162754,56,set_2
720575940639339829,720575940609922372,16,set_2
720575940639339829,720575940610054980,14,set_2
720575940639339829,720575940610173048,134,set_2
720575940639339829,720575940610611246,12,set_2
720575940639339829,720575940612208858,40,set_2
720575940639339829,720575940612686233,14,set_2
720575940639339829,720575940613640685,54,set_2
720575940639339829,720575940614736290,54,set_2
720575940639339829,720575940616071483,16,set_2
720575940639339829,720575940616162866,24,set_2
720575940639339829,720575940617393625,16,set_2
720575940639339829,720575940617917579,34,set_2
720575940639339829,720575940618165787,58,set_2
720575940639339829,720575940618166811,16,set_2
720575940639339829,720575940619042427,146,set_2
720575940639339829,720575940620833901,10,set_2
720575940639339829,720575940621047632,36,set_2
720575940639339829,720575940621569728,16,set_2
720575940639339829,720575940621667693,26,set_2
720575940639339829,720575940621833281,74,set_2
720575940639339829,720575940621894750,20,set_2
720575940639339829,720575940622054753,12,set_2
720575940639339829,720575940622195625,38,set_2
720575940639339829,720575940623209165,68,set_2
720575940639339829,720575940623535044,16,set_2
720575940639339829,720575940625874992,16,set_2
720575940639339829,720575940626919144,36,set_2
720575940639339829,720575940627356459,36,set_2
720575940639339829,720575940627359109,12,set_2
720575940639339829,720575940627828296,30,set_2
720575940639339829,720575940628070419,110,set_2
720575940639339829,720575940628598121,82,set_2
720575940639339829,720575940628676457,20,set_2
720575940639339829,720575940630665210,18,set_2
720575940639339829,720575940630691958,76,set_2
720575940639339829,720575940630980559,104,set_2
720575940639339829,720575940631179831,10,set_2
720575940639339829,720575940631365340,18,set_2
720575940639339829,720575940632118156,56,set_2
720575940639339829,720575940632134227,12,set_2
720575940639339829,720575940633772257,12,set_2
720575940639339829,720575940634093337,16,set_2
720575940639339829,720575940634645600,74,set_2
720575940639339829,720575940635527092,16,set_2
720575940639339829,720575940635527322,38,set_2
720575940639339829,720575940637360730,52,set_2
720575940639339829,720575940639206077,16,set_2
720575940639339829,720575940639512192,38,set_2
720575940639339829,720575940639831459,14,set_2
720575940639688064,720575940614572542,40,set_2
720575940639688064,720575940623044103,12,set_2
720575940639688064,720575940626015640,10,set_2
720575940639688064,720575940626775824,10,set_2
720575940639688064,720575940627244200,10,set_2
720575940639688064,720575940628422555,36,set_2
720575940639688064,720575940630113531,38,set_2
720575940639688064,720575940634017619,20,set_2
720575940639688064,720575940646225006,10,set_2
720575940639705808,720575940609133269,18,set_2
720575940639705808,720575940609939780,54,set_2
720575940639705808,720575940610584945,14,set_2
720575940639705808,720575940612574435,10,set_2
720575940639705808,720575940614998166,88,set_2
720575940639705808,720575940619145045,18,set_2
720575940639705808,720575940623164941,20,set_2
720575940639705808,720575940623314312,144,set_2
720575940639705808,720575940625047484,30,set_2
720575940639705808,720575940626625813,16,set_2
720575940639705808,720575940626968216,26,set_2
720575940639705808,720575940634210155,16,set_2
720575940639705808,720575940635166571,18,set_2
720575940639705808,720575940636675214,104,set_2
720575940639705808,720575940647023156,20,set_2
720575940639786915,720575940604247985,75,set_2
720575940639786915,720575940607345586,35,set_2
720575940639786915,720575940610054980,85,set_2
720575940639786915,720575940612686233,45,set_2
720575940639786915,720575940613356851,35,set_2
720575940639786915,720575940614099818,30,set_2
720575940639786915,720575940614965691,55,set_2
720575940639786915,720575940616018956,225,set_2
720575940639786915,720575940617629841,70,set_2
720575940639786915,720575940619016059,50,set_2
720575940639786915,720575940619453831,30,set_2
720575940639786915,720575940620335269,95,set_2
720575940639786915,720575940620550534,25,set_2
720575940639786915,720575940620819659,50,set_2
720575940639786915,720575940621126384,125,set_2
720575940639786915,720575940621169690,75,set_2
720575940639786915,720575940623149581,25,set_2
720575940639786915,720575940623988733,50,set_2
720575940639786915,720575940624266128,40,set_2
720575940639786915,720575940624528068,50,set_2
720575940639786915,720575940624994568,75,set_2
720575940639786915,720575940625045180,300,set_2
720575940639786915,720575940625841241,30,set_2
720575940639786915,720575940625874992,25,set_2
720575940639786915,720575940626468178,35,set_2
720575940639786915,720575940626583836,95,set_2
720575940639786915,720575940628149763,40,set_2
720575940639786915,720575940628781333,110,set_2
720575940639786915,720575940628995331,130,set_2
720575940639786915,720575940630579574,95,set_2
720575940639786915,720575940630839371,115,set_2
720575940639786915,720575940631108303,310,set_2
720575940639786915,720575940632118156,50,set_2
720575940639786915,720575940634645600,25,set_2
720575940639786915,720575940634699119,60,set_2
720575940639786915,720575940639206077,25,set_2
720575940639786915,720575940640681680,30,set_2
720575940639786915,720575940643867296,25,set_2
720575940639786915,720575940644672548,55,set_2
720575940639786915,720575940660224641,360,set_2
720575940639813365,720575940604470956,56,set_2
720575940639813365,720575940605589378,48,set_2
720575940639813365,720575940609913042,104,set_2
720575940639813365,720575940610000964,104,set_2
720575940639813365,720575940610708430,48,set_2
720575940639813365,720575940611812050,56,set_2
720575940639813365,720575940611991830,128,set_2
720575940639813365,720575940612087922,64,set_2
720575940639813365,720575940613816626,64,set_2
720575940639813365,720575940614830239,64,set_2
720575940639813365,720575940615052812,56,set_2
720575940639813365,720575940615062568,72,set_2
720575940639813365,720575940615406590,72,set_2
720575940639813365,720575940616872337,48,set_2
720575940639813365,720575940617497413,40,set_2
720575940639813365,720575940618023707,48,set_2
720575940639813365,720575940619398872,128,set_2
720575940639813365,720575940619757366,272,set_2
720575940639813365,720575940619866059,184,set_2
720575940639813365,720575940619928929,64,set_2
720575940639813365,720575940620494529,40,set_2
720575940639813365,720575940620994292,56,set_2
720575940639813365,720575940621913513,136,set_2
720575940639813365,720575940622284947,40,set_2
720575940639813365,720575940622369718,128,set_2
720575940639813365,720575940622371037,40,set_2
720575940639813365,720575940623231527,96,set_2
720575940639813365,720575940624208169,40,set_2
720575940639813365,720575940624384304,56,set_2
720575940639813365,720575940625376442,40,set_2
720575940639813365,720575940625601594,160,set_2
720575940639813365,720575940625990500,40,set_2
720575940639813365,720575940626146052,56,set_2
720575940639813365,720575940626201116,144,set_2
720575940639813365,720575940626308697,248,set_2
720575940639813365,720575940626452879,168,set_2
720575940639813365,720575940626500362,96,set_2
720575940639813365,720575940626742532,40,set_2
720575940639813365,720575940626982165,88,set_2
720575940639813365,720575940627079823,152,set_2
720575940639813365,720575940627454569,376,set_2
720575940639813365,720575940628017563,64,set_2
720575940639813365,720575940628857850,104,set_2
720575940639813365,720575940629764906,72,set_2
720575940639813365,720575940631299602,96,set_2
720575940639813365,720575940632293346,96,set_2
720575940639813365,720575940632723660,192,set_2
720575940639813365,720575940635703191,40,set_2
720575940639813365,720575940635938495,112,set_2
720575940639813365,720575940636574388,40,set_2
720575940639813365,720575940637002724,48,set_2
720575940639813365,720575940637130985,40,set_2
720575940639813365,720575940637151807,136,set_2
720575940639813365,720575940638996413,56,set_2
720575940639813365,720575940639227224,240,set_2
720575940639813365,720575940639692251,40,set_2
720575940639813365,720575940640601563,128,set_2
720575940639813365,720575940642428045,40,set_2
720575940639813365,720575940643191575,96,set_2
720575940639813365,720575940644327022,128,set_2
720575940639813365,720575940644666660,152,set_2
720575940639813365,720575940645920052,96,set_2
720575940639813365,720575940647030324,56,set_2
720575940639813365,720575940655011489,64,set_2
720575940639813365,720575940658442625,352,set_2
720575940639813365,720575940660914561,64,set_2
720575940640032600,720575940611858906,380,set_2
720575940640032600,720575940614736290,454,set_2
720575940640032600,720575940618736797,32,set_2
720575940640032600,720575940619042427,144,set_2
720575940640032600,720575940620829878,32,set_2
720575940640032600,720575940620833901,86,set_2
720575940640032600,720575940627404858,140,set_2
720575940640032600,720575940629975799,106,set_2
720575940640032600,720575940630697078,134,set_2
720575940640032600,720575940631110095,144,set_2
720575940640032600,720575940631295506,30,set_2
720575940640032600,720575940632659404,24,set_2
720575940640032600,720575940634296986,174,set_2
720575940640032600,720575940635527092,62,set_2
720575940640032600,720575940636263543,24,set_2
720575940640163517,720575940623242900,27,set_2
720575940640163517,720575940626941080,21,set_2
720575940640163517,720575940626960536,5,set_2
720575940640163517,720575940628686695,10,set_2
720575940640163517,720575940631275601,11,set_2
720575940641284853,720575940607273906,130,set_2
720575940641284853,720575940608471900,115,set_2
720575940641284853,720575940608557323,60,set_2
720575940641284853,720575940608868654,25,set_2
720575940641284853,720575940611775717,230,set_2
720575940641284853,720575940615043222,75,set_2
720575940641284853,720575940615049578,80,set_2
720575940641284853,720575940615776373,35,set_2
720575940641284853,720575940616829401,80,set_2
720575940641284853,720575940617398745,40,set_2
720575940641284853,720575940617539355,330,set_2
720575940641284853,720575940619310757,35,set_2
720575940641284853,720575940619962608,50,set_2
720575940641284853,720575940621340710,145,set_2
720575940641284853,720575940622166664,30,set_2
720575940641284853,720575940622184105,50,set_2
720575940641284853,720575940623242900,25,set_2
720575940641284853,720575940623380556,165,set_2
720575940641284853,720575940625408333,95,set_2
720575940641284853,720575940626433881,105,set_2
720575940641284853,720575940628174848,35,set_2
720575940641284853,720575940629013199,420,set_2
720575940641284853,720575940629543409,25,set_2
720575940641284853,720575940631275601,95,set_2
720575940641284853,720575940631314908,30,set_2
720575940641284853,720575940635735671,30,set_2
720575940641284853,720575940637050735,30,set_2
720575940641366517,720575940606002609,81,set_2
720575940641366517,720575940606801282,30,set_2
720575940641366517,720575940607347634,18,set_2
720575940641366517,720575940611015122,69,set_2
720575940641366517,720575940612319155,27,set_2
720575940641366517,720575940613786774,60,set_2
720575940641366517,720575940613996959,111,set_2
720575940641366517,720575940614302370,36,set_2
720575940641366517,720575940616177458,132,set_2
720575940641366517,720575940616562150,78,set_2
720575940641366517,720575940616616861,42,set_2
720575940641366517,720575940616742657,90,set_2
720575940641366517,720575940616811265,39,set_2
720575940641366517,720575940616851286,15,set_2
720575940641366517,720575940617398502,24,set_2
720575940641366517,720575940617539355,18,set_2
720575940641366517,720575940617857694,63,set_2
720575940641366517,720575940617937543,18,set_2
720575940641366517,720575940618601782,33,set_2
720575940641366517,720575940618706811,15,set_2
720575940641366517,720575940618877531,18,set_2
720575940641366517,720575940619072513,18,set_2
720575940641366517,720575940620441024,27,set_2
720575940641366517,720575940620589838,21,set_2
720575940641366517,720575940620874757,30,set_2
720575940641366517,720575940620982437,36,set_2
720575940641366517,720575940621509759,18,set_2
720575940641366517,720575940621754367,15,set_2
720575940641366517,720575940622136022,33,set_2
720575940641366517,720575940622731229,27,set_2
720575940641366517,720575940622902535,57,set_2
720575940641366517,720575940623718380,27,set_2
720575940641366517,720575940624373483,75,set_2
720575940641366517,720575940624963786,18,set_2
720575940641366517,720575940625203504,87,set_2
720575940641366517,720575940625861168,138,set_2
720575940641366517,720575940626674182,105,set_2
720575940641366517,720575940627907883,57,set_2
720575940641366517,720575940628116476,51,set_2
720575940641366517,720575940628436282,15,set_2
720575940641366517,720575940628673474,54,set_2
720575940641366517,720575940628853239,27,set_2
720575940641366517,720575940629388135,21,set_2
720575940641366517,720575940629821500,36,set_2
720575940641366517,720575940629884119,15,set_2
720575940641366517,720575940629888530,66,set_2
720575940641366517,720575940630553415,21,set_2
720575940641366517,720575940630882039,15,set_2
720575940641366517,720575940630968335,33,set_2
720575940641366517,720575940630991311,72,set_2
720575940641366517,720575940631284511,45,set_2
720575940641366517,720575940631393484,21,set_2
720575940641366517,720575940631656504,21,set_2
720575940641366517,720575940631898285,60,set_2
720575940641366517,720575940632510479,36,set_2
720575940641366517,720575940633143833,15,set_2
720575940641366517,720575940634023961,15,set_2
720575940641366517,720575940635392910,66,set_2
720575940641366517,720575940635807130,66,set_2
720575940641366517,720575940636487598,93,set_2
720575940641366517,720575940637165028,39,set_2
720575940641366517,720575940637686750,45,set_2
720575940641366517,720575940638011994,36,set_2
720575940641366517,720575940638608803,84,set_2
720575940641366517,720575940639198653,21,set_2
720575940641366517,720575940639259967,18,set_2
720575940641366517,720575940644965399,81,set_2
720575940641366517,720575940645199924,18,set_2
720575940641366517,720575940655014049,39,set_2
720575940641366517,720575940660292225,36,set_2
720575940641366517,720575940660914561,18,set_2
720575940641417869,720575940612289010,8,set_2
720575940641417869,720575940612952557,31,set_2
720575940641417869,720575940613533607,6,set_2
720575940641417869,720575940616200790,6,set_2
720575940641417869,720575940626583836,7,set_2
720575940641417869,720575940635696279,23,set_2
720575940641417869,720575940644672548,5,set_2
720575940641590491,720575940615292895,7,set_2
720575940641590491,720575940622649855,5,set_2
720575940641590491,720575940623512467,6,set_2
720575940641590491,720575940627638037,17,set_2
720575940641590491,720575940629987587,7,set_2
720575940641590491,720575940635491508,5,set_2
720575940641590491,720575940643792544,5,set_2
720575940641632653,720575940608252082,16,set_2
720575940641632653,720575940613003669,10,set_2
720575940641632653,720575940617607451,12,set_2
720575940641632653,720575940617878273,24,set_2
720575940641632653,720575940620565339,10,set_2
720575940641632653,720575940620607025,12,set_2
720575940641632653,720575940622358604,16,set_2
720575940641632653,720575940622607069,36,set_2
720575940641632653,720575940623284009,14,set_2
720575940641632653,720575940624155672,30,set_2
720575940641632653,720575940627739225,10,set_2
720575940641632653,720575940629167515,10,set_2
720575940641632653,720575940630736123,16,set_2
720575940641632653,720575940632723660,10,set_2
720575940641632653,720575940635280632,20,set_2
720575940641632653,720575940650386553,10,set_2
720575940641776032,720575940622457579,36,set_2
720575940641776032,720575940630504466,10,set_2
720575940641776032,720575940631111983,12,set_2
720575940641776032,720575940631742381,12,set_2
720575940641776032,720575940646156420,10,set_2
720575940642335373,720575940607071106,7,set_2
720575940642335373,720575940611858906,12,set_2
720575940642335373,720575940615950109,11,set_2
720575940642335373,720575940616317211,8,set_2
720575940642335373,720575940617648197,16,set_2
720575940642335373,720575940620441024,19,set_2
720575940642335373,720575940622541005,74,set_2
720575940642335373,720575940622946855,8,set_2
720575940642335373,720575940623158154,30,set_2
720575940642335373,720575940624600840,50,set_2
720575940642335373,720575940625594604,21,set_2
720575940642335373,720575940626127432,7,set_2
720575940642335373,720575940626279742,5,set_2
720575940642335373,720575940627513210,27,set_2
720575940642335373,720575940627629598,11,set_2
720575940642335373,720575940628478449,59,set_2
720575940642335373,720575940628500540,5,set_2
720575940642335373,720575940628784066,12,set_2
720575940642335373,720575940631168057,5,set_2
720575940642335373,720575940631454433,31,set_2
720575940642335373,720575940638237662,15,set_2
720575940642335373,720575940639274147,39,set_2
720575940642335373,720575940641536987,7,set_2
720575940642335373,720575940655014049,11,set_2
720575940642526756,720575940610381778,5,set_2
720575940642526756,720575940614150567,5,set_2
720575940642526756,720575940621052031,7,set_2
720575940642526756,720575940621144385,6,set_2
720575940642526756,720575940626883345,5,set_2
720575940642526756,720575940629060986,6,set_2
720575940642526756,720575940632588748,5,set_2
720575940642526756,720575940646461987,5,set_2
720575940642910152,720575940610895474,5,set_2
720575940642910152,720575940611812050,31,set_2
720575940642910152,720575940612308776,27,set_2
720575940642910152,720575940612708323,27,set_2
720575940642910152,720575940613524647,32,set_2
720575940642910152,720575940617241629,8,set_2
720575940642910152,720575940618165787,5,set_2
720575940642910152,720575940620034401,31,set_2
720575940642910152,720575940620595393,6,set_2
720575940642910152,720575940620829878,10,set_2
720575940642910152,720575940621671687,39,set_2
720575940642910152,720575940622509565,37,set_2
720575940642910152,720575940622784039,45,set_2
720575940642910152,720575940623158709,8,set_2
720575940642910152,720575940623847181,14,set_2
720575940642910152,720575940624176312,28,set_2
720575940642910152,720575940625115063,10,set_2
720575940642910152,720575940625449554,12,set_2
720575940642910152,720575940625515322,33,set_2
720575940642910152,720575940625728089,9,set_2
720575940642910152,720575940626108553,28,set_2
720575940642910152,720575940626583836,8,set_2
720575940642910152,720575940627293201,7,set_2
720575940642910152,720575940627443996,5,set_2
720575940642910152,720575940627478171,44,set_2
720575940642910152,720575940628422555,5,set_2
720575940642910152,720575940628676457,15,set_2
720575940642910152,720575940629410048,27,set_2
720575940642910152,720575940629551375,20,set_2
720575940642910152,720575940629717370,5,set_2
720575940642910152,720575940630005622,6,set_2
720575940642910152,720575940631870291,23,set_2
720575940642910152,720575940631968599,86,set_2
720575940642910152,720575940635625367,10,set_2
720575940642910152,720575940636928398,7,set_2
720575940642910152,720575940637072350,63,set_2
720575940642910152,720575940637192169,29,set_2
720575940642910152,720575940637851069,5,set_2
720575940642910152,720575940637889443,5,set_2
720575940642910152,720575940642666440,5,set_2
720575940642910152,720575940643847022,5,set_2
720575940642910152,720575940644672548,9,set_2
720575940642910152,720575940646156420,5,set_2
720575940643703831,720575940622457579,35,set_2
720575940643703831,720575940631742381,75,set_2
720575940644750116,720575940604791217,259,set_2
720575940644750116,720575940612261603,119,set_2
720575940644750116,720575940612277090,84,set_2
720575940644750116,720575940612289010,364,set_2
720575940644750116,720575940612952557,49,set_2
720575940644750116,720575940617497413,154,set_2
720575940644750116,720575940620353300,364,set_2
720575940644750116,720575940620550534,98,set_2
720575940644750116,720575940620748457,238,set_2
720575940644750116,720575940622853258,203,set_2
720575940644750116,720575940624263655,308,set_2
720575940644750116,720575940624384304,245,set_2
720575940644750116,720575940625002936,70,set_2
720575940644750116,720575940626960536,210,set_2
720575940644750116,720575940628825210,147,set_2
720575940644750116,720575940630470391,49,set_2
720575940644750116,720575940634887054,196,set_2
720575940644750116,720575940635696279,35,set_2
720575940644750116,720575940636266926,126,set_2
720575940644750116,720575940639769715,112,set_2
720575940644750116,720575940640348149,196,set_2
720575940645039383,720575940610173048,111,set_2
720575940645039383,720575940616014092,5,set_2
720575940645039383,720575940616071483,10,set_2
720575940645039383,720575940618165787,16,set_2
720575940645039383,720575940619042427,5,set_2
720575940645039383,720575940621667693,37,set_2
720575940645039383,720575940622054753,64,set_2
720575940645039383,720575940622312063,5,set_2
720575940645039383,720575940623040094,5,set_2
720575940645039383,720575940623476407,9,set_2
720575940645039383,720575940623535044,9,set_2
720575940645039383,720575940624310857,9,set_2
720575940645039383,720575940626468178,18,set_2
720575940645039383,720575940626919144,14,set_2
720575940645039383,720575940627206074,6,set_2
720575940645039383,720575940627828040,5,set_2
720575940645039383,720575940628070419,163,set_2
720575940645039383,720575940628885160,5,set_2
720575940645039383,720575940630665210,20,set_2
720575940645039383,720575940630980559,74,set_2
720575940645039383,720575940631092943,11,set_2
720575940645039383,720575940634093337,24,set_2
720575940645039383,720575940637686750,26,set_2
720575940645039383,720575940639206077,7,set_2
720575940645039383,720575940639831459,26,set_2
720575940645039383,720575940647037492,21,set_2
720575940645056791,720575940606746034,9,set_2
720575940645056791,720575940608157397,16,set_2
720575940645056791,720575940610173048,6,set_2
720575940645056791,720575940610708430,79,set_2
720575940645056791,720575940611496165,19,set_2
720575940645056791,720575940613520351,10,set_2
720575940645056791,720575940613903778,5,set_2
720575940645056791,720575940615029288,6,set_2
720575940645056791,720575940615244595,6,set_2
720575940645056791,720575940616801622,6,set_2
720575940645056791,720575940617432065,16,set_2
720575940645056791,720575940619042427,5,set_2
720575940645056791,720575940619757366,12,set_2
720575940645056791,720575940620025620,5,set_2
720575940645056791,720575940620026864,24,set_2
720575940645056791,720575940620672432,7,set_2
720575940645056791,720575940620833901,6,set_2
720575940645056791,720575940620878785,9,set_2
720575940645056791,720575940621126384,11,set_2
720575940645056791,720575940621282486,9,set_2
720575940645056791,720575940621373534,5,set_2
720575940645056791,720575940622018565,35,set_2
720575940645056791,720575940622515895,10,set_2
720575940645056791,720575940622810153,7,set_2
720575940645056791,720575940623158709,66,set_2
720575940645056791,720575940623777065,7,set_2
720575940645056791,720575940623925173,8,set_2
720575940645056791,720575940624176312,68,set_2
720575940645056791,720575940624994568,5,set_2
720575940645056791,720575940625567004,14,set_2
720575940645056791,720575940626396803,5,set_2
720575940645056791,720575940626865649,9,set_2
720575940645056791,720575940627244200,25,set_2
720575940645056791,720575940627284935,32,set_2
720575940645056791,720575940627404858,59,set_2
720575940645056791,720575940628743752,6,set_2
720575940645056791,720575940628781333,12,set_2
720575940645056791,720575940629974531,20,set_2
720575940645056791,720575940630670890,17,set_2
720575940645056791,720575940630980559,6,set_2
720575940645056791,720575940631110095,8,set_2
720575940645056791,720575940633590167,6,set_2
720575940645056791,720575940636263543,6,set_2
720575940645056791,720575940639512192,11,set_2
720575940645056791,720575940643325581,17,set_2
720575940645056791,720575940644666660,12,set_2
720575940645056791,720575940647471395,9,set_2
720575940645056791,720575940647963513,24,set_2
720575940645056791,720575940648654468,23,set_2
720575940645503854,720575940604470956,12,set_2
720575940645503854,720575940609417995,8,set_2
720575940645503854,720575940609939780,18,set_2
720575940645503854,720575940610588057,8,set_2
720575940645503854,720575940611160930,9,set_2
720575940645503854,720575940615049578,5,set_2
720575940645503854,720575940617494877,8,set_2
720575940645503854,720575940617539355,14,set_2
720575940645503854,720575940617648197,6,set_2
720575940645503854,720575940618870187,6,set_2
720575940645503854,720575940619310757,8,set_2
720575940645503854,720575940619962608,8,set_2
720575940645503854,720575940621150191,6,set_2
720575940645503854,720575940621305716,5,set_2
720575940645503854,720575940622184105,41,set_2
720575940645503854,720575940623209165,10,set_2
720575940645503854,720575940625408333,8,set_2
720575940645503854,720575940625823280,7,set_2
720575940645503854,720575940626545922,11,set_2
720575940645503854,720575940626730115,8,set_2
720575940645503854,720575940627403578,5,set_2
720575940645503854,720575940628029180,11,set_2
720575940645503854,720575940628755815,5,set_2
720575940645503854,720575940628869648,15,set_2
720575940645503854,720575940628995331,16,set_2
720575940645503854,720575940629013199,13,set_2
720575940645503854,720575940631168057,12,set_2
720575940645503854,720575940631314908,77,set_2
720575940645503854,720575940635166571,23,set_2
720575940645503854,720575940636685454,9,set_2
720575940645503854,720575940637050735,6,set_2
720575940645503854,720575940637656286,14,set_2
720575940645503854,720575940641536987,7,set_2
720575940645503854,720575940655011489,6,set_2
720575940646088068,720575940604470956,40,set_2
720575940646088068,720575940606678795,40,set_2
720575940646088068,720575940606902108,48,set_2
720575940646088068,720575940609913042,72,set_2
720575940646088068,720575940610000964,88,set_2
720575940646088068,720575940610959834,48,set_2
720575940646088068,720575940610981362,80,set_2
720575940646088068,720575940611812050,64,set_2
720575940646088068,720575940611991830,120,set_2
720575940646088068,720575940612087922,104,set_2
720575940646088068,720575940612302506,40,set_2
720575940646088068,720575940613816626,48,set_2
720575940646088068,720575940614830239,64,set_2
720575940646088068,720575940615062568,96,set_2
720575940646088068,720575940615088434,56,set_2
720575940646088068,720575940615899622,56,set_2
720575940646088068,720575940616872337,56,set_2
720575940646088068,720575940618958109,56,set_2
720575940646088068,720575940619398872,72,set_2
720575940646088068,720575940619471525,56,set_2
720575940646088068,720575940619757366,176,set_2
720575940646088068,720575940619866059,176,set_2
720575940646088068,720575940619928929,96,set_2
720575940646088068,720575940620494529,56,set_2
720575940646088068,720575940620994292,96,set_2
720575940646088068,720575940621605964,72,set_2
720575940646088068,720575940621701846,56,set_2
720575940646088068,720575940621913513,56,set_2
720575940646088068,720575940622266748,48,set_2
720575940646088068,720575940622369718,88,set_2
720575940646088068,720575940622810153,48,set_2
720575940646088068,720575940623231527,96,set_2
720575940646088068,720575940623605180,40,set_2
720575940646088068,720575940623989245,96,set_2
720575940646088068,720575940625376442,72,set_2
720575940646088068,720575940625601594,120,set_2
720575940646088068,720575940626201116,208,set_2
720575940646088068,720575940626308697,304,set_2
720575940646088068,720575940626452879,72,set_2
720575940646088068,720575940626500362,64,set_2
720575940646088068,720575940626742532,96,set_2
720575940646088068,720575940626982165,72,set_2
720575940646088068,720575940627079823,88,set_2
720575940646088068,720575940627454569,416,set_2
720575940646088068,720575940627559623,72,set_2
720575940646088068,720575940628017563,104,set_2
720575940646088068,720575940628483322,64,set_2
720575940646088068,720575940628784066,40,set_2
720575940646088068,720575940628857850,96,set_2
720575940646088068,720575940629358807,40,set_2
720575940646088068,720575940630393427,64,set_2
720575940646088068,720575940631299602,72,set_2
720575940646088068,720575940631458733,64,set_2
720575940646088068,720575940631997032,72,set_2
720575940646088068,720575940632134483,48,set_2
720575940646088068,720575940632293346,64,set_2
720575940646088068,720575940632659404,56,set_2
720575940646088068,720575940632723660,208,set_2
720575940646088068,720575940632998028,40,set_2
720575940646088068,720575940634887054,48,set_2
720575940646088068,720575940635297911,48,set_2
720575940646088068,720575940635938495,56,set_2
720575940646088068,720575940636574388,56,set_2
720575940646088068,720575940637130985,144,set_2
720575940646088068,720575940637151807,88,set_2
720575940646088068,720575940638996413,88,set_2
720575940646088068,720575940639227224,192,set_2
720575940646088068,720575940640601563,72,set_2
720575940646088068,720575940640645949,72,set_2
720575940646088068,720575940642428045,56,set_2
720575940646088068,720575940644327022,64,set_2
720575940646088068,720575940644666660,208,set_2
720575940646088068,720575940644751651,56,set_2
720575940646088068,720575940645920052,112,set_2
720575940646088068,720575940646156420,48,set_2
720575940646088068,720575940655011489,56,set_2
720575940646088068,720575940658442625,152,set_2
720575940646250804,720575940610956334,10,set_2
720575940646250804,720575940625110967,10,set_2
720575940646250804,720575940634707863,10,set_2
720575940646250804,720575940635119723,12,set_2
720575940646663044,720575940615906316,5,set_2
720575940646663044,720575940617665876,15,set_2
720575940646663044,720575940621836065,8,set_2
720575940646663044,720575940622514922,6,set_2
720575940646663044,720575940622649855,5,set_2
720575940646663044,720575940622883171,14,set_2
720575940646663044,720575940623512467,8,set_2
720575940646663044,720575940625519891,15,set_2
720575940646663044,720575940627955578,6,set_2
720575940646663044,720575940629917771,12,set_2
720575940646663044,720575940633206753,6,set_2
720575940646663044,720575940638540221,12,set_2
720575940647033396,720575940606567125,520,set_2
720575940647033396,720575940612446866,416,set_2
720575940647033396,720575940612556402,468,set_2
720575940647033396,720575940614604962,65,set_2
720575940647033396,720575940614830239,143,set_2
720575940647033396,720575940616167218,78,set_2
720575940647033396,720575940617597268,299,set_2
720575940647033396,720575940618788944,117,set_2
720575940647033396,720575940619928929,117,set_2
720575940647033396,720575940620181825,65,set_2
720575940647033396,720575940620856046,442,set_2
720575940647033396,720575940621910399,104,set_2
720575940647033396,720575940622371037,676,set_2
720575940647033396,720575940622450924,338,set_2
720575940647033396,720575940622861326,403,set_2
720575940647033396,720575940624967305,390,set_2
720575940647033396,720575940625526805,416,set_2
720575940647033396,720575940625632516,364,set_2
720575940647033396,720575940626572802,117,set_2
720575940647033396,720575940627903804,260,set_2
720575940647033396,720575940629837563,234,set_2
720575940647033396,720575940630233916,65,set_2
720575940647033396,720575940632293346,351,set_2
720575940647033396,720575940633165980,208,set_2
720575940647033396,720575940633366498,260,set_2
720575940647033396,720575940635391845,65,set_2
720575940647033396,720575940638865011,65,set_2
720575940647033396,720575940644308503,182,set_2
720575940647033396,720575940660281217,156,set_2
720575940647033396,720575940660313729,65,set_2
720575940648055673,720575940609913042,70,set_2
720575940648055673,720575940614830239,220,set_2
720575940648055673,720575940617121819,60,set_2
720575940648055673,720575940618788944,60,set_2
720575940648055673,720575940619928929,140,set_2
720575940648055673,720575940622199593,350,set_2
720575940648055673,720575940622853011,120,set_2
720575940648055673,720575940624948867,330,set_2
720575940648055673,720575940625031610,100,set_2
720575940648055673,720575940626983952,110,set_2
720575940648055673,720575940627454569,150,set_2
720575940648055673,720575940628131778,60,set_2
720575940648055673,720575940630597839,80,set_2
720575940648055673,720575940633165980,60,set_2
720575940648055673,720575940640601563,150,set_2
720575940648055673,720575940658442625,260,set_2
720575940648601988,720575940617241629,65,set_2
720575940648601988,720575940618195254,85,set_2
720575940648601988,720575940618206006,45,set_2
720575940648601988,720575940622872870,35,set_2
720575940648601988,720575940623011845,50,set_2
720575940648601988,720575940623014695,60,set_2
720575940648601988,720575940623044103,55,set_2
720575940648601988,720575940625449554,50,set_2
720575940648601988,720575940626015640,60,set_2
720575940648601988,720575940627594540,25,set_2
720575940648601988,720575940631008824,100,set_2
720575940648601988,720575940633304601,40,set_2
720575940648601988,720575940635861146,75,set_2
720575940648601988,720575940636822069,60,set_2
720575940648601988,720575940638041459,30,set_2
720575940648601988,720575940639672893,75,set_2
720575940648708228,720575940611211417,56,set_2
720575940648708228,720575940614830239,24,set_2
720575940648708228,720575940617121819,76,set_2
720575940648708228,720575940618788944,124,set_2
720575940648708228,720575940619928929,28,set_2
720575940648708228,720575940623660558,64,set_2
720575940648708228,720575940623834300,44,set_2
720575940648708228,720575940625031610,112,set_2
720575940648708228,720575940626705497,92,set_2
720575940648708228,720575940626983952,164,set_2
720575940648708228,720575940627206074,20,set_2
720575940648708228,720575940627254856,28,set_2
720575940648708228,720575940628131778,64,set_2
720575940648708228,720575940628391686,36,set_2
720575940648708228,720575940630893196,88,set_2
720575940648708228,720575940632423394,20,set_2
720575940648708228,720575940633165980,188,set_2
720575940648708228,720575940638419534,40,set_2
720575940648708228,720575940639206077,20,set_2
720575940648708228,720575940643823470,28,set_2
720575940648708228,720575940658442625,64,set_2
720575940649081465,720575940609407939,35,set_2
720575940649081465,720575940609521250,55,set_2
720575940649081465,720575940611160930,345,set_2
720575940649081465,720575940611164770,30,set_2
720575940649081465,720575940611812050,50,set_2
720575940649081465,720575940611988197,25,set_2
720575940649081465,720575940613687789,530,set_2
720575940649081465,720575940615406590,100,set_2
720575940649081465,720575940616200790,55,set_2
720575940649081465,720575940617630182,35,set_2
720575940649081465,720575940617648453,300,set_2
720575940649081465,720575940619176094,30,set_2
720575940649081465,720575940621150191,160,set_2
720575940649081465,720575940623164941,210,set_2
720575940649081465,720575940623290126,45,set_2
720575940649081465,720575940624310857,305,set_2
720575940649081465,720575940625334349,30,set_2
720575940649081465,720575940626557442,40,set_2
720575940649081465,720575940628598121,45,set_2
720575940649081465,720575940628787016,90,set_2
720575940649081465,720575940632118156,30,set_2
720575940649081465,720575940633813940,25,set_2
720575940649081465,720575940634301852,60,set_2
720575940649081465,720575940635166571,25,set_2
720575940649081465,720575940635202204,25,set_2
720575940649081465,720575940645495587,140,set_2
720575940649081465,720575940647030324,25,set_2
720575940649081465,720575940648864633,320,set_2
720575940654057889,720575940604247985,63,set_2
720575940654057889,720575940605976521,105,set_2
720575940654057889,720575940610079957,119,set_2
720575940654057889,720575940611496165,98,set_2
720575940654057889,720575940613356851,42,set_2
720575940654057889,720575940614099818,49,set_2
720575940654057889,720575940616896257,35,set_2
720575940654057889,720575940618165787,119,set_2
720575940654057889,720575940620096171,154,set_2
720575940654057889,720575940621126384,119,set_2
720575940654057889,720575940621169690,63,set_2
720575940654057889,720575940622466027,147,set_2
720575940654057889,720575940623044103,140,set_2
720575940654057889,720575940623535044,196,set_2
720575940654057889,720575940624532408,252,set_2
720575940654057889,720575940624910373,42,set_2
720575940654057889,720575940626015640,119,set_2
720575940654057889,720575940626308697,231,set_2
720575940654057889,720575940627276474,35,set_2
720575940654057889,720575940627284935,42,set_2
720575940654057889,720575940628096586,42,set_2
720575940654057889,720575940628212695,91,set_2
720575940654057889,720575940628343050,49,set_2
720575940654057889,720575940628386295,42,set_2
720575940654057889,720575940628781333,49,set_2
720575940654057889,720575940630461660,56,set_2
720575940654057889,720575940630620207,77,set_2
720575940654057889,720575940631829279,35,set_2
720575940654057889,720575940632213730,35,set_2
720575940654057889,720575940633373651,126,set_2
720575940654057889,720575940637013349,105,set_2
720575940654057889,720575940638103349,84,set_2
720575940654057889,720575940640601563,35,set_2
720575940654057889,720575940640681680,35,set_2
720575940654057889,720575940648652921,105,set_2
720575940660123777,720575940608177929,42,set_2
720575940660123777,720575940610694098,36,set_2
720575940660123777,720575940619662539,192,set_2
720575940660123777,720575940620497286,30,set_2
720575940660123777,720575940628369683,36,set_2
720575940660123777,720575940634698079,78,set_2
720575940660123777,720575940635280632,96,set_2
720575940660123777,720575940635769719,66,set_2
720575940660123777,720575940639076954,30,set_2
720575940660123777,720575940639822755,48,set_2
720575940660123777,720575940643792544,156,set_2
720575940660123777,720575940651434486,96,set_2
720575940660223873,720575940604470956,30,set_2
720575940660223873,720575940607387314,102,set_2
720575940660223873,720575940608735241,14,set_2
720575940660223873,720575940609405635,10,set_2
720575940660223873,720575940609417995,10,set_2
720575940660223873,720575940609939780,14,set_2
720575940660223873,720575940610001220,192,set_2
720575940660223873,720575940610232274,18,set_2
720575940660223873,720575940611160930,88,set_2
720575940660223873,720575940611164770,36,set_2
720575940660223873,720575940611988197,30,set_2
720575940660223873,720575940613687789,236,set_2
720575940660223873,720575940613743569,26,set_2
720575940660223873,720575940613929391,14,set_2
720575940660223873,720575940614014895,34,set_2
720575940660223873,720575940617593233,52,set_2
720575940660223873,720575940617630182,10,set_2
720575940660223873,720575940619176094,30,set_2
720575940660223873,720575940619397797,30,set_2
720575940660223873,720575940619403942,20,set_2
720575940660223873,720575940620271636,82,set_2
720575940660223873,720575940620474278,56,set_2
720575940660223873,720575940621057702,28,set_2
720575940660223873,720575940622624214,146,set_2
720575940660223873,720575940623164941,20,set_2
720575940660223873,720575940623377596,24,set_2
720575940660223873,720575940623503318,74,set_2
720575940660223873,720575940623687757,18,set_2
720575940660223873,720575940623847181,52,set_2
720575940660223873,720575940624274685,20,set_2
720575940660223873,720575940624310857,54,set_2
720575940660223873,720575940625047484,18,set_2
720575940660223873,720575940625172238,60,set_2
720575940660223873,720575940625172750,10,set_2
720575940660223873,720575940626278974,40,set_2
720575940660223873,720575940626289021,38,set_2
720575940660223873,720575940626557442,202,set_2
720575940660223873,720575940626856344,252,set_2
720575940660223873,720575940627081534,20,set_2
720575940660223873,720575940627101512,14,set_2
720575940660223873,720575940627285267,66,set_2
720575940660223873,720575940627814728,74,set_2
720575940660223873,720575940628492712,40,set_2
720575940660223873,720575940628755815,70,set_2
720575940660223873,720575940628815381,66,set_2
720575940660223873,720575940628869648,42,set_2
720575940660223873,720575940629822842,60,set_2
720575940660223873,720575940630461404,68,set_2
720575940660223873,720575940630667372,194,set_2
720575940660223873,720575940630720763,32,set_2
720575940660223873,720575940631282194,74,set_2
720575940660223873,720575940631406411,196,set_2
720575940660223873,720575940631997032,54,set_2
720575940660223873,720575940632047890,24,set_2
720575940660223873,720575940632178892,24,set_2
720575940660223873,720575940632587932,10,set_2
720575940660223873,720575940632659404,44,set_2
720575940660223873,720575940632732217,10,set_2
720575940660223873,720575940633316563,16,set_2
720575940660223873,720575940633881848,44,set_2
720575940660223873,720575940634301852,132,set_2
720575940660223873,720575940635166571,18,set_2
720575940660223873,720575940635211115,34,set_2
720575940660223873,720575940635596468,34,set_2
720575940660223873,720575940636345463,62,set_2
720575940660223873,720575940636828334,240,set_2
720575940660223873,720575940637144944,28,set_2
720575940660223873,720575940638001498,80,set_2
720575940660223873,720575940645045527,74,set_2
720575940660223873,720575940645495587,26,set_2
720575940660223873,720575940645866292,38,set_2
720575940660223873,720575940647030324,26,set_2
720575940660223873,720575940648864633,24,set_2
720575940660223873,720575940655011489,24,set_2
720575940661309057,720575940604921446,27,set_2
720575940661309057,720575940605675808,21,set_2
720575940661309057,720575940608884693,30,set_2
720575940661309057,720575940609941145,18,set_2
720575940661309057,720575940616483414,15,set_2
720575940661309057,720575940621241008,33,set_2
720575940661309057,720575940622768408,18,set_2
720575940661309057,720575940622779263,15,set_2
720575940661309057,720575940623202748,15,set_2
720575940661309057,720575940623828999,21,set_2
720575940661309057,720575940624651704,18,set_2
720575940661309057,720575940625926693,21,set_2
720575940661309057,720575940628561628,27,set_2
720575940661309057,720575940628949839,24,set_2
720575940661309057,720575940629060986,15,set_2
720575940661309057,720575940629244359,21,set_2
720575940661309057,720575940633652216,30,set_2
720575940661309057,720575940634475616,15,set_2
720575940661309057,720575940635157902,30,set_2
720575940661309057,720575940641220853,24,set_2
720575940661309057,720575940651329526,21,set_2
