pre_root_id,post_root_id,syn_count,origin_set
720575940605698080,720575940620780272,25,set_1
720575940605698080,720575940623133223,30,set_1
720575940605698080,720575940623449382,65,set_1
720575940605698080,720575940625172016,60,set_1
720575940605698080,720575940632900503,25,set_1
720575940605698080,720575940639512192,70,set_1
720575940605698080,720575940642910152,40,set_1
720575940605703456,720575940615672130,20,set_1
720575940605703456,720575940617299515,24,set_1
720575940605703456,720575940619310757,28,set_1
720575940605703456,720575940620262465,24,set_1
720575940605703456,720575940623192781,28,set_1
720575940605703456,720575940632873261,28,set_1
720575940606867145,720575940610611246,24,set_1
720575940606867145,720575940612572131,36,set_1
720575940606867145,720575940613746087,28,set_1
720575940606867145,720575940618165787,36,set_1
720575940606867145,720575940620262465,32,set_1
720575940606867145,720575940623192781,72,set_1
720575940606867145,720575940623605180,32,set_1
720575940606867145,720575940623737525,28,set_1
720575940606867145,720575940623777065,60,set_1
720575940606867145,720575940639512192,36,set_1
720575940606867145,720575940643191575,32,set_1
720575940607472988,720575940618118485,62,set_1
720575940607472988,720575940620627035,10,set_1
720575940607472988,720575940624454221,18,set_1
720575940607472988,720575940638419534,12,set_1
720575940607472988,720575940647606148,14,set_1
720575940608239371,720575940612984981,6,set_1
720575940608239371,720575940619866059,5,set_1
720575940608239371,720575940621827419,18,set_1
720575940608239371,720575940623158709,7,set_1
720575940608239371,720575940625172016,6,set_1
720575940608239371,720575940633941293,30,set_1
720575940608475331,720575940609423299,24,set_1
720575940608475331,720575940609937476,160,set_1
720575940608475331,720575940611366058,32,set_1
720575940608475331,720575940613640685,40,set_1
720575940608475331,720575940616018956,128,set_1
720575940608475331,720575940619016059,28,set_1
720575940608475331,720575940620292116,140,set_1
720575940608475331,720575940626456081,20,set_1
720575940608475331,720575940626557186,28,set_1
720575940608475331,720575940627419962,76,set_1
720575940608475331,720575940627828296,40,set_1
720575940608475331,720575940628743752,52,set_1
720575940608475331,720575940629470838,28,set_1
720575940608475331,720575940629778554,100,set_1
720575940608475331,720575940631092943,48,set_1
720575940608475331,720575940631999080,24,set_1
720575940608475331,720575940632281927,56,set_1
720575940608475331,720575940632304711,44,set_1
720575940608475331,720575940632727756,24,set_1
720575940608475331,720575940633373651,20,set_1
720575940608475331,720575940633941293,20,set_1
720575940608475331,720575940639756093,36,set_1
720575940608475331,720575940647030580,24,set_1
720575940608475331,720575940660224641,64,set_1
720575940608713993,720575940618118485,36,set_1
720575940608713993,720575940619473624,24,set_1
720575940608713993,720575940620031366,28,set_1
720575940608713993,720575940624253991,24,set_1
720575940608713993,720575940627492866,20,set_1
720575940608713993,720575940628462927,52,set_1
720575940609922372,720575940607345586,150,set_1
720575940609922372,720575940607377586,42,set_1
720575940609922372,720575940608370645,15,set_1
720575940609922372,720575940609133269,90,set_1
720575940609922372,720575940609423299,45,set_1
720575940609922372,720575940610054980,60,set_1
720575940609922372,720575940612606105,69,set_1
720575940609922372,720575940612686233,15,set_1
720575940609922372,720575940615023535,15,set_1
720575940609922372,720575940615583650,36,set_1
720575940609922372,720575940615672130,51,set_1
720575940609922372,720575940616014092,27,set_1
720575940609922372,720575940616194610,81,set_1
720575940609922372,720575940616848214,93,set_1
720575940609922372,720575940617031385,84,set_1
720575940609922372,720575940617494877,21,set_1
720575940609922372,720575940618165787,63,set_1
720575940609922372,720575940618166811,15,set_1
720575940609922372,720575940619016059,42,set_1
720575940609922372,720575940619042427,36,set_1
720575940609922372,720575940619076731,27,set_1
720575940609922372,720575940619114048,27,set_1
720575940609922372,720575940619473624,18,set_1
720575940609922372,720575940620262465,36,set_1
720575940609922372,720575940620335269,57,set_1
720575940609922372,720575940620353300,18,set_1
720575940609922372,720575940620633947,39,set_1
720575940609922372,720575940620819659,69,set_1
720575940609922372,720575940620833901,18,set_1
720575940609922372,720575940621329328,24,set_1
720575940609922372,720575940621569728,24,set_1
720575940609922372,720575940622018309,18,set_1
720575940609922372,720575940622054753,72,set_1
720575940609922372,720575940622348156,57,set_1
720575940609922372,720575940622624214,21,set_1
720575940609922372,720575940623017989,18,set_1
720575940609922372,720575940623209165,54,set_1
720575940609922372,720575940623449382,15,set_1
720575940609922372,720575940623535044,54,set_1
720575940609922372,720575940623676394,15,set_1
720575940609922372,720575940624023188,33,set_1
720575940609922372,720575940624882407,27,set_1
720575940609922372,720575940624987175,18,set_1
720575940609922372,720575940625045180,36,set_1
720575940609922372,720575940625164176,96,set_1
720575940609922372,720575940625167886,66,set_1
720575940609922372,720575940625813140,15,set_1
720575940609922372,720575940626075517,18,set_1
720575940609922372,720575940626163658,63,set_1
720575940609922372,720575940626826288,15,set_1
720575940609922372,720575940626960536,48,set_1
720575940609922372,720575940626961241,30,set_1
720575940609922372,720575940627062088,147,set_1
720575940609922372,720575940627086594,51,set_1
720575940609922372,720575940627410451,24,set_1
720575940609922372,720575940627739023,111,set_1
720575940609922372,720575940628319899,51,set_1
720575940609922372,720575940628598121,18,set_1
720575940609922372,720575940628815381,42,set_1
720575940609922372,720575940629266988,18,set_1
720575940609922372,720575940630232380,66,set_1
720575940609922372,720575940630461404,15,set_1
720575940609922372,720575940630579574,75,set_1
720575940609922372,720575940630679801,15,set_1
720575940609922372,720575940631365340,15,set_1
720575940609922372,720575940631595603,24,set_1
720575940609922372,720575940632028216,87,set_1
720575940609922372,720575940632118156,30,set_1
720575940609922372,720575940632134227,51,set_1
720575940609922372,720575940632365905,39,set_1
720575940609922372,720575940632839763,57,set_1
720575940609922372,720575940633824864,51,set_1
720575940609922372,720575940634105439,21,set_1
720575940609922372,720575940634210155,102,set_1
720575940609922372,720575940635360924,48,set_1
720575940609922372,720575940635527092,24,set_1
720575940609922372,720575940635596212,174,set_1
720575940609922372,720575940636165624,45,set_1
720575940609922372,720575940637360730,69,set_1
720575940609922372,720575940638125887,42,set_1
720575940609922372,720575940639206077,27,set_1
720575940609922372,720575940639787683,186,set_1
720575940609922372,720575940639831459,66,set_1
720575940609922372,720575940639994456,21,set_1
720575940609922372,720575940642422517,15,set_1
720575940609922372,720575940643867296,156,set_1
720575940609922372,720575940644672548,27,set_1
720575940609922372,720575940645039383,15,set_1
720575940609922372,720575940647010356,33,set_1
720575940609922372,720575940647060532,45,set_1
720575940609922372,720575940647560500,30,set_1
720575940609922372,720575940660224641,87,set_1
720575940609922372,720575940661338497,21,set_1
720575940610079957,720575940610024056,24,set_1
720575940610079957,720575940614572542,93,set_1
720575940610079957,720575940614775592,18,set_1
720575940610079957,720575940617690658,15,set_1
720575940610079957,720575940621040737,30,set_1
720575940610079957,720575940621667693,15,set_1
720575940610079957,720575940623777065,54,set_1
720575940610079957,720575940626308697,15,set_1
720575940610079957,720575940628538368,15,set_1
720575940610079957,720575940632464146,42,set_1
720575940610079957,720575940634776511,18,set_1
720575940610079957,720575940641546715,21,set_1
720575940610079957,720575940643251748,18,set_1
720575940610524339,720575940609913042,24,set_1
720575940610524339,720575940614916725,54,set_1
720575940610524339,720575940615076162,10,set_1
720575940610524339,720575940615296818,20,set_1
720575940610524339,720575940617121819,142,set_1
720575940610524339,720575940618788944,20,set_1
720575940610524339,720575940619111515,12,set_1
720575940610524339,720575940619928929,10,set_1
720575940610524339,720575940621345012,18,set_1
720575940610524339,720575940621689880,112,set_1
720575940610524339,720575940622199593,82,set_1
720575940610524339,720575940623097853,10,set_1
720575940610524339,720575940623834300,152,set_1
720575940610524339,720575940624948867,70,set_1
720575940610524339,720575940625031610,128,set_1
720575940610524339,720575940626983952,104,set_1
720575940610524339,720575940627454569,12,set_1
720575940610524339,720575940628131778,92,set_1
720575940610524339,720575940630548751,30,set_1
720575940610524339,720575940633165980,10,set_1
720575940610524339,720575940639688064,22,set_1
720575940610524339,720575940654057889,76,set_1
720575940611018865,720575940608370645,35,set_1
720575940611018865,720575940610004437,42,set_1
720575940611018865,720575940611157746,105,set_1
720575940611018865,720575940611211417,427,set_1
720575940611018865,720575940618165787,49,set_1
720575940611018865,720575940618788944,49,set_1
720575940611018865,720575940620170887,91,set_1
720575940611018865,720575940621870349,42,set_1
720575940611018865,720575940622835947,63,set_1
720575940611018865,720575940623660558,343,set_1
720575940611018865,720575940624607076,42,set_1
720575940611018865,720575940625172016,35,set_1
720575940611018865,720575940627275795,35,set_1
720575940611018865,720575940628319899,56,set_1
720575940611018865,720575940628329546,35,set_1
720575940611018865,720575940628680553,49,set_1
720575940611018865,720575940630182972,35,set_1
720575940611018865,720575940630893196,336,set_1
720575940611018865,720575940632423394,49,set_1
720575940611018865,720575940632873261,42,set_1
720575940611018865,720575940633165980,105,set_1
720575940611018865,720575940633791935,105,set_1
720575940611018865,720575940635391845,42,set_1
720575940611018865,720575940638419534,448,set_1
720575940611018865,720575940639206077,35,set_1
720575940611780648,720575940615251339,21,set_1
720575940611780648,720575940621144385,15,set_1
720575940611780648,720575940630510454,18,set_1
720575940611780648,720575940632588748,33,set_1
720575940611780648,720575940633607649,18,set_1
720575940611780648,720575940637664357,15,set_1
720575940611780648,720575940641220853,15,set_1
720575940612423922,720575940606388146,46,set_1
720575940612423922,720575940608707192,6,set_1
720575940612423922,720575940609937476,12,set_1
720575940612423922,720575940610916465,5,set_1
720575940612423922,720575940611168921,8,set_1
720575940612423922,720575940611548878,6,set_1
720575940612423922,720575940612261603,46,set_1
720575940612423922,720575940612277090,21,set_1
720575940612423922,720575940613170385,28,set_1
720575940612423922,720575940615215922,26,set_1
720575940612423922,720575940616308921,11,set_1
720575940612423922,720575940616328705,13,set_1
720575940612423922,720575940617678566,230,set_1
720575940612423922,720575940617787963,61,set_1
720575940612423922,720575940620025620,11,set_1
720575940612423922,720575940620177543,49,set_1
720575940612423922,720575940620445062,14,set_1
720575940612423922,720575940620626011,12,set_1
720575940612423922,720575940621218694,41,set_1
720575940612423922,720575940621827419,8,set_1
720575940612423922,720575940621953285,15,set_1
720575940612423922,720575940622124833,9,set_1
720575940612423922,720575940622810153,40,set_1
720575940612423922,720575940623148285,13,set_1
720575940612423922,720575940623609895,59,set_1
720575940612423922,720575940623654804,7,set_1
720575940612423922,720575940623853837,10,set_1
720575940612423922,720575940624987175,9,set_1
720575940612423922,720575940624988455,37,set_1
720575940612423922,720575940625178768,6,set_1
720575940612423922,720575940625601594,9,set_1
720575940612423922,720575940626668218,7,set_1
720575940612423922,720575940628095593,8,set_1
720575940612423922,720575940628684023,8,set_1
720575940612423922,720575940628743752,6,set_1
720575940612423922,720575940631056185,37,set_1
720575940612423922,720575940631092943,71,set_1
720575940612423922,720575940632602532,8,set_1
720575940612423922,720575940633521828,5,set_1
720575940612423922,720575940633639063,18,set_1
720575940612423922,720575940633941293,146,set_1
720575940612423922,720575940634260636,6,set_1
720575940612423922,720575940635239672,7,set_1
720575940612423922,720575940636895406,5,set_1
720575940612423922,720575940637956698,43,set_1
720575940612423922,720575940639993819,14,set_1
720575940612423922,720575940644669732,49,set_1
720575940612423922,720575940644750116,27,set_1
720575940612423922,720575940646274670,27,set_1
720575940613361010,720575940604395436,30,set_1
720575940613361010,720575940607802123,15,set_1
720575940613361010,720575940611134414,21,set_1
720575940613361010,720575940611298522,24,set_1
720575940613361010,720575940611456661,18,set_1
720575940613361010,720575940611952810,36,set_1
720575940613361010,720575940612490958,51,set_1
720575940613361010,720575940612531370,87,set_1
720575940613361010,720575940614936543,24,set_1
720575940613361010,720575940615668370,15,set_1
720575940613361010,720575940615749819,15,set_1
720575940613361010,720575940618043806,30,set_1
720575940613361010,720575940619596709,27,set_1
720575940613361010,720575940620057758,51,set_1
720575940613361010,720575940620913392,27,set_1
720575940613361010,720575940621129607,156,set_1
720575940613361010,720575940621743860,105,set_1
720575940613361010,720575940622495401,24,set_1
720575940613361010,720575940622808959,15,set_1
720575940613361010,720575940624007207,21,set_1
720575940613361010,720575940624247787,27,set_1
720575940613361010,720575940624344072,54,set_1
720575940613361010,720575940625115422,21,set_1
720575940613361010,720575940625851676,15,set_1
720575940613361010,720575940625993656,15,set_1
720575940613361010,720575940626003130,18,set_1
720575940613361010,720575940626091722,180,set_1
720575940613361010,720575940626132030,21,set_1
720575940613361010,720575940626174564,36,set_1
720575940613361010,720575940627080872,30,set_1
720575940613361010,720575940627110824,15,set_1
720575940613361010,720575940627646280,24,set_1
720575940613361010,720575940628003304,15,set_1
720575940613361010,720575940628572815,21,set_1
720575940613361010,720575940628923907,24,set_1
720575940613361010,720575940629852419,51,set_1
720575940613361010,720575940630281687,15,set_1
720575940613361010,720575940631371991,57,set_1
720575940613361010,720575940633406745,24,set_1
720575940613361010,720575940633563679,18,set_1
720575940613361010,720575940637599204,27,set_1
720575940613361010,720575940638774606,15,set_1
720575940613361010,720575940643311501,18,set_1
720575940613361010,720575940643882184,36,set_1
720575940613361010,720575940646488430,33,set_1
720575940613361010,720575940646663044,15,set_1
720575940613361010,720575940652490742,21,set_1
720575940613426343,720575940606388146,28,set_1
720575940613426343,720575940620031366,40,set_1
720575940613426343,720575940627492866,36,set_1
720575940613828202,720575940617299515,32,set_1
720575940613828202,720575940620262465,52,set_1
720575940613828202,720575940620359956,20,set_1
720575940613828202,720575940623192781,48,set_1
720575940614635175,720575940602353632,32,set_1
720575940614635175,720575940603266592,100,set_1
720575940614635175,720575940603765937,24,set_1
720575940614635175,720575940604027168,24,set_1
720575940614635175,720575940606279179,20,set_1
720575940614635175,720575940606343945,100,set_1
720575940614635175,720575940608787413,108,set_1
720575940614635175,720575940608900050,36,set_1
720575940614635175,720575940610259370,20,set_1
720575940614635175,720575940610481370,52,set_1
720575940614635175,720575940610483162,140,set_1
720575940614635175,720575940610683315,88,set_1
720575940614635175,720575940610773090,84,set_1
720575940614635175,720575940610981362,28,set_1
720575940614635175,720575940611756723,60,set_1
720575940614635175,720575940611849178,188,set_1
720575940614635175,720575940612920386,128,set_1
720575940614635175,720575940613061118,48,set_1
720575940614635175,720575940613527789,80,set_1
720575940614635175,720575940614211295,156,set_1
720575940614635175,720575940614281266,52,set_1
720575940614635175,720575940614799007,56,set_1
720575940614635175,720575940615134557,24,set_1
720575940614635175,720575940615274425,56,set_1
720575940614635175,720575940615641798,56,set_1
720575940614635175,720575940615677090,24,set_1
720575940614635175,720575940615903259,28,set_1
720575940614635175,720575940615929373,36,set_1
720575940614635175,720575940616616861,44,set_1
720575940614635175,720575940617239197,64,set_1
720575940614635175,720575940617335382,52,set_1
720575940614635175,720575940617433830,36,set_1
720575940614635175,720575940617488477,48,set_1
720575940614635175,720575940617671285,20,set_1
720575940614635175,720575940617828766,324,set_1
720575940614635175,720575940618025199,160,set_1
720575940614635175,720575940618029733,68,set_1
720575940614635175,720575940618586862,36,set_1
720575940614635175,720575940618788944,44,set_1
720575940614635175,720575940618887217,60,set_1
720575940614635175,720575940619028208,24,set_1
720575940614635175,720575940619072513,88,set_1
720575940614635175,720575940619197093,92,set_1
720575940614635175,720575940619421823,172,set_1
720575940614635175,720575940619625792,32,set_1
720575940614635175,720575940619695750,24,set_1
720575940614635175,720575940619990357,24,set_1
720575940614635175,720575940620031366,36,set_1
720575940614635175,720575940620129182,332,set_1
720575940614635175,720575940620692833,48,set_1
720575940614635175,720575940620797976,24,set_1
720575940614635175,720575940620818029,92,set_1
720575940614635175,720575940621149709,20,set_1
720575940614635175,720575940621375231,64,set_1
720575940614635175,720575940621647238,60,set_1
720575940614635175,720575940621778381,72,set_1
720575940614635175,720575940621818790,24,set_1
720575940614635175,720575940621864060,28,set_1
720575940614635175,720575940621898665,100,set_1
720575940614635175,720575940621916952,144,set_1
720575940614635175,720575940621953285,48,set_1
720575940614635175,720575940621957381,24,set_1
720575940614635175,720575940622298631,72,set_1
720575940614635175,720575940622346180,440,set_1
720575940614635175,720575940622949820,76,set_1
720575940614635175,720575940623183083,96,set_1
720575940614635175,720575940623507273,24,set_1
720575940614635175,720575940623804106,32,set_1
720575940614635175,720575940624079544,152,set_1
720575940614635175,720575940624266061,184,set_1
720575940614635175,720575940624310345,36,set_1
720575940614635175,720575940624377323,36,set_1
720575940614635175,720575940624433027,40,set_1
720575940614635175,720575940624805765,68,set_1
720575940614635175,720575940624976572,124,set_1
720575940614635175,720575940625032548,28,set_1
720575940614635175,720575940625163790,32,set_1
720575940614635175,720575940625298276,64,set_1
720575940614635175,720575940625424871,52,set_1
720575940614635175,720575940625450498,140,set_1
720575940614635175,720575940625696601,40,set_1
720575940614635175,720575940625750105,152,set_1
720575940614635175,720575940625907143,20,set_1
720575940614635175,720575940626015242,264,set_1
720575940614635175,720575940626016017,100,set_1
720575940614635175,720575940626217226,184,set_1
720575940614635175,720575940626217744,24,set_1
720575940614635175,720575940626241636,36,set_1
720575940614635175,720575940626287336,40,set_1
720575940614635175,720575940627044901,20,set_1
720575940614635175,720575940627402568,152,set_1
720575940614635175,720575940627438906,88,set_1
720575940614635175,720575940627513210,24,set_1
720575940614635175,720575940627556868,40,set_1
720575940614635175,720575940627578156,68,set_1
720575940614635175,720575940627709956,32,set_1
720575940614635175,720575940627815080,100,set_1
720575940614635175,720575940628198503,156,set_1
720575940614635175,720575940628329546,40,set_1
720575940614635175,720575940628391686,28,set_1
720575940614635175,720575940628436282,48,set_1
720575940614635175,720575940628524150,36,set_1
720575940614635175,720575940628659305,60,set_1
720575940614635175,720575940628686695,32,set_1
720575940614635175,720575940629009468,196,set_1
720575940614635175,720575940629146711,28,set_1
720575940614635175,720575940629358807,176,set_1
720575940614635175,720575940629416318,20,set_1
720575940614635175,720575940629481516,152,set_1
720575940614635175,720575940629717097,32,set_1
720575940614635175,720575940629837563,44,set_1
720575940614635175,720575940630195909,24,set_1
720575940614635175,720575940630589036,60,set_1
720575940614635175,720575940631082124,88,set_1
720575940614635175,720575940631092943,48,set_1
720575940614635175,720575940631092947,88,set_1
720575940614635175,720575940631204163,92,set_1
720575940614635175,720575940631639500,44,set_1
720575940614635175,720575940631787693,40,set_1
720575940614635175,720575940631965357,24,set_1
720575940614635175,720575940631983464,20,set_1
720575940614635175,720575940632706970,36,set_1
720575940614635175,720575940632894690,80,set_1
720575940614635175,720575940633165980,36,set_1
720575940614635175,720575940633366242,104,set_1
720575940614635175,720575940633791935,20,set_1
720575940614635175,720575940634186906,44,set_1
720575940614635175,720575940634844408,24,set_1
720575940614635175,720575940635630308,56,set_1
720575940614635175,720575940635807130,40,set_1
720575940614635175,720575940636541285,404,set_1
720575940614635175,720575940636985422,56,set_1
720575940614635175,720575940637232447,28,set_1
720575940614635175,720575940637507645,80,set_1
720575940614635175,720575940637686750,76,set_1
720575940614635175,720575940637742911,36,set_1
720575940614635175,720575940637747519,148,set_1
720575940614635175,720575940638218173,48,set_1
720575940614635175,720575940638813016,40,set_1
720575940614635175,720575940640390709,20,set_1
720575940614635175,720575940642088333,36,set_1
720575940614635175,720575940643065032,116,set_1
720575940614635175,720575940643703831,56,set_1
720575940614635175,720575940644464919,20,set_1
720575940614635175,720575940645084548,20,set_1
720575940614635175,720575940645173960,24,set_1
720575940614635175,720575940645743412,72,set_1
720575940614635175,720575940646212996,128,set_1
720575940614635175,720575940646250804,60,set_1
720575940614635175,720575940647006516,24,set_1
720575940614635175,720575940657585025,20,set_1
720575940614635175,720575940657653633,32,set_1
720575940614635175,720575940660123777,32,set_1
720575940614714514,720575940606866377,32,set_1
720575940614714514,720575940610232274,208,set_1
720575940614714514,720575940611475698,32,set_1
720575940614714514,720575940611988197,164,set_1
720575940614714514,720575940612692633,44,set_1
720575940614714514,720575940612692889,20,set_1
720575940614714514,720575940613222195,32,set_1
720575940614714514,720575940614660519,20,set_1
720575940614714514,720575940615052812,24,set_1
720575940614714514,720575940615742353,40,set_1
720575940614714514,720575940616018956,52,set_1
720575940614714514,720575940616317211,40,set_1
720575940614714514,720575940618859480,40,set_1
720575940614714514,720575940619176094,112,set_1
720575940614714514,720575940619397797,24,set_1
720575940614714514,720575940621332092,52,set_1
720575940614714514,720575940621651327,52,set_1
720575940614714514,720575940623164941,36,set_1
720575940614714514,720575940624310857,52,set_1
720575940614714514,720575940624528740,20,set_1
720575940614714514,720575940627113544,40,set_1
720575940614714514,720575940627847752,36,set_1
720575940614714514,720575940628755815,140,set_1
720575940614714514,720575940629081849,48,set_1
720575940614714514,720575940630667372,308,set_1
720575940614714514,720575940631406411,28,set_1
720575940614714514,720575940631703608,32,set_1
720575940614714514,720575940632659404,36,set_1
720575940614714514,720575940633316563,44,set_1
720575940614714514,720575940633941293,84,set_1
720575940614714514,720575940634645600,20,set_1
720575940614714514,720575940635596468,120,set_1
720575940614714514,720575940636828334,36,set_1
720575940614714514,720575940637144944,180,set_1
720575940614714514,720575940648864633,20,set_1
720575940614714514,720575940652580086,20,set_1
720575940614714514,720575940655011489,384,set_1
720575940614714514,720575940660223873,152,set_1
720575940614753653,720575940614572542,7,set_1
720575940614753653,720575940615228467,5,set_1
720575940614753653,720575940616153371,18,set_1
720575940614753653,720575940618385718,31,set_1
720575940614753653,720575940620672432,10,set_1
720575940614753653,720575940622872870,5,set_1
720575940614753653,720575940623011845,16,set_1
720575940614753653,720575940623044103,13,set_1
720575940614753653,720575940626015640,22,set_1
720575940614753653,720575940626619398,5,set_1
720575940614753653,720575940626775824,7,set_1
720575940614753653,720575940627244200,9,set_1
720575940614753653,720575940629285879,6,set_1
720575940614753653,720575940630620207,6,set_1
720575940614753653,720575940635861146,18,set_1
720575940615050346,720575940608498780,24,set_1
720575940615050346,720575940610611246,9,set_1
720575940615050346,720575940612470755,11,set_1
720575940615050346,720575940614642838,11,set_1
720575940615050346,720575940616298171,43,set_1
720575940615050346,720575940617488477,21,set_1
720575940615050346,720575940617568697,7,set_1
720575940615050346,720575940620031366,25,set_1
720575940615050346,720575940620094366,15,set_1
720575940615050346,720575940620135645,5,set_1
720575940615050346,720575940620303380,5,set_1
720575940615050346,720575940622154266,14,set_1
720575940615050346,720575940622632084,5,set_1
720575940615050346,720575940623209165,5,set_1
720575940615050346,720575940624253991,5,set_1
720575940615050346,720575940624789652,19,set_1
720575940615050346,720575940626227774,5,set_1
720575940615050346,720575940626960536,7,set_1
720575940615050346,720575940627403578,98,set_1
720575940615050346,720575940627538690,10,set_1
720575940615050346,720575940627815080,5,set_1
720575940615050346,720575940628030440,9,set_1
720575940615050346,720575940628378440,6,set_1
720575940615050346,720575940629470838,7,set_1
720575940615050346,720575940630724652,17,set_1
720575940615050346,720575940632029496,16,set_1
720575940615050346,720575940632640287,7,set_1
720575940615050346,720575940636168628,13,set_1
720575940615050346,720575940636552805,6,set_1
720575940615050346,720575940636734382,5,set_1
720575940615050346,720575940637530084,11,set_1
720575940615050346,720575940638642547,10,set_1
720575940615050346,720575940639512192,12,set_1
720575940615050346,720575940641229520,16,set_1
720575940615050346,720575940647060532,11,set_1
720575940615050346,720575940648180868,17,set_1
720575940615245107,720575940617369117,20,set_1
720575940615245107,720575940618118485,32,set_1
720575940615245107,720575940620031366,44,set_1
720575940615245107,720575940623853837,20,set_1
720575940615245107,720575940627492866,24,set_1
720575940615245107,720575940629548107,20,set_1
720575940615292895,720575940604470240,20,set_1
720575940615292895,720575940608471900,160,set_1
720575940615292895,720575940608501316,20,set_1
720575940615292895,720575940609268316,24,set_1
720575940615292895,720575940610956334,32,set_1
720575940615292895,720575940611715813,20,set_1
720575940615292895,720575940611756723,20,set_1
720575940615292895,720575940613640685,52,set_1
720575940615292895,720575940614128691,28,set_1
720575940615292895,720575940614736290,32,set_1
720575940615292895,720575940614916725,24,set_1
720575940615292895,720575940615495839,120,set_1
720575940615292895,720575940616065254,28,set_1
720575940615292895,720575940616298171,44,set_1
720575940615292895,720575940616597334,56,set_1
720575940615292895,720575940620031366,24,set_1
720575940615292895,720575940620353300,180,set_1
720575940615292895,720575940620627803,112,set_1
720575940615292895,720575940620982437,20,set_1
720575940615292895,720575940621218694,52,set_1
720575940615292895,720575940621771041,24,set_1
720575940615292895,720575940622335197,52,set_1
720575940615292895,720575940623380556,24,set_1
720575940615292895,720575940623696362,20,set_1
720575940615292895,720575940624470247,36,set_1
720575940615292895,720575940624600840,644,set_1
720575940615292895,720575940625005239,264,set_1
720575940615292895,720575940626418509,36,set_1
720575940615292895,720575940626826288,188,set_1
720575940615292895,720575940626941080,76,set_1
720575940615292895,720575940626960536,36,set_1
720575940615292895,720575940628446010,44,set_1
720575940615292895,720575940628815381,44,set_1
720575940615292895,720575940628975107,20,set_1
720575940615292895,720575940629766266,84,set_1
720575940615292895,720575940630665210,64,set_1
720575940615292895,720575940630991311,24,set_1
720575940615292895,720575940631092943,52,set_1
720575940615292895,720575940632365905,40,set_1
720575940615292895,720575940632407826,20,set_1
720575940615292895,720575940632524559,24,set_1
720575940615292895,720575940632602532,44,set_1
720575940615292895,720575940632640287,32,set_1
720575940615292895,720575940632734033,92,set_1
720575940615292895,720575940632873261,20,set_1
720575940615292895,720575940633941293,28,set_1
720575940615292895,720575940635210859,20,set_1
720575940615292895,720575940636734382,20,set_1
720575940615292895,720575940638642547,36,set_1
720575940615292895,720575940639274147,20,set_1
720575940615292895,720575940639772221,20,set_1
720575940615292895,720575940641536987,32,set_1
720575940615292895,720575940647606148,32,set_1
720575940615894614,720575940605971330,14,set_1
720575940615894614,720575940606388146,19,set_1
720575940615894614,720575940608707192,40,set_1
720575940615894614,720575940611548878,27,set_1
720575940615894614,720575940611630194,10,set_1
720575940615894614,720575940612606105,41,set_1
720575940615894614,720575940613170385,12,set_1
720575940615894614,720575940613563117,5,set_1
720575940615894614,720575940615063592,30,set_1
720575940615894614,720575940615215922,20,set_1
720575940615894614,720575940615330265,60,set_1
720575940615894614,720575940616014092,8,set_1
720575940615894614,720575940616162866,30,set_1
720575940615894614,720575940616328705,21,set_1
720575940615894614,720575940616667186,38,set_1
720575940615894614,720575940617678566,35,set_1
720575940615894614,720575940617787963,8,set_1
720575940615894614,720575940617986683,21,set_1
720575940615894614,720575940618325302,11,set_1
720575940615894614,720575940618788944,6,set_1
720575940615894614,720575940619601428,6,set_1
720575940615894614,720575940620031366,8,set_1
720575940615894614,720575940620177543,13,set_1
720575940615894614,720575940620292116,6,set_1
720575940615894614,720575940620353300,37,set_1
720575940615894614,720575940620627035,5,set_1
720575940615894614,720575940621013640,40,set_1
720575940615894614,720575940621329328,12,set_1
720575940615894614,720575940621818790,5,set_1
720575940615894614,720575940621894750,32,set_1
720575940615894614,720575940622137633,5,set_1
720575940615894614,720575940622154266,8,set_1
720575940615894614,720575940622493260,8,set_1
720575940615894614,720575940623476407,5,set_1
720575940615894614,720575940623525258,7,set_1
720575940615894614,720575940623535044,5,set_1
720575940615894614,720575940623609895,85,set_1
720575940615894614,720575940623654804,5,set_1
720575940615894614,720575940624882407,27,set_1
720575940615894614,720575940625004034,7,set_1
720575940615894614,720575940625304094,48,set_1
720575940615894614,720575940625408796,12,set_1
720575940615894614,720575940625873560,46,set_1
720575940615894614,720575940626557186,8,set_1
720575940615894614,720575940626583836,13,set_1
720575940615894614,720575940626953561,23,set_1
720575940615894614,720575940627047400,18,set_1
720575940615894614,720575940627275795,29,set_1
720575940615894614,720575940627429907,5,set_1
720575940615894614,720575940628095593,69,set_1
720575940615894614,720575940628436282,5,set_1
720575940615894614,720575940628684023,7,set_1
720575940615894614,720575940629111490,47,set_1
720575940615894614,720575940629112258,35,set_1
720575940615894614,720575940630470391,12,set_1
720575940615894614,720575940630839371,6,set_1
720575940615894614,720575940632365905,5,set_1
720575940615894614,720575940632602532,7,set_1
720575940615894614,720575940633639063,7,set_1
720575940615894614,720575940634105439,20,set_1
720575940615894614,720575940635751269,13,set_1
720575940615894614,720575940636541285,22,set_1
720575940615894614,720575940637936710,6,set_1
720575940615894614,720575940639769715,18,set_1
720575940615894614,720575940639786915,9,set_1
720575940615894614,720575940644464544,6,set_1
720575940616167730,720575940605707710,18,set_1
720575940616167730,720575940606866377,57,set_1
720575940616167730,720575940607272649,48,set_1
720575940616167730,720575940607387314,66,set_1
720575940616167730,720575940608735241,60,set_1
720575940616167730,720575940609133269,120,set_1
720575940616167730,720575940610482883,33,set_1
720575940616167730,720575940611160930,69,set_1
720575940616167730,720575940611164770,288,set_1
720575940616167730,720575940611248662,15,set_1
720575940616167730,720575940612235747,51,set_1
720575940616167730,720575940612354034,15,set_1
720575940616167730,720575940612357618,75,set_1
720575940616167730,720575940612599193,27,set_1
720575940616167730,720575940613743569,21,set_1
720575940616167730,720575940615583650,48,set_1
720575940616167730,720575940615811670,267,set_1
720575940616167730,720575940617299515,15,set_1
720575940616167730,720575940617488477,45,set_1
720575940616167730,720575940617494877,57,set_1
720575940616167730,720575940618563664,15,set_1
720575940616167730,720575940619114048,21,set_1
720575940616167730,720575940619176094,21,set_1
720575940616167730,720575940619473624,84,set_1
720575940616167730,720575940619658576,24,set_1
720575940616167730,720575940619973712,36,set_1
720575940616167730,720575940620170887,30,set_1
720575940616167730,720575940620271636,18,set_1
720575940616167730,720575940620274085,15,set_1
720575940616167730,720575940620359956,21,set_1
720575940616167730,720575940620474278,75,set_1
720575940616167730,720575940620642940,36,set_1
720575940616167730,720575940620780272,90,set_1
720575940616167730,720575940620982437,63,set_1
720575940616167730,720575940621150191,135,set_1
720575940616167730,720575940622235425,15,set_1
720575940616167730,720575940622391337,21,set_1
720575940616167730,720575940622520908,60,set_1
720575940616167730,720575940622624214,18,set_1
720575940616167730,720575940622695448,60,set_1
720575940616167730,720575940623017989,75,set_1
720575940616167730,720575940623164941,54,set_1
720575940616167730,720575940623192781,165,set_1
720575940616167730,720575940623377596,54,set_1
720575940616167730,720575940623476407,84,set_1
720575940616167730,720575940623687757,27,set_1
720575940616167730,720575940623847181,303,set_1
720575940616167730,720575940624310857,60,set_1
720575940616167730,720575940624950078,24,set_1
720575940616167730,720575940625172238,18,set_1
720575940616167730,720575940625334349,15,set_1
720575940616167730,720575940626094350,51,set_1
720575940616167730,720575940626557442,42,set_1
720575940616167730,720575940626625813,141,set_1
720575940616167730,720575940626856344,168,set_1
720575940616167730,720575940626972568,135,set_1
720575940616167730,720575940627004459,177,set_1
720575940616167730,720575940627062088,18,set_1
720575940616167730,720575940627083294,21,set_1
720575940616167730,720575940627182217,123,set_1
720575940616167730,720575940627285267,15,set_1
720575940616167730,720575940627383685,60,set_1
720575940616167730,720575940628492712,36,set_1
720575940616167730,720575940628675433,42,set_1
720575940616167730,720575940628936898,75,set_1
720575940616167730,720575940628997123,72,set_1
720575940616167730,720575940629421415,60,set_1
720575940616167730,720575940629878479,186,set_1
720575940616167730,720575940630461404,96,set_1
720575940616167730,720575940630771449,42,set_1
720575940616167730,720575940631918649,21,set_1
720575940616167730,720575940631939432,18,set_1
720575940616167730,720575940633277209,42,set_1
720575940616167730,720575940633813940,21,set_1
720575940616167730,720575940634210155,15,set_1
720575940616167730,720575940634900855,57,set_1
720575940616167730,720575940635166571,36,set_1
720575940616167730,720575940635184735,18,set_1
720575940616167730,720575940635211115,48,set_1
720575940616167730,720575940636675214,126,set_1
720575940616167730,720575940637656286,30,set_1
720575940616167730,720575940638001498,60,set_1
720575940616169010,720575940613563117,88,set_1
720575940616169010,720575940613640685,32,set_1
720575940616169010,720575940616018956,24,set_1
720575940616169010,720575940617636725,60,set_1
720575940616169010,720575940618166811,48,set_1
720575940616169010,720575940620025620,20,set_1
720575940616169010,720575940622493260,24,set_1
720575940616169010,720575940625172016,84,set_1
720575940616169010,720575940625875504,44,set_1
720575940616169010,720575940626557186,68,set_1
720575940616169010,720575940627828296,108,set_1
720575940616169010,720575940628668009,20,set_1
720575940616169010,720575940628743752,88,set_1
720575940616169010,720575940628973827,48,set_1
720575940616169010,720575940629778554,152,set_1
720575940616169010,720575940630232380,20,set_1
720575940616169010,720575940630806267,60,set_1
720575940616169010,720575940631999080,52,set_1
720575940616169010,720575940632304711,64,set_1
720575940616169010,720575940633213792,28,set_1
720575940616169010,720575940633373651,100,set_1
720575940616169010,720575940635212143,24,set_1
720575940616169010,720575940661338497,48,set_1
720575940616217403,720575940609592270,21,set_1
720575940616217403,720575940610986006,21,set_1
720575940616217403,720575940611496165,66,set_1
720575940616217403,720575940612984981,21,set_1
720575940616217403,720575940613170385,45,set_1
720575940616217403,720575940615480370,24,set_1
720575940616217403,720575940617755220,48,set_1
720575940616217403,720575940618936710,21,set_1
720575940616217403,720575940620061793,39,set_1
720575940616217403,720575940620177543,24,set_1
720575940616217403,720575940620262465,51,set_1
720575940616217403,720575940620550534,42,set_1
720575940616217403,720575940621149709,39,set_1
720575940616217403,720575940621332092,15,set_1
720575940616217403,720575940622466027,33,set_1
720575940616217403,720575940623158709,147,set_1
720575940616217403,720575940624176312,234,set_1
720575940616217403,720575940624600840,42,set_1
720575940616217403,720575940625172016,135,set_1
720575940616217403,720575940626567701,36,set_1
720575940616217403,720575940626583836,54,set_1
720575940616217403,720575940626826288,66,set_1
720575940616217403,720575940630548751,54,set_1
720575940616217403,720575940630670890,21,set_1
720575940616217403,720575940631056185,33,set_1
720575940616217403,720575940632873261,132,set_1
720575940616217403,720575940633518176,57,set_1
720575940616217403,720575940634699119,66,set_1
720575940616217403,720575940634844408,24,set_1
720575940616217403,720575940637742150,27,set_1
720575940616217403,720575940654057889,30,set_1
720575940616497477,720575940613687789,40,set_1
720575940616497477,720575940617488477,56,set_1
720575940616497477,720575940617854676,40,set_1
720575940616497477,720575940623192781,20,set_1
720575940616497477,720575940623207885,32,set_1
720575940616497477,720575940639512192,60,set_1
720575940616747830,720575940610763874,6,set_1
720575940616747830,720575940623512467,9,set_1
720575940616747830,720575940625123453,6,set_1
720575940616747830,720575940627638037,8,set_1
720575940616747830,720575940635280632,7,set_1
720575940616747830,720575940635491508,5,set_1
720575940616747830,720575940638723133,7,set_1
720575940616791709,720575940604791217,14,set_1
720575940616791709,720575940605443017,9,set_1
720575940616791709,720575940606866377,17,set_1
720575940616791709,720575940607345586,9,set_1
720575940616791709,720575940608471900,6,set_1
720575940616791709,720575940609592270,8,set_1
720575940616791709,720575940610986006,8,set_1
720575940616791709,720575940611715813,10,set_1
720575940616791709,720575940612772915,50,set_1
720575940616791709,720575940613640685,5,set_1
720575940616791709,720575940613825814,12,set_1
720575940616791709,720575940615063592,7,set_1
720575940616791709,720575940616829401,5,set_1
720575940616791709,720575940617678566,39,set_1
720575940616791709,720575940617787963,99,set_1
720575940616791709,720575940618135419,7,set_1
720575940616791709,720575940619042427,78,set_1
720575940616791709,720575940619757366,6,set_1
720575940616791709,720575940620025620,10,set_1
720575940616791709,720575940620217582,33,set_1
720575940616791709,720575940620262465,55,set_1
720575940616791709,720575940620353300,24,set_1
720575940616791709,720575940620692974,12,set_1
720575940616791709,720575940620748457,9,set_1
720575940616791709,720575940621755888,30,set_1
720575940616791709,720575940622124833,9,set_1
720575940616791709,720575940622433799,9,set_1
720575940616791709,720575940622810153,26,set_1
720575940616791709,720575940622853258,5,set_1
720575940616791709,720575940623017989,12,set_1
720575940616791709,720575940623148285,5,set_1
720575940616791709,720575940623192781,6,set_1
720575940616791709,720575940623737525,13,set_1
720575940616791709,720575940624176312,8,set_1
720575940616791709,720575940624263655,7,set_1
720575940616791709,720575940624384304,9,set_1
720575940616791709,720575940625002936,14,set_1
720575940616791709,720575940625172016,6,set_1
720575940616791709,720575940626583836,21,set_1
720575940616791709,720575940626826288,39,set_1
720575940616791709,720575940626960536,185,set_1
720575940616791709,720575940627275795,7,set_1
720575940616791709,720575940628070419,25,set_1
720575940616791709,720575940628644218,43,set_1
720575940616791709,720575940628743752,7,set_1
720575940616791709,720575940629111490,8,set_1
720575940616791709,720575940629470838,7,set_1
720575940616791709,720575940629677417,11,set_1
720575940616791709,720575940629778554,13,set_1
720575940616791709,720575940630182972,32,set_1
720575940616791709,720575940630470391,85,set_1
720575940616791709,720575940630670890,7,set_1
720575940616791709,720575940632873261,6,set_1
720575940616791709,720575940633941293,7,set_1
720575940616791709,720575940634699119,8,set_1
720575940616791709,720575940635179871,11,set_1
720575940616791709,720575940635212143,29,set_1
720575940616791709,720575940635527092,7,set_1
720575940616791709,720575940637936710,6,set_1
720575940616791709,720575940639769715,11,set_1
720575940616791709,720575940640348149,6,set_1
720575940616791709,720575940643288868,6,set_1
720575940616791709,720575940643325581,6,set_1
720575940616791709,720575940643867296,41,set_1
720575940616791709,720575940644464544,73,set_1
720575940616791709,720575940644672548,36,set_1
720575940616801622,720575940609993284,31,set_1
720575940616801622,720575940611374554,5,set_1
720575940616801622,720575940612572131,30,set_1
720575940616801622,720575940615799308,11,set_1
720575940616801622,720575940616344379,7,set_1
720575940616801622,720575940617448331,7,set_1
720575940616801622,720575940617755220,41,set_1
720575940616801622,720575940618054981,5,set_1
720575940616801622,720575940618571200,5,set_1
720575940616801622,720575940618791515,8,set_1
720575940616801622,720575940620061793,30,set_1
720575940616801622,720575940621325150,12,set_1
720575940616801622,720575940621457690,8,set_1
720575940616801622,720575940622127180,5,set_1
720575940616801622,720575940622319715,15,set_1
720575940616801622,720575940622384311,9,set_1
720575940616801622,720575940624343822,6,set_1
720575940616801622,720575940624943800,5,set_1
720575940616801622,720575940625365512,5,set_1
720575940616801622,720575940626466332,11,set_1
720575940616801622,720575940628070419,34,set_1
720575940616801622,720575940628422555,42,set_1
720575940616801622,720575940629201724,5,set_1
720575940616801622,720575940629392439,5,set_1
720575940616801622,720575940631103744,10,set_1
720575940616801622,720575940631201055,5,set_1
720575940616801622,720575940631968599,66,set_1
720575940616801622,720575940632464146,29,set_1
720575940616801622,720575940632545834,8,set_1
720575940616801622,720575940633850579,11,set_1
720575940616801622,720575940636351118,8,set_1
720575940616801622,720575940637951977,6,set_1
720575940616801622,720575940638137200,5,set_1
720575940616801622,720575940638482877,11,set_1
720575940616801622,720575940638775640,8,set_1
720575940616801622,720575940638954611,9,set_1
720575940616801622,720575940639180963,5,set_1
720575940616801622,720575940639672893,5,set_1
720575940616801622,720575940640456923,6,set_1
720575940616801622,720575940641780187,9,set_1
720575940616801622,720575940645601572,5,set_1
720575940616801622,720575940646160948,7,set_1
720575940616801622,720575940652306934,5,set_1
720575940616896257,720575940614572542,39,set_1
720575940616896257,720575940616153371,30,set_1
720575940616896257,720575940618385718,72,set_1
720575940616896257,720575940619888622,15,set_1
720575940616896257,720575940620672432,30,set_1
720575940616896257,720575940622273868,27,set_1
720575940616896257,720575940623011845,15,set_1
720575940616896257,720575940623044103,75,set_1
720575940616896257,720575940623142426,18,set_1
720575940616896257,720575940623777065,45,set_1
720575940616896257,720575940626015640,54,set_1
720575940616896257,720575940626619398,21,set_1
720575940616896257,720575940626775824,45,set_1
720575940616896257,720575940627244200,30,set_1
720575940616896257,720575940628422555,15,set_1
720575940616896257,720575940635861146,33,set_1
720575940616921152,720575940604791217,14,set_1
720575940616921152,720575940606388146,5,set_1
720575940616921152,720575940606866377,11,set_1
720575940616921152,720575940609993284,27,set_1
720575940616921152,720575940612289010,7,set_1
720575940616921152,720575940612772915,7,set_1
720575940616921152,720575940613170385,18,set_1
720575940616921152,720575940613356851,6,set_1
720575940616921152,720575940614660519,5,set_1
720575940616921152,720575940614736290,52,set_1
720575940616921152,720575940615063592,7,set_1
720575940616921152,720575940615495839,5,set_1
720575940616921152,720575940616065254,9,set_1
720575940616921152,720575940617678566,120,set_1
720575940616921152,720575940617787963,72,set_1
720575940616921152,720575940618859480,8,set_1
720575940616921152,720575940620025620,27,set_1
720575940616921152,720575940620177543,5,set_1
720575940616921152,720575940620217582,8,set_1
720575940616921152,720575940620262465,14,set_1
720575940616921152,720575940620353300,203,set_1
720575940616921152,720575940620692974,5,set_1
720575940616921152,720575940620748457,10,set_1
720575940616921152,720575940621218694,5,set_1
720575940616921152,720575940621662332,5,set_1
720575940616921152,720575940621755888,12,set_1
720575940616921152,720575940621930710,39,set_1
720575940616921152,720575940622116705,10,set_1
720575940616921152,720575940622124833,40,set_1
720575940616921152,720575940622515895,7,set_1
720575940616921152,720575940622810153,66,set_1
720575940616921152,720575940622853258,10,set_1
720575940616921152,720575940623148285,37,set_1
720575940616921152,720575940623158709,8,set_1
720575940616921152,720575940623366102,7,set_1
720575940616921152,720575940624263655,14,set_1
720575940616921152,720575940624384304,6,set_1
720575940616921152,720575940624600840,57,set_1
720575940616921152,720575940624856409,17,set_1
720575940616921152,720575940626308697,11,set_1
720575940616921152,720575940626583836,10,set_1
720575940616921152,720575940626960536,44,set_1
720575940616921152,720575940627275795,17,set_1
720575940616921152,720575940627419962,6,set_1
720575940616921152,720575940628023685,10,set_1
720575940616921152,720575940628070419,5,set_1
720575940616921152,720575940628743752,5,set_1
720575940616921152,720575940629111490,6,set_1
720575940616921152,720575940629470838,42,set_1
720575940616921152,720575940629677417,26,set_1
720575940616921152,720575940629778554,10,set_1
720575940616921152,720575940629822842,9,set_1
720575940616921152,720575940630182972,17,set_1
720575940616921152,720575940630470391,68,set_1
720575940616921152,720575940630506344,53,set_1
720575940616921152,720575940630605881,11,set_1
720575940616921152,720575940631056185,8,set_1
720575940616921152,720575940631997032,5,set_1
720575940616921152,720575940632602532,7,set_1
720575940616921152,720575940633639063,27,set_1
720575940616921152,720575940633941293,59,set_1
720575940616921152,720575940634699119,5,set_1
720575940616921152,720575940635179871,8,set_1
720575940616921152,720575940635212143,6,set_1
720575940616921152,720575940635527092,9,set_1
720575940616921152,720575940637144944,9,set_1
720575940616921152,720575940637936710,8,set_1
720575940616921152,720575940639769715,9,set_1
720575940616921152,720575940639956643,5,set_1
720575940616921152,720575940643867296,62,set_1
720575940616921152,720575940644464544,102,set_1
720575940617244027,720575940611248662,16,set_1
720575940617244027,720575940611549902,38,set_1
720575940617244027,720575940620359956,23,set_1
720575940617244027,720575940620780272,27,set_1
720575940617244027,720575940621647238,5,set_1
720575940617244027,720575940623017989,11,set_1
720575940617244027,720575940623164941,6,set_1
720575940617244027,720575940623224555,6,set_1
720575940617244027,720575940623476407,7,set_1
720575940617244027,720575940625867056,11,set_1
720575940617244027,720575940626625813,8,set_1
720575940617244027,720575940626968216,5,set_1
720575940617244027,720575940627182217,10,set_1
720575940617244027,720575940629773276,10,set_1
720575940617244027,720575940634900855,9,set_1
720575940617244027,720575940641284853,8,set_1
720575940617244027,720575940645039383,38,set_1
720575940617244027,720575940647030324,10,set_1
720575940617244027,720575940648864633,6,set_1
720575940617244027,720575940652580086,5,set_1
720575940617393625,720575940610054980,64,set_1
720575940617393625,720575940612686233,72,set_1
720575940617393625,720575940616864217,80,set_1
720575940617393625,720575940617678566,28,set_1
720575940617393625,720575940618165019,24,set_1
720575940617393625,720575940618539810,312,set_1
720575940617393625,720575940619016059,20,set_1
720575940617393625,720575940620182151,304,set_1
720575940617393625,720575940620335269,24,set_1
720575940617393625,720575940621047632,576,set_1
720575940617393625,720575940621569728,320,set_1
720575940617393625,720575940621833281,56,set_1
720575940617393625,720575940622500172,60,set_1
720575940617393625,720575940623149581,192,set_1
720575940617393625,720575940624289789,72,set_1
720575940617393625,720575940626163658,272,set_1
720575940617393625,720575940627359109,164,set_1
720575940617393625,720575940627828296,80,set_1
720575940617393625,720575940627829064,20,set_1
720575940617393625,720575940627847752,52,set_1
720575940617393625,720575940628780309,20,set_1
720575940617393625,720575940630233404,432,set_1
720575940617393625,720575940631340815,24,set_1
720575940617393625,720575940631365340,72,set_1
720575940617393625,720575940631999080,52,set_1
720575940617393625,720575940632134227,120,set_1
720575940617393625,720575940632281927,80,set_1
720575940617393625,720575940632839763,24,set_1
720575940617393625,720575940633373651,28,set_1
720575940617393625,720575940633529548,24,set_1
720575940617393625,720575940637360730,56,set_1
720575940617393625,720575940638024794,280,set_1
720575940617393625,720575940639787683,40,set_1
720575940617393625,720575940643867296,64,set_1
720575940617393625,720575940645527918,60,set_1
720575940617393625,720575940646930996,80,set_1
720575940617393625,720575940661338497,64,set_1
720575940617476379,720575940609937476,248,set_1
720575940617476379,720575940611366058,28,set_1
720575940617476379,720575940613563117,20,set_1
720575940617476379,720575940613640685,44,set_1
720575940617476379,720575940616018956,176,set_1
720575940617476379,720575940620292116,24,set_1
720575940617476379,720575940621894750,60,set_1
720575940617476379,720575940623148285,36,set_1
720575940617476379,720575940623654804,48,set_1
720575940617476379,720575940625175054,28,set_1
720575940617476379,720575940626557186,44,set_1
720575940617476379,720575940628743752,44,set_1
720575940617476379,720575940629778554,20,set_1
720575940617476379,720575940631092943,224,set_1
720575940617476379,720575940631999080,24,set_1
720575940617476379,720575940632281927,20,set_1
720575940617476379,720575940632304711,32,set_1
720575940617476379,720575940633639063,20,set_1
720575940617476379,720575940639831459,28,set_1
720575940617476379,720575940642428045,20,set_1
720575940617476379,720575940660224641,92,set_1
720575940617799253,720575940606388146,20,set_1
720575940617799253,720575940618118485,36,set_1
720575940617799253,720575940620031366,80,set_1
720575940617799253,720575940621119367,20,set_1
720575940617799253,720575940623853837,20,set_1
720575940617799253,720575940627492866,20,set_1
720575940617799253,720575940628462927,48,set_1
720575940617917579,720575940609407939,18,set_1
720575940617917579,720575940612208858,30,set_1
720575940617917579,720575940612354034,66,set_1
720575940617917579,720575940612686233,252,set_1
720575940617917579,720575940615197747,42,set_1
720575940617917579,720575940616067890,15,set_1
720575940617917579,720575940617787963,18,set_1
720575940617917579,720575940618166811,15,set_1
720575940617917579,720575940618539810,378,set_1
720575940617917579,720575940620182151,75,set_1
720575940617917579,720575940620335269,24,set_1
720575940617917579,720575940621569728,18,set_1
720575940617917579,720575940622500172,72,set_1
720575940617917579,720575940623149581,96,set_1
720575940617917579,720575940624289789,180,set_1
720575940617917579,720575940625875504,36,set_1
720575940617917579,720575940627062088,39,set_1
720575940617917579,720575940627359109,48,set_1
720575940617917579,720575940627410451,24,set_1
720575940617917579,720575940627828296,15,set_1
720575940617917579,720575940629778554,27,set_1
720575940617917579,720575940630233404,327,set_1
720575940617917579,720575940631340815,18,set_1
720575940617917579,720575940631365340,192,set_1
720575940617917579,720575940631999080,15,set_1
720575940617917579,720575940632028216,270,set_1
720575940617917579,720575940632134227,33,set_1
720575940617917579,720575940632281927,66,set_1
720575940617917579,720575940633373651,87,set_1
720575940617917579,720575940633529548,57,set_1
720575940617917579,720575940633772257,408,set_1
720575940617917579,720575940635527322,240,set_1
720575940617917579,720575940637360730,63,set_1
720575940617917579,720575940643867296,45,set_1
720575940617917579,720575940645527918,27,set_1
720575940617917579,720575940646930996,168,set_1
720575940617917579,720575940661338497,150,set_1
720575940619128699,720575940611211417,424,set_1
720575940619128699,720575940616162866,48,set_1
720575940619128699,720575940616616861,40,set_1
720575940619128699,720575940616667186,48,set_1
720575940619128699,720575940618788944,112,set_1
720575940619128699,720575940621329328,72,set_1
720575940619128699,720575940621818790,168,set_1
720575940619128699,720575940621870349,48,set_1
720575940619128699,720575940621894750,56,set_1
720575940619128699,720575940622466027,40,set_1
720575940619128699,720575940622493260,40,set_1
720575940619128699,720575940623660558,480,set_1
720575940619128699,720575940626075517,40,set_1
720575940619128699,720575940627275795,48,set_1
720575940619128699,720575940628329546,72,set_1
720575940619128699,720575940628422555,72,set_1
720575940619128699,720575940630893196,560,set_1
720575940619128699,720575940632423394,48,set_1
720575940619128699,720575940632602532,88,set_1
720575940619128699,720575940633165980,64,set_1
720575940619128699,720575940635297911,272,set_1
720575940619128699,720575940636541285,40,set_1
720575940619128699,720575940637936710,40,set_1
720575940619128699,720575940638419534,576,set_1
720575940619128699,720575940639993819,128,set_1
720575940619128699,720575940641590491,72,set_1
720575940619414321,720575940610356849,7,set_1
720575940619414321,720575940614572542,20,set_1
720575940619414321,720575940616153371,9,set_1
720575940619414321,720575940616615453,5,set_1
720575940619414321,720575940618385718,11,set_1
720575940619414321,720575940622872870,9,set_1
720575940619414321,720575940623011845,14,set_1
720575940619414321,720575940623044103,27,set_1
720575940619414321,720575940623777065,13,set_1
720575940619414321,720575940626015640,19,set_1
720575940619414321,720575940626775824,7,set_1
720575940619414321,720575940627244200,9,set_1
720575940619414321,720575940628422555,6,set_1
720575940619414321,720575940629786998,6,set_1
720575940619414321,720575940631968599,10,set_1
720575940619414321,720575940632828264,10,set_1
720575940619414321,720575940635861146,12,set_1
720575940619414321,720575940636748095,8,set_1
720575940619900507,720575940609913042,64,set_1
720575940619900507,720575940611211417,72,set_1
720575940619900507,720575940614916725,88,set_1
720575940619900507,720575940615076162,72,set_1
720575940619900507,720575940617121819,248,set_1
720575940619900507,720575940618788944,264,set_1
720575940619900507,720575940619111515,56,set_1
720575940619900507,720575940621689880,64,set_1
720575940619900507,720575940621818790,104,set_1
720575940619900507,720575940623097853,64,set_1
720575940619900507,720575940623660558,64,set_1
720575940619900507,720575940623834300,296,set_1
720575940619900507,720575940624216359,56,set_1
720575940619900507,720575940625031610,208,set_1
720575940619900507,720575940625175310,40,set_1
720575940619900507,720575940626983952,264,set_1
720575940619900507,720575940627275795,72,set_1
720575940619900507,720575940627454569,80,set_1
720575940619900507,720575940628131778,48,set_1
720575940619900507,720575940629470838,176,set_1
720575940619900507,720575940630548751,224,set_1
720575940619900507,720575940632602532,248,set_1
720575940619900507,720575940633165980,224,set_1
720575940619900507,720575940633571020,104,set_1
720575940619900507,720575940634887054,40,set_1
720575940619900507,720575940635297911,192,set_1
720575940619900507,720575940637742150,48,set_1
720575940619900507,720575940639786915,40,set_1
720575940619900507,720575940639993819,64,set_1
720575940619900507,720575940649812857,56,set_1
720575940619900507,720575940654057889,240,set_1
720575940619900507,720575940658442625,56,set_1
720575940620451866,720575940617299515,40,set_1
720575940620451866,720575940620262465,60,set_1
720575940620451866,720575940623192781,56,set_1
720575940620451866,720575940639512192,40,set_1
720575940620553094,720575940602353632,63,set_1
720575940620553094,720575940603266592,48,set_1
720575940620553094,720575940603765937,18,set_1
720575940620553094,720575940606279179,18,set_1
720575940620553094,720575940606343945,24,set_1
720575940620553094,720575940606526421,15,set_1
720575940620553094,720575940608787413,93,set_1
720575940620553094,720575940608900050,15,set_1
720575940620553094,720575940610481370,42,set_1
720575940620553094,720575940610483162,105,set_1
720575940620553094,720575940610683315,63,set_1
720575940620553094,720575940610773090,45,set_1
720575940620553094,720575940611756723,27,set_1
720575940620553094,720575940611849178,132,set_1
720575940620553094,720575940612920386,135,set_1
720575940620553094,720575940613061118,54,set_1
720575940620553094,720575940613527789,33,set_1
720575940620553094,720575940614211295,84,set_1
720575940620553094,720575940614281266,39,set_1
720575940620553094,720575940614799007,36,set_1
720575940620553094,720575940615274425,36,set_1
720575940620553094,720575940615641798,51,set_1
720575940620553094,720575940616616861,30,set_1
720575940620553094,720575940617239197,39,set_1
720575940620553094,720575940617335382,42,set_1
720575940620553094,720575940617433830,27,set_1
720575940620553094,720575940617488477,27,set_1
720575940620553094,720575940617828766,198,set_1
720575940620553094,720575940618025199,120,set_1
720575940620553094,720575940618029733,36,set_1
720575940620553094,720575940618788944,30,set_1
720575940620553094,720575940618887217,39,set_1
720575940620553094,720575940619028208,18,set_1
720575940620553094,720575940619072513,60,set_1
720575940620553094,720575940619197093,30,set_1
720575940620553094,720575940619421823,90,set_1
720575940620553094,720575940619625792,24,set_1
720575940620553094,720575940619659861,15,set_1
720575940620553094,720575940619990357,24,set_1
720575940620553094,720575940620031366,45,set_1
720575940620553094,720575940620129182,231,set_1
720575940620553094,720575940620692833,18,set_1
720575940620553094,720575940620797976,24,set_1
720575940620553094,720575940620818029,48,set_1
720575940620553094,720575940621008895,18,set_1
720575940620553094,720575940621082623,21,set_1
720575940620553094,720575940621116073,15,set_1
720575940620553094,720575940621375231,69,set_1
720575940620553094,720575940621647238,27,set_1
720575940620553094,720575940621778381,96,set_1
720575940620553094,720575940621818790,42,set_1
720575940620553094,720575940621898665,72,set_1
720575940620553094,720575940621916952,123,set_1
720575940620553094,720575940621953285,54,set_1
720575940620553094,720575940621957381,27,set_1
720575940620553094,720575940622298631,27,set_1
720575940620553094,720575940622335197,15,set_1
720575940620553094,720575940622346180,228,set_1
720575940620553094,720575940622949820,27,set_1
720575940620553094,720575940623158154,15,set_1
720575940620553094,720575940623183083,96,set_1
720575940620553094,720575940623675367,27,set_1
720575940620553094,720575940624079544,138,set_1
720575940620553094,720575940624266061,189,set_1
720575940620553094,720575940624310345,18,set_1
720575940620553094,720575940624377323,30,set_1
720575940620553094,720575940624433027,36,set_1
720575940620553094,720575940624805765,96,set_1
720575940620553094,720575940624976572,69,set_1
720575940620553094,720575940625032548,21,set_1
720575940620553094,720575940625115422,15,set_1
720575940620553094,720575940625163790,21,set_1
720575940620553094,720575940625298276,15,set_1
720575940620553094,720575940625424871,75,set_1
720575940620553094,720575940625450498,96,set_1
720575940620553094,720575940625696601,21,set_1
720575940620553094,720575940625750105,84,set_1
720575940620553094,720575940625907143,15,set_1
720575940620553094,720575940626015242,228,set_1
720575940620553094,720575940626016017,57,set_1
720575940620553094,720575940626217226,102,set_1
720575940620553094,720575940626217744,18,set_1
720575940620553094,720575940626241636,51,set_1
720575940620553094,720575940626287336,24,set_1
720575940620553094,720575940627402568,96,set_1
720575940620553094,720575940627438906,102,set_1
720575940620553094,720575940627556868,15,set_1
720575940620553094,720575940627578156,48,set_1
720575940620553094,720575940627764780,18,set_1
720575940620553094,720575940627815080,87,set_1
720575940620553094,720575940628198503,132,set_1
720575940620553094,720575940628329546,15,set_1
720575940620553094,720575940628391686,18,set_1
720575940620553094,720575940628436282,21,set_1
720575940620553094,720575940628524150,42,set_1
720575940620553094,720575940628659305,33,set_1
720575940620553094,720575940628686695,15,set_1
720575940620553094,720575940628784066,15,set_1
720575940620553094,720575940628962407,15,set_1
720575940620553094,720575940629009468,225,set_1
720575940620553094,720575940629146711,33,set_1
720575940620553094,720575940629358807,99,set_1
720575940620553094,720575940629481516,72,set_1
720575940620553094,720575940629701451,18,set_1
720575940620553094,720575940629717097,27,set_1
720575940620553094,720575940629837563,45,set_1
720575940620553094,720575940630589036,48,set_1
720575940620553094,720575940630911991,24,set_1
720575940620553094,720575940631082124,90,set_1
720575940620553094,720575940631092943,45,set_1
720575940620553094,720575940631092947,54,set_1
720575940620553094,720575940631204163,90,set_1
720575940620553094,720575940631327739,21,set_1
720575940620553094,720575940631622225,15,set_1
720575940620553094,720575940631639500,36,set_1
720575940620553094,720575940631787693,39,set_1
720575940620553094,720575940631965357,36,set_1
720575940620553094,720575940632423394,21,set_1
720575940620553094,720575940632670156,15,set_1
720575940620553094,720575940632894690,48,set_1
720575940620553094,720575940633075885,24,set_1
720575940620553094,720575940633303988,18,set_1
720575940620553094,720575940633366242,69,set_1
720575940620553094,720575940633791935,30,set_1
720575940620553094,720575940634093337,18,set_1
720575940620553094,720575940634844408,15,set_1
720575940620553094,720575940634859188,18,set_1
720575940620553094,720575940635391845,15,set_1
720575940620553094,720575940635630308,39,set_1
720575940620553094,720575940635807130,57,set_1
720575940620553094,720575940636541285,276,set_1
720575940620553094,720575940636985422,33,set_1
720575940620553094,720575940637507645,93,set_1
720575940620553094,720575940637562469,15,set_1
720575940620553094,720575940637686750,54,set_1
720575940620553094,720575940637742911,30,set_1
720575940620553094,720575940637747519,108,set_1
720575940620553094,720575940638218173,96,set_1
720575940620553094,720575940638312262,18,set_1
720575940620553094,720575940638813016,15,set_1
720575940620553094,720575940639623795,15,set_1
720575940620553094,720575940642088333,36,set_1
720575940620553094,720575940643065032,93,set_1
720575940620553094,720575940643703831,102,set_1
720575940620553094,720575940645084548,21,set_1
720575940620553094,720575940645126020,18,set_1
720575940620553094,720575940645173960,60,set_1
720575940620553094,720575940645743412,54,set_1
720575940620553094,720575940646212996,63,set_1
720575940620553094,720575940646250804,51,set_1
720575940620553094,720575940646663044,18,set_1
720575940620553094,720575940657653633,15,set_1
720575940620553094,720575940660123777,27,set_1
720575940620735258,720575940618118485,28,set_1
720575940620735258,720575940619473624,24,set_1
720575940620735258,720575940625815562,40,set_1
720575940620735258,720575940626668218,28,set_1
720575940620735258,720575940627492866,20,set_1
720575940620735258,720575940628462927,56,set_1
720575940620735258,720575940629548107,20,set_1
720575940620741102,720575940606866377,80,set_1
720575940620741102,720575940610054980,48,set_1
720575940620741102,720575940612208858,102,set_1
720575940620741102,720575940612921571,56,set_1
720575940620741102,720575940613687789,60,set_1
720575940620741102,720575940613825814,32,set_1
720575940620741102,720575940614660519,34,set_1
720575940620741102,720575940615583650,60,set_1
720575940620741102,720575940620025620,16,set_1
720575940620741102,720575940620335269,174,set_1
720575940620741102,720575940620467115,10,set_1
720575940620741102,720575940620627803,14,set_1
720575940620741102,720575940620819659,88,set_1
720575940620741102,720575940621116073,10,set_1
720575940620741102,720575940621150191,22,set_1
720575940620741102,720575940621218694,18,set_1
720575940620741102,720575940621662332,68,set_1
720575940620741102,720575940622810153,40,set_1
720575940620741102,720575940623192781,22,set_1
720575940620741102,720575940623847181,106,set_1
720575940620741102,720575940624404872,10,set_1
720575940620741102,720575940625164558,50,set_1
720575940620741102,720575940625167886,88,set_1
720575940620741102,720575940626279742,46,set_1
720575940620741102,720575940626941080,16,set_1
720575940620741102,720575940627086594,18,set_1
720575940620741102,720575940628598121,26,set_1
720575940620741102,720575940628743752,20,set_1
720575940620741102,720575940628800506,12,set_1
720575940620741102,720575940629778554,28,set_1
720575940620741102,720575940629822842,14,set_1
720575940620741102,720575940630667372,30,set_1
720575940620741102,720575940630868793,16,set_1
720575940620741102,720575940631092943,18,set_1
720575940620741102,720575940631787693,16,set_1
720575940620741102,720575940632118156,48,set_1
720575940620741102,720575940632659404,56,set_1
720575940620741102,720575940634645600,12,set_1
720575940620741102,720575940635179871,130,set_1
720575940620741102,720575940635210859,20,set_1
720575940620741102,720575940635360924,112,set_1
720575940620741102,720575940636165624,44,set_1
720575940620741102,720575940637144944,12,set_1
720575940620741102,720575940639512192,38,set_1
720575940621256384,720575940605890784,20,set_1
720575940621256384,720575940606866377,20,set_1
720575940621256384,720575940607162754,24,set_1
720575940621256384,720575940607377586,28,set_1
720575940621256384,720575940608451420,76,set_1
720575940621256384,720575940609423299,28,set_1
720575940621256384,720575940611151406,20,set_1
720575940621256384,720575940611549902,24,set_1
720575940621256384,720575940612470755,24,set_1
720575940621256384,720575940613825814,56,set_1
720575940621256384,720575940614660519,52,set_1
720575940621256384,720575940615071391,36,set_1
720575940621256384,720575940615582111,24,set_1
720575940621256384,720575940615671106,40,set_1
720575940621256384,720575940615672130,20,set_1
720575940621256384,720575940616014092,20,set_1
720575940621256384,720575940616194610,20,set_1
720575940621256384,720575940616848214,88,set_1
720575940621256384,720575940618165787,20,set_1
720575940621256384,720575940618166811,20,set_1
720575940621256384,720575940619877396,20,set_1
720575940621256384,720575940620129182,20,set_1
720575940621256384,720575940620262465,280,set_1
720575940621256384,720575940620274085,24,set_1
720575940621256384,720575940620353300,76,set_1
720575940621256384,720575940620359956,136,set_1
720575940621256384,720575940620633947,40,set_1
720575940621256384,720575940620819659,40,set_1
720575940621256384,720575940620982437,60,set_1
720575940621256384,720575940622054753,20,set_1
720575940621256384,720575940622348156,28,set_1
720575940621256384,720575940622734106,20,set_1
720575940621256384,720575940623192781,56,set_1
720575940621256384,720575940623449382,136,set_1
720575940621256384,720575940623535044,36,set_1
720575940621256384,720575940623847181,56,set_1
720575940621256384,720575940624023188,40,set_1
720575940621256384,720575940624987175,24,set_1
720575940621256384,720575940625167886,40,set_1
720575940621256384,720575940625867056,40,set_1
720575940621256384,720575940625873560,28,set_1
720575940621256384,720575940626626597,48,set_1
720575940621256384,720575940626668218,172,set_1
720575940621256384,720575940626826288,24,set_1
720575940621256384,720575940626960536,20,set_1
720575940621256384,720575940627086594,40,set_1
720575940621256384,720575940627107721,24,set_1
720575940621256384,720575940627182217,24,set_1
720575940621256384,720575940627429907,32,set_1
720575940621256384,720575940627739023,44,set_1
720575940621256384,720575940627847752,28,set_1
720575940621256384,720575940628780309,20,set_1
720575940621256384,720575940629888530,28,set_1
720575940621256384,720575940630461660,48,set_1
720575940621256384,720575940630470391,28,set_1
720575940621256384,720575940630589036,28,set_1
720575940621256384,720575940630674038,28,set_1
720575940621256384,720575940630991311,136,set_1
720575940621256384,720575940631293202,84,set_1
720575940621256384,720575940631349335,68,set_1
720575940621256384,720575940631994728,44,set_1
720575940621256384,720575940631997032,36,set_1
720575940621256384,720575940632365905,24,set_1
720575940621256384,720575940632486969,52,set_1
720575940621256384,720575940632640287,36,set_1
720575940621256384,720575940632659404,112,set_1
720575940621256384,720575940632839763,24,set_1
720575940621256384,720575940633065901,20,set_1
720575940621256384,720575940633315921,24,set_1
720575940621256384,720575940633941293,212,set_1
720575940621256384,720575940634782359,20,set_1
720575940621256384,720575940635179871,20,set_1
720575940621256384,720575940638103349,88,set_1
720575940621256384,720575940639831459,32,set_1
720575940621256384,720575940641648091,56,set_1
720575940621256384,720575940642910152,56,set_1
720575940621256384,720575940644666148,24,set_1
720575940621256384,720575940644669732,48,set_1
720575940621256384,720575940647030324,32,set_1
720575940621736669,720575940606866377,24,set_1
720575940621736669,720575940609592270,48,set_1
720575940621736669,720575940610000964,124,set_1
720575940621736669,720575940610916465,120,set_1
720575940621736669,720575940611991830,48,set_1
720575940621736669,720575940612692633,92,set_1
720575940621736669,720575940613133718,60,set_1
720575940621736669,720575940613670893,24,set_1
720575940621736669,720575940614916725,20,set_1
720575940621736669,720575940615296818,48,set_1
720575940621736669,720575940617663537,20,set_1
720575940621736669,720575940618791515,60,set_1
720575940621736669,720575940619473624,100,set_1
720575940621736669,720575940620096171,32,set_1
720575940621736669,720575940620467115,116,set_1
720575940621736669,720575940620780272,124,set_1
720575940621736669,720575940621345012,56,set_1
720575940621736669,720575940621913513,48,set_1
720575940621736669,720575940622839786,44,set_1
720575940621736669,720575940623192781,328,set_1
720575940621736669,720575940623737525,108,set_1
720575940621736669,720575940624528740,156,set_1
720575940621736669,720575940624532408,44,set_1
720575940621736669,720575940625102692,432,set_1
720575940621736669,720575940625172016,20,set_1
720575940621736669,720575940625178768,164,set_1
720575940621736669,720575940625601594,68,set_1
720575940621736669,720575940626021052,20,set_1
720575940621736669,720575940626308697,44,set_1
720575940621736669,720575940626449158,40,set_1
720575940621736669,720575940626870846,44,set_1
720575940621736669,720575940626972568,32,set_1
720575940621736669,720575940627826929,24,set_1
720575940621736669,720575940628590697,120,set_1
720575940621736669,720575940628857850,36,set_1
720575940621736669,720575940629370844,440,set_1
720575940621736669,720575940629764906,24,set_1
720575940621736669,720575940630548751,28,set_1
720575940621736669,720575940630771449,140,set_1
720575940621736669,720575940635179871,40,set_1
720575940621736669,720575940637790527,24,set_1
720575940621736669,720575940638663221,84,set_1
720575940621736669,720575940639068605,36,set_1
720575940621736669,720575940639813365,40,set_1
720575940621736669,720575940642428045,72,set_1
720575940621736669,720575940647033396,80,set_1
720575940621736669,720575940648055673,20,set_1
720575940621736669,720575940651601910,48,set_1
720575940621736669,720575940654057889,24,set_1
720575940622123144,720575940606388146,56,set_1
720575940622123144,720575940611211417,56,set_1
720575940622123144,720575940615763174,48,set_1
720575940622123144,720575940616162866,72,set_1
720575940622123144,720575940616616861,88,set_1
720575940622123144,720575940616667186,120,set_1
720575940622123144,720575940619111515,40,set_1
720575940622123144,720575940620627035,56,set_1
720575940622123144,720575940621818790,40,set_1
720575940622123144,720575940621894750,48,set_1
720575940622123144,720575940622466027,40,set_1
720575940622123144,720575940623535044,56,set_1
720575940622123144,720575940623660558,40,set_1
720575940622123144,720575940625172016,40,set_1
720575940622123144,720575940626953561,56,set_1
720575940622123144,720575940627275795,184,set_1
720575940622123144,720575940629470838,40,set_1
720575940622123144,720575940630893196,40,set_1
720575940622123144,720575940632602532,128,set_1
720575940622123144,720575940633941293,184,set_1
720575940622123144,720575940634105439,96,set_1
720575940622123144,720575940635297911,104,set_1
720575940622123144,720575940636541285,120,set_1
720575940622123144,720575940637936710,120,set_1
720575940622123144,720575940639993819,56,set_1
720575940622123144,720575940642428045,72,set_1
720575940622457579,720575940613071313,60,set_1
720575940622457579,720575940613524647,32,set_1
720575940622457579,720575940613845516,44,set_1
720575940622457579,720575940614572542,24,set_1
720575940622457579,720575940615296818,32,set_1
720575940622457579,720575940619111515,20,set_1
720575940622457579,720575940619866059,240,set_1
720575940622457579,720575940621057159,40,set_1
720575940622457579,720575940622284947,248,set_1
720575940622457579,720575940622509565,40,set_1
720575940622457579,720575940623777065,24,set_1
720575940622457579,720575940624079288,44,set_1
720575940622457579,720575940625470526,20,set_1
720575940622457579,720575940625728089,28,set_1
720575940622457579,720575940626775824,144,set_1
720575940622457579,720575940626870846,64,set_1
720575940622457579,720575940627113544,72,set_1
720575940622457579,720575940627478171,24,set_1
720575940622457579,720575940627713040,68,set_1
720575940622457579,720575940629285879,176,set_1
720575940622457579,720575940630005622,140,set_1
720575940622457579,720575940632407826,32,set_1
720575940622457579,720575940632998028,96,set_1
720575940622457579,720575940633919992,28,set_1
720575940622457579,720575940637072350,32,set_1
720575940622457579,720575940639040675,124,set_1
720575940622457579,720575940639227224,244,set_1
720575940622457579,720575940643041992,76,set_1
720575940622519156,720575940605694240,44,set_1
720575940622519156,720575940607345586,136,set_1
720575940622519156,720575940609133269,124,set_1
720575940622519156,720575940613640685,36,set_1
720575940622519156,720575940616194610,20,set_1
720575940622519156,720575940617636725,20,set_1
720575940622519156,720575940622348156,24,set_1
720575940622519156,720575940622415948,48,set_1
720575940622519156,720575940625875504,44,set_1
720575940622519156,720575940625978882,20,set_1
720575940622519156,720575940627828296,20,set_1
720575940622519156,720575940628743752,120,set_1
720575940622519156,720575940629778554,68,set_1
720575940622519156,720575940630182972,28,set_1
720575940622519156,720575940630232380,40,set_1
720575940622519156,720575940630589036,132,set_1
720575940622519156,720575940631299090,176,set_1
720575940622519156,720575940631999080,20,set_1
720575940622519156,720575940633373651,24,set_1
720575940622519156,720575940635212143,36,set_1
720575940622519156,720575940644672548,40,set_1
720575940622519156,720575940647030580,20,set_1
720575940622519156,720575940661338497,32,set_1
720575940622661095,720575940613640685,20,set_1
720575940622661095,720575940618118485,20,set_1
720575940622661095,720575940623758377,20,set_1
720575940622661095,720575940623853837,20,set_1
720575940622661095,720575940624454221,24,set_1
720575940622661095,720575940626668218,92,set_1
720575940622661095,720575940628462927,24,set_1
720575940622661095,720575940639813365,20,set_1
720575940622661095,720575940660220289,28,set_1
720575940622688765,720575940621957381,25,set_1
720575940622688765,720575940627815080,40,set_1
720575940622688765,720575940632873261,135,set_1
720575940622688765,720575940639512192,85,set_1
720575940622688765,720575940647963513,25,set_1
720575940622732253,720575940609521250,5,set_1
720575940622732253,720575940609592270,34,set_1
720575940622732253,720575940610916465,5,set_1
720575940622732253,720575940611160930,8,set_1
720575940622732253,720575940611366058,8,set_1
720575940622732253,720575940611812050,7,set_1
720575940622732253,720575940612235747,5,set_1
720575940622732253,720575940612308776,5,set_1
720575940622732253,720575940612692633,32,set_1
720575940622732253,720575940613670893,5,set_1
720575940622732253,720575940613687789,18,set_1
720575940622732253,720575940615052812,12,set_1
720575940622732253,720575940615296818,9,set_1
720575940622732253,720575940615406590,36,set_1
720575940622732253,720575940615811670,18,set_1
720575940622732253,720575940616200790,6,set_1
720575940622732253,720575940617835313,5,set_1
720575940622732253,720575940618609317,5,set_1
720575940622732253,720575940619473624,138,set_1
720575940622732253,720575940619658576,9,set_1
720575940622732253,720575940620170887,20,set_1
720575940622732253,720575940620780272,154,set_1
720575940622732253,720575940621150191,7,set_1
720575940622732253,720575940621913513,8,set_1
720575940622732253,720575940622284947,12,set_1
720575940622732253,720575940622348156,10,set_1
720575940622732253,720575940622520908,7,set_1
720575940622732253,720575940623164941,5,set_1
720575940622732253,720575940623192781,123,set_1
720575940622732253,720575940623847181,32,set_1
720575940622732253,720575940624528740,9,set_1
720575940622732253,720575940624530372,7,set_1
720575940622732253,720575940625178768,5,set_1
720575940622732253,720575940626308697,20,set_1
720575940622732253,720575940626456081,7,set_1
720575940622732253,720575940626972568,10,set_1
720575940622732253,720575940627004459,18,set_1
720575940622732253,720575940628936898,6,set_1
720575940622732253,720575940629878479,7,set_1
720575940622732253,720575940630667372,7,set_1
720575940622732253,720575940630771449,73,set_1
720575940622732253,720575940631997032,6,set_1
720575940622732253,720575940632602532,6,set_1
720575940622732253,720575940632659404,11,set_1
720575940622732253,720575940632998028,9,set_1
720575940622732253,720575940633277209,6,set_1
720575940622732253,720575940635184735,5,set_1
720575940622732253,720575940643569518,6,set_1
720575940622732253,720575940644666660,5,set_1
720575940622732253,720575940647030324,13,set_1
720575940622732253,720575940647033396,7,set_1
720575940622732253,720575940654185377,9,set_1
720575940623004552,720575940611812050,28,set_1
720575940623004552,720575940613687789,32,set_1
720575940623004552,720575940617488477,96,set_1
720575940623004552,720575940617854676,32,set_1
720575940623004552,720575940623207885,20,set_1
720575940623004552,720575940623675367,24,set_1
720575940623004552,720575940628787016,20,set_1
720575940623004552,720575940639512192,60,set_1
720575940623066893,720575940609133269,24,set_1
720575940623066893,720575940613563117,112,set_1
720575940623066893,720575940613640685,28,set_1
720575940623066893,720575940617636725,56,set_1
720575940623066893,720575940620025620,24,set_1
720575940623066893,720575940622810153,44,set_1
720575940623066893,720575940623449382,28,set_1
720575940623066893,720575940625172016,40,set_1
720575940623066893,720575940625875504,104,set_1
720575940623066893,720575940626557186,84,set_1
720575940623066893,720575940627828296,164,set_1
720575940623066893,720575940628668009,24,set_1
720575940623066893,720575940628743752,152,set_1
720575940623066893,720575940629677417,24,set_1
720575940623066893,720575940629778554,88,set_1
720575940623066893,720575940630232380,28,set_1
720575940623066893,720575940630806267,24,set_1
720575940623066893,720575940631999080,76,set_1
720575940623066893,720575940632281927,48,set_1
720575940623066893,720575940632304711,64,set_1
720575940623066893,720575940633213792,48,set_1
720575940623066893,720575940633373651,144,set_1
720575940623066893,720575940639972816,24,set_1
720575940623066893,720575940661338497,96,set_1
720575940623154712,720575940603266592,13,set_1
720575940623154712,720575940606239666,6,set_1
720575940623154712,720575940606866377,6,set_1
720575940623154712,720575940607253170,16,set_1
720575940623154712,720575940608295689,7,set_1
720575940623154712,720575940609306563,15,set_1
720575940623154712,720575940609913042,22,set_1
720575940623154712,720575940610611246,16,set_1
720575940623154712,720575940610649442,11,set_1
720575940623154712,720575940610916465,8,set_1
720575940623154712,720575940611106453,10,set_1
720575940623154712,720575940611168921,16,set_1
720575940623154712,720575940611211417,21,set_1
720575940623154712,720575940611678181,7,set_1
720575940623154712,720575940611849178,7,set_1
720575940623154712,720575940612019569,36,set_1
720575940623154712,720575940612582514,13,set_1
720575940623154712,720575940612738197,6,set_1
720575940623154712,720575940613106582,9,set_1
720575940623154712,720575940613825814,18,set_1
720575940623154712,720575940614734186,15,set_1
720575940623154712,720575940614830239,121,set_1
720575940623154712,720575940616163701,8,set_1
720575940623154712,720575940616264788,12,set_1
720575940623154712,720575940617151266,10,set_1
720575940623154712,720575940617299515,73,set_1
720575940623154712,720575940617854676,12,set_1
720575940623154712,720575940618887217,10,set_1
720575940623154712,720575940619072513,6,set_1
720575940623154712,720575940619103435,15,set_1
720575940623154712,720575940619155403,14,set_1
720575940623154712,720575940619473624,10,set_1
720575940623154712,720575940619658576,18,set_1
720575940623154712,720575940619793940,6,set_1
720575940623154712,720575940619928929,73,set_1
720575940623154712,720575940620129182,8,set_1
720575940623154712,720575940620359956,17,set_1
720575940623154712,720575940620692833,5,set_1
720575940623154712,720575940620692974,34,set_1
720575940623154712,720575940620780272,35,set_1
720575940623154712,720575940621345012,13,set_1
720575940623154712,720575940621647238,5,set_1
720575940623154712,720575940621898665,7,set_1
720575940623154712,720575940622335197,8,set_1
720575940623154712,720575940622520908,19,set_1
720575940623154712,720575940622585224,11,set_1
720575940623154712,720575940622743309,11,set_1
720575940623154712,720575940622853011,6,set_1
720575940623154712,720575940622863287,31,set_1
720575940623154712,720575940623183083,6,set_1
720575940623154712,720575940623617973,7,set_1
720575940623154712,720575940623660558,17,set_1
720575940623154712,720575940623843145,9,set_1
720575940623154712,720575940624310676,19,set_1
720575940623154712,720575940624427466,6,set_1
720575940623154712,720575940624528740,36,set_1
720575940623154712,720575940624976572,11,set_1
720575940623154712,720575940625310014,7,set_1
720575940623154712,720575940625450498,21,set_1
720575940623154712,720575940625696601,7,set_1
720575940623154712,720575940625867056,9,set_1
720575940623154712,720575940626217226,22,set_1
720575940623154712,720575940626767152,6,set_1
720575940623154712,720575940626972568,12,set_1
720575940623154712,720575940627004459,28,set_1
720575940623154712,720575940627402568,8,set_1
720575940623154712,720575940627438906,13,set_1
720575940623154712,720575940627444490,11,set_1
720575940623154712,720575940627454569,24,set_1
720575940623154712,720575940627815080,17,set_1
720575940623154712,720575940628504081,8,set_1
720575940623154712,720575940628616271,11,set_1
720575940623154712,720575940628680553,10,set_1
720575940623154712,720575940628825210,5,set_1
720575940623154712,720575940628891774,17,set_1
720575940623154712,720575940629112887,6,set_1
720575940623154712,720575940629358807,7,set_1
720575940623154712,720575940629370844,35,set_1
720575940623154712,720575940629878479,16,set_1
720575940623154712,720575940630182972,8,set_1
720575940623154712,720575940630229007,5,set_1
720575940623154712,720575940630589036,11,set_1
720575940623154712,720575940630597839,9,set_1
720575940623154712,720575940630702789,14,set_1
720575940623154712,720575940630867148,7,set_1
720575940623154712,720575940630893196,17,set_1
720575940623154712,720575940631069255,14,set_1
720575940623154712,720575940631204163,25,set_1
720575940623154712,720575940631331855,5,set_1
720575940623154712,720575940631349335,6,set_1
720575940623154712,720575940631366061,7,set_1
720575940623154712,720575940631622225,5,set_1
720575940623154712,720575940632146340,7,set_1
720575940623154712,720575940632302161,16,set_1
720575940623154712,720575940632467923,11,set_1
720575940623154712,720575940632998028,6,set_1
720575940623154712,720575940633017903,5,set_1
720575940623154712,720575940633165980,10,set_1
720575940623154712,720575940633455073,14,set_1
720575940623154712,720575940633518176,7,set_1
720575940623154712,720575940634085786,8,set_1
720575940623154712,720575940635239672,41,set_1
720575940623154712,720575940636895406,27,set_1
720575940623154712,720575940637130985,24,set_1
720575940623154712,720575940637580102,10,set_1
720575940623154712,720575940637650522,9,set_1
720575940623154712,720575940637747519,8,set_1
720575940623154712,720575940638419534,15,set_1
720575940623154712,720575940638638670,5,set_1
720575940623154712,720575940638813016,10,set_1
720575940623154712,720575940639555928,5,set_1
720575940623154712,720575940640601563,60,set_1
720575940623154712,720575940643065032,5,set_1
720575940623154712,720575940644157988,11,set_1
720575940623154712,720575940644676900,13,set_1
720575940623154712,720575940645108936,6,set_1
720575940623154712,720575940645743412,7,set_1
720575940623154712,720575940646736772,17,set_1
720575940623154712,720575940647033396,6,set_1
720575940623154712,720575940647084164,8,set_1
720575940623154712,720575940658442625,43,set_1
720575940623261675,720575940609937476,28,set_1
720575940623261675,720575940611366058,56,set_1
720575940623261675,720575940613004402,20,set_1
720575940623261675,720575940613640685,20,set_1
720575940623261675,720575940616018956,52,set_1
720575940623261675,720575940619016059,28,set_1
720575940623261675,720575940620292116,32,set_1
720575940623261675,720575940625875504,24,set_1
720575940623261675,720575940627419962,60,set_1
720575940623261675,720575940627828296,60,set_1
720575940623261675,720575940628743752,140,set_1
720575940623261675,720575940629778554,96,set_1
720575940623261675,720575940631092943,96,set_1
720575940623261675,720575940631999080,44,set_1
720575940623261675,720575940632281927,64,set_1
720575940623261675,720575940632304711,36,set_1
720575940623261675,720575940632727756,44,set_1
720575940623261675,720575940633213792,64,set_1
720575940623261675,720575940636165624,20,set_1
720575940623261675,720575940639756093,20,set_1
720575940623261675,720575940647030580,24,set_1
720575940623261675,720575940660224641,32,set_1
720575940623261675,720575940661338497,28,set_1
720575940623381286,720575940607162754,100,set_1
720575940623381286,720575940607375794,10,set_1
720575940623381286,720575940608451420,16,set_1
720575940623381286,720575940609993284,40,set_1
720575940623381286,720575940611167842,184,set_1
720575940623381286,720575940615672130,22,set_1
720575940623381286,720575940616194610,34,set_1
720575940623381286,720575940617678566,10,set_1
720575940623381286,720575940618514043,68,set_1
720575940623381286,720575940619058334,18,set_1
720575940623381286,720575940620156209,150,set_1
720575940623381286,720575940620353300,54,set_1
720575940623381286,720575940621833281,32,set_1
720575940623381286,720575940622054753,32,set_1
720575940623381286,720575940623676394,150,set_1
720575940623381286,720575940623918121,46,set_1
720575940623381286,720575940624461576,10,set_1
720575940623381286,720575940624986300,32,set_1
720575940623381286,720575940626960536,42,set_1
720575940623381286,720575940627107721,88,set_1
720575940623381286,720575940627418387,72,set_1
720575940623381286,720575940627429907,76,set_1
720575940623381286,720575940628070419,26,set_1
720575940623381286,720575940629377218,10,set_1
720575940623381286,720575940630232380,10,set_1
720575940623381286,720575940630579574,10,set_1
720575940623381286,720575940630691958,112,set_1
720575940623381286,720575940630839371,16,set_1
720575940623381286,720575940631092943,64,set_1
720575940623381286,720575940631293202,40,set_1
720575940623381286,720575940631328763,14,set_1
720575940623381286,720575940632486969,110,set_1
720575940623381286,720575940635596212,10,set_1
720575940623381286,720575940638928868,10,set_1
720575940623381286,720575940639831459,40,set_1
720575940623381286,720575940639994456,152,set_1
720575940623381286,720575940641648091,54,set_1
720575940623381286,720575940648188548,44,set_1
720575940623381286,720575940655015329,10,set_1
720575940623381286,720575940660233601,14,set_1
720575940623861962,720575940618118485,56,set_1
720575940623861962,720575940619473624,56,set_1
720575940623861962,720575940626668218,42,set_1
720575940623861962,720575940628462927,98,set_1
720575940624222205,720575940606388146,28,set_1
720575940624222205,720575940614128691,28,set_1
720575940624222205,720575940623535044,68,set_1
720575940624222205,720575940631997032,24,set_1
720575940624222205,720575940633941293,32,set_1
720575940624273149,720575940615495839,30,set_1
720575940624273149,720575940617335382,30,set_1
720575940624273149,720575940619990357,42,set_1
720575940624273149,720575940622348156,48,set_1
720575940624273149,720575940631787693,42,set_1
720575940624273149,720575940633941293,30,set_1
720575940624273149,720575940641536987,36,set_1
720575940624352970,720575940617488477,28,set_1
720575940624352970,720575940617854676,52,set_1
720575940624352970,720575940620780272,40,set_1
720575940624352970,720575940623192781,36,set_1
720575940624352970,720575940623675367,40,set_1
720575940624352970,720575940639512192,60,set_1
720575940624352970,720575940642910152,44,set_1
720575940624928284,720575940606254002,80,set_1
720575940624928284,720575940606866377,44,set_1
720575940624928284,720575940609425874,20,set_1
720575940624928284,720575940609913042,24,set_1
720575940624928284,720575940610232274,32,set_1
720575940624928284,720575940610611246,76,set_1
720575940624928284,720575940611018714,100,set_1
720575940624928284,720575940611211417,20,set_1
720575940624928284,720575940612277090,20,set_1
720575940624928284,720575940615296818,264,set_1
720575940624928284,720575940616562150,72,set_1
720575940624928284,720575940616971035,72,set_1
720575940624928284,720575940617151266,36,set_1
720575940624928284,720575940617539355,96,set_1
720575940624928284,720575940617755220,48,set_1
720575940624928284,720575940618165787,140,set_1
720575940624928284,720575940619111515,48,set_1
720575940624928284,720575940619473624,44,set_1
720575940624928284,720575940619549867,48,set_1
720575940624928284,720575940620008112,20,set_1
720575940624928284,720575940620129182,68,set_1
720575940624928284,720575940620359956,60,set_1
720575940624928284,720575940620550534,20,set_1
720575940624928284,720575940620780272,28,set_1
720575940624928284,720575940621329328,44,set_1
720575940624928284,720575940621345012,220,set_1
720575940624928284,720575940621898665,40,set_1
720575940624928284,720575940622236671,52,set_1
720575940624928284,720575940622474899,24,set_1
720575940624928284,720575940623097853,40,set_1
720575940624928284,720575940623535044,44,set_1
720575940624928284,720575940624528740,20,set_1
720575940624928284,720575940624976572,40,set_1
720575940624928284,720575940625424871,24,set_1
720575940624928284,720575940625450498,28,set_1
720575940624928284,720575940625615705,112,set_1
720575940624928284,720575940625752778,20,set_1
720575940624928284,720575940625799513,20,set_1
720575940624928284,720575940625813140,52,set_1
720575940624928284,720575940626870846,44,set_1
720575940624928284,720575940626974737,44,set_1
720575940624928284,720575940627004459,80,set_1
720575940624928284,720575940627359109,24,set_1
720575940624928284,720575940627397263,28,set_1
720575940624928284,720575940628319899,40,set_1
720575940624928284,720575940628673474,80,set_1
720575940624928284,720575940628936898,32,set_1
720575940624928284,720575940629098028,20,set_1
720575940624928284,720575940629111490,20,set_1
720575940624928284,720575940629207963,108,set_1
720575940624928284,720575940629878479,56,set_1
720575940624928284,720575940630182972,68,set_1
720575940624928284,720575940630229007,52,set_1
720575940624928284,720575940630548751,36,set_1
720575940624928284,720575940630589036,20,set_1
720575940624928284,720575940630893196,28,set_1
720575940624928284,720575940631106664,56,set_1
720575940624928284,720575940631204163,28,set_1
720575940624928284,720575940631284511,44,set_1
720575940624928284,720575940631643532,20,set_1
720575940624928284,720575940633571020,92,set_1
720575940624928284,720575940633791935,100,set_1
720575940624928284,720575940637165028,28,set_1
720575940624928284,720575940637232447,40,set_1
720575940624928284,720575940637296356,96,set_1
720575940624928284,720575940637686750,32,set_1
720575940624928284,720575940638419534,40,set_1
720575940624928284,720575940638608803,92,set_1
720575940624928284,720575940639206077,224,set_1
720575940624928284,720575940639786915,44,set_1
720575940624928284,720575940641284853,84,set_1
720575940624928284,720575940644750116,136,set_1
720575940624928284,720575940648864633,48,set_1
720575940624928284,720575940654057889,36,set_1
720575940625081290,720575940617854676,60,set_1
720575940625081290,720575940620780272,66,set_1
720575940625081290,720575940623192781,42,set_1
720575940625081290,720575940623675367,42,set_1
720575940625081290,720575940626735100,36,set_1
720575940625081290,720575940639512192,36,set_1
720575940625081290,720575940642910152,108,set_1
720575940625147645,720575940606149321,60,set_1
720575940625147645,720575940608545219,18,set_1
720575940625147645,720575940609970090,30,set_1
720575940625147645,720575940614062503,27,set_1
720575940625147645,720575940614150567,21,set_1
720575940625147645,720575940617591687,15,set_1
720575940625147645,720575940619034782,18,set_1
720575940625147645,720575940623507273,15,set_1
720575940625147645,720575940623636957,15,set_1
720575940625147645,720575940623865417,18,set_1
720575940625147645,720575940623982323,27,set_1
720575940625147645,720575940624712206,15,set_1
720575940625147645,720575940625952186,39,set_1
720575940625147645,720575940629531351,30,set_1
720575940625147645,720575940629539628,30,set_1
720575940625147645,720575940631842360,33,set_1
720575940625147645,720575940633906076,15,set_1
720575940625147645,720575940637098352,15,set_1
720575940625339981,720575940615197747,6,set_1
720575940625339981,720575940616200790,13,set_1
720575940625339981,720575940617488477,16,set_1
720575940625339981,720575940617854676,40,set_1
720575940625339981,720575940618165787,10,set_1
720575940625339981,720575940619473624,8,set_1
720575940625339981,720575940620031366,5,set_1
720575940625339981,720575940620780272,70,set_1
720575940625339981,720575940621332092,7,set_1
720575940625339981,720575940623017989,12,set_1
720575940625339981,720575940624528740,9,set_1
720575940625339981,720575940628787016,11,set_1
720575940625339981,720575940630461660,20,set_1
720575940625339981,720575940647030324,77,set_1
720575940625807152,720575940608370645,21,set_1
720575940625807152,720575940610004437,39,set_1
720575940625807152,720575940610611246,7,set_1
720575940625807152,720575940610615013,13,set_1
720575940625807152,720575940611157746,9,set_1
720575940625807152,720575940611958994,5,set_1
720575940625807152,720575940612019569,45,set_1
720575940625807152,720575940612606105,41,set_1
720575940625807152,720575940615063592,16,set_1
720575940625807152,720575940617151266,15,set_1
720575940625807152,720575940617678566,6,set_1
720575940625807152,720575940617787963,11,set_1
720575940625807152,720575940617833265,32,set_1
720575940625807152,720575940618165787,8,set_1
720575940625807152,720575940618889931,12,set_1
720575940625807152,720575940620129182,19,set_1
720575940625807152,720575940620692974,56,set_1
720575940625807152,720575940621827419,5,set_1
720575940625807152,720575940621928453,8,set_1
720575940625807152,720575940622415948,26,set_1
720575940625807152,720575940622853258,8,set_1
720575940625807152,720575940622863287,54,set_1
720575940625807152,720575940623133223,38,set_1
720575940625807152,720575940624404872,6,set_1
720575940625807152,720575940624466440,8,set_1
720575940625807152,720575940624607076,13,set_1
720575940625807152,720575940624882407,67,set_1
720575940625807152,720575940624913959,7,set_1
720575940625807152,720575940625002936,13,set_1
720575940625807152,720575940626557186,6,set_1
720575940625807152,720575940626583836,7,set_1
720575940625807152,720575940626960536,33,set_1
720575940625807152,720575940627275795,9,set_1
720575940625807152,720575940627418387,7,set_1
720575940625807152,720575940628070419,6,set_1
720575940625807152,720575940628119127,27,set_1
720575940625807152,720575940628319899,33,set_1
720575940625807152,720575940628436282,15,set_1
720575940625807152,720575940628680553,23,set_1
720575940625807152,720575940628973827,10,set_1
720575940625807152,720575940629098028,5,set_1
720575940625807152,720575940629111490,66,set_1
720575940625807152,720575940629422183,9,set_1
720575940625807152,720575940629778554,5,set_1
720575940625807152,720575940630470391,11,set_1
720575940625807152,720575940630683385,6,set_1
720575940625807152,720575940631299090,5,set_1
720575940625807152,720575940632596449,5,set_1
720575940625807152,720575940633762714,5,set_1
720575940625807152,720575940634699119,6,set_1
720575940625807152,720575940637936710,17,set_1
720575940625807152,720575940638360960,10,set_1
720575940625807152,720575940639769715,5,set_1
720575940625807152,720575940640554045,5,set_1
720575940625807152,720575940641284853,8,set_1
720575940625807152,720575940643867296,5,set_1
720575940625807152,720575940644464544,6,set_1
720575940625807152,720575940647060532,6,set_1
720575940626185353,720575940605694240,42,set_1
720575940626185353,720575940607345586,21,set_1
720575940626185353,720575940609133269,63,set_1
720575940626185353,720575940610000964,99,set_1
720575940626185353,720575940613433519,15,set_1
720575940626185353,720575940613563117,72,set_1
720575940626185353,720575940613943215,48,set_1
720575940626185353,720575940617787963,21,set_1
720575940626185353,720575940619658576,21,set_1
720575940626185353,720575940620262465,75,set_1
720575940626185353,720575940620778223,42,set_1
720575940626185353,720575940621116073,18,set_1
720575940626185353,720575940622415948,138,set_1
720575940626185353,720575940623132621,15,set_1
720575940626185353,720575940625175054,18,set_1
720575940626185353,720575940626557186,39,set_1
720575940626185353,720575940626826288,27,set_1
720575940626185353,720575940626960536,153,set_1
720575940626185353,720575940628319899,39,set_1
720575940626185353,720575940628686695,48,set_1
720575940626185353,720575940628743752,24,set_1
720575940626185353,720575940630182972,87,set_1
720575940626185353,720575940630589036,213,set_1
720575940626185353,720575940631299090,120,set_1
720575940626185353,720575940631588772,15,set_1
720575940626185353,720575940631983464,15,set_1
720575940626185353,720575940632134227,24,set_1
720575940626185353,720575940635212143,30,set_1
720575940626185353,720575940637360730,21,set_1
720575940626185353,720575940639826339,18,set_1
720575940626185353,720575940642428045,36,set_1
720575940626185353,720575940661338497,30,set_1
720575940626243428,720575940606866377,39,set_1
720575940626243428,720575940610054980,81,set_1
720575940626243428,720575940610846306,7,set_1
720575940626243428,720575940611548878,7,set_1
720575940626243428,720575940612261603,6,set_1
720575940626243428,720575940612692889,11,set_1
720575940626243428,720575940614660519,21,set_1
720575940626243428,720575940614736290,10,set_1
720575940626243428,720575940616018956,7,set_1
720575940626243428,720575940619011494,7,set_1
720575940626243428,720575940619990357,6,set_1
720575940626243428,720575940620025620,7,set_1
720575940626243428,720575940620335269,43,set_1
720575940626243428,720575940620359956,6,set_1
720575940626243428,720575940620467115,5,set_1
720575940626243428,720575940620627803,8,set_1
720575940626243428,720575940620819659,27,set_1
720575940626243428,720575940621218694,12,set_1
720575940626243428,720575940621662332,43,set_1
720575940626243428,720575940621833281,21,set_1
720575940626243428,720575940622122083,5,set_1
720575940626243428,720575940622810153,46,set_1
720575940626243428,720575940623696362,5,set_1
720575940626243428,720575940625164558,28,set_1
720575940626243428,720575940625167886,39,set_1
720575940626243428,720575940626279742,23,set_1
720575940626243428,720575940627086594,32,set_1
720575940626243428,720575940628598121,27,set_1
720575940626243428,720575940629548107,5,set_1
720575940626243428,720575940629778554,13,set_1
720575940626243428,720575940629822842,35,set_1
720575940626243428,720575940630667372,52,set_1
720575940626243428,720575940631092943,14,set_1
720575940626243428,720575940631787693,17,set_1
720575940626243428,720575940631923304,9,set_1
720575940626243428,720575940631994728,5,set_1
720575940626243428,720575940632118156,16,set_1
720575940626243428,720575940632659404,71,set_1
720575940626243428,720575940632732217,26,set_1
720575940626243428,720575940634085983,6,set_1
720575940626243428,720575940634645600,19,set_1
720575940626243428,720575940635179871,60,set_1
720575940626243428,720575940635210859,11,set_1
720575940626243428,720575940635360924,9,set_1
720575940626243428,720575940635642725,5,set_1
720575940626243428,720575940636165624,46,set_1
720575940626243428,720575940637144944,9,set_1
720575940626243428,720575940639813365,5,set_1
720575940626243428,720575940643867296,10,set_1
720575940626243428,720575940655011489,8,set_1
720575940626348106,720575940612289010,22,set_1
720575940626348106,720575940612984981,22,set_1
720575940626348106,720575940625172016,42,set_1
720575940626348106,720575940626999464,20,set_1
720575940626348106,720575940628149763,12,set_1
720575940626348106,720575940628386295,16,set_1
720575940626348106,720575940630034231,16,set_1
720575940626348106,720575940630548751,62,set_1
720575940626348106,720575940654057889,54,set_1
720575940626507346,720575940617854676,48,set_1
720575940626507346,720575940622433799,36,set_1
720575940626507346,720575940622810153,66,set_1
720575940626507346,720575940623675367,36,set_1
720575940626507346,720575940625045180,30,set_1
720575940626507346,720575940625172016,36,set_1
720575940626507346,720575940627828040,72,set_1
720575940626507346,720575940628743752,78,set_1
720575940626507346,720575940630683385,48,set_1
720575940626507346,720575940631299090,60,set_1
720575940626507346,720575940632998028,30,set_1
720575940626507346,720575940643867296,204,set_1
720575940626507346,720575940646274670,42,set_1
720575940626507346,720575940647030580,36,set_1
720575940626555153,720575940609133269,15,set_1
720575940626555153,720575940610000964,11,set_1
720575940626555153,720575940613527789,5,set_1
720575940626555153,720575940613943215,10,set_1
720575940626555153,720575940617854676,6,set_1
720575940626555153,720575940619658576,6,set_1
720575940626555153,720575940620262465,5,set_1
720575940626555153,720575940620633947,5,set_1
720575940626555153,720575940622054753,5,set_1
720575940626555153,720575940622520908,5,set_1
720575940626555153,720575940623675367,14,set_1
720575940626555153,720575940625045180,39,set_1
720575940626555153,720575940626798736,22,set_1
720575940626555153,720575940628070419,8,set_1
720575940626555153,720575940628345610,10,set_1
720575940626555153,720575940628743752,9,set_1
720575940626555153,720575940630589036,8,set_1
720575940626555153,720575940630771449,7,set_1
720575940626555153,720575940632134227,8,set_1
720575940626555153,720575940637360730,6,set_1
720575940626555153,720575940647030324,56,set_1
720575940626705497,720575940608370645,32,set_1
720575940626705497,720575940609133269,5,set_1
720575940626705497,720575940610000964,7,set_1
720575940626705497,720575940610054980,7,set_1
720575940626705497,720575940610606126,7,set_1
720575940626705497,720575940610611246,40,set_1
720575940626705497,720575940613640685,5,set_1
720575940626705497,720575940613943215,11,set_1
720575940626705497,720575940614954536,5,set_1
720575940626705497,720575940615063592,5,set_1
720575940626705497,720575940616162866,8,set_1
720575940626705497,720575940617678566,19,set_1
720575940626705497,720575940617787963,69,set_1
720575940626705497,720575940618165019,5,set_1
720575940626705497,720575940618165787,9,set_1
720575940626705497,720575940618166811,7,set_1
720575940626705497,720575940619549867,13,set_1
720575940626705497,720575940619658576,6,set_1
720575940626705497,720575940620025620,5,set_1
720575940626705497,720575940620129182,76,set_1
720575940626705497,720575940620170887,17,set_1
720575940626705497,720575940620262465,27,set_1
720575940626705497,720575940620335269,5,set_1
720575940626705497,720575940622018309,6,set_1
720575940626705497,720575940622026245,16,set_1
720575940626705497,720575940622474899,6,set_1
720575940626705497,720575940622810153,20,set_1
720575940626705497,720575940625045180,6,set_1
720575940626705497,720575940625172016,19,set_1
720575940626705497,720575940625175054,7,set_1
720575940626705497,720575940625813140,21,set_1
720575940626705497,720575940625867056,12,set_1
720575940626705497,720575940626960536,8,set_1
720575940626705497,720575940627815080,6,set_1
720575940626705497,720575940628319899,5,set_1
720575940626705497,720575940628598121,33,set_1
720575940626705497,720575940628743752,71,set_1
720575940626705497,720575940628973827,151,set_1
720575940626705497,720575940629778554,21,set_1
720575940626705497,720575940630182972,18,set_1
720575940626705497,720575940630683385,91,set_1
720575940626705497,720575940630771449,11,set_1
720575940626705497,720575940630868793,5,set_1
720575940626705497,720575940632028216,17,set_1
720575940626705497,720575940632118156,46,set_1
720575940626705497,720575940632602532,12,set_1
720575940626705497,720575940633017903,9,set_1
720575940626705497,720575940634645600,23,set_1
720575940626705497,720575940635239672,10,set_1
720575940626705497,720575940635360924,50,set_1
720575940626705497,720575940635527322,5,set_1
720575940626705497,720575940636165624,23,set_1
720575940626705497,720575940639206077,26,set_1
720575940626705497,720575940642428045,21,set_1
720575940626705497,720575940645039383,10,set_1
720575940626705497,720575940647030580,6,set_1
720575940626809109,720575940608368818,18,set_1
720575940626809109,720575940608836291,18,set_1
720575940626809109,720575940609592270,87,set_1
720575940626809109,720575940610232274,18,set_1
720575940626809109,720575940611160930,39,set_1
720575940626809109,720575940611812050,75,set_1
720575940626809109,720575940611988197,42,set_1
720575940626809109,720575940612303102,15,set_1
720575940626809109,720575940612554393,15,set_1
720575940626809109,720575940612692633,249,set_1
720575940626809109,720575940613419506,15,set_1
720575940626809109,720575940613670893,108,set_1
720575940626809109,720575940613687789,102,set_1
720575940626809109,720575940614950194,24,set_1
720575940626809109,720575940615811670,45,set_1
720575940626809109,720575940616200790,42,set_1
720575940626809109,720575940617488477,129,set_1
720575940626809109,720575940617648453,15,set_1
720575940626809109,720575940619176094,18,set_1
720575940626809109,720575940619473624,519,set_1
720575940626809109,720575940620031366,105,set_1
720575940626809109,720575940620780272,591,set_1
720575940626809109,720575940621119367,48,set_1
720575940626809109,720575940621150191,30,set_1
720575940626809109,720575940622284947,21,set_1
720575940626809109,720575940623039838,27,set_1
720575940626809109,720575940623164941,15,set_1
720575940626809109,720575940623192781,48,set_1
720575940626809109,720575940623224555,147,set_1
720575940626809109,720575940623476407,21,set_1
720575940626809109,720575940623579371,18,set_1
720575940626809109,720575940623847181,36,set_1
720575940626809109,720575940624310857,63,set_1
720575940626809109,720575940626021052,15,set_1
720575940626809109,720575940626308697,123,set_1
720575940626809109,720575940627113544,42,set_1
720575940626809109,720575940628462927,15,set_1
720575940626809109,720575940628755815,36,set_1
720575940626809109,720575940630349905,15,set_1
720575940626809109,720575940630667372,81,set_1
720575940626809109,720575940630771449,324,set_1
720575940626809109,720575940631299602,15,set_1
720575940626809109,720575940631901409,27,set_1
720575940626809109,720575940631940377,18,set_1
720575940626809109,720575940632659404,102,set_1
720575940626809109,720575940637144944,81,set_1
720575940626809109,720575940643325581,33,set_1
720575940626809109,720575940645495587,39,set_1
720575940626809109,720575940648864633,33,set_1
720575940626809109,720575940655011489,39,set_1
720575940626809109,720575940660223873,21,set_1
720575940626983684,720575940605040300,17,set_1
720575940626983684,720575940606373321,7,set_1
720575940626983684,720575940610254810,7,set_1
720575940626983684,720575940610457457,8,set_1
720575940626983684,720575940611128782,69,set_1
720575940626983684,720575940611682533,6,set_1
720575940626983684,720575940613253091,14,set_1
720575940626983684,720575940614067507,38,set_1
720575940626983684,720575940614483879,7,set_1
720575940626983684,720575940615379686,6,set_1
720575940626983684,720575940615749051,12,set_1
720575940626983684,720575940615763573,9,set_1
720575940626983684,720575940615770811,7,set_1
720575940626983684,720575940615886534,9,set_1
720575940626983684,720575940616056114,5,set_1
720575940626983684,720575940617443001,8,set_1
720575940626983684,720575940617461204,9,set_1
720575940626983684,720575940617853986,7,set_1
720575940626983684,720575940618142513,18,set_1
720575940626983684,720575940619770608,6,set_1
720575940626983684,720575940619814997,5,set_1
720575940626983684,720575940620892781,5,set_1
720575940626983684,720575940622779519,26,set_1
720575940626983684,720575940623202748,6,set_1
720575940626983684,720575940623636957,57,set_1
720575940626983684,720575940624427466,5,set_1
720575940626983684,720575940624651704,5,set_1
720575940626983684,720575940624911548,36,set_1
720575940626983684,720575940625494792,5,set_1
720575940626983684,720575940626878460,7,set_1
720575940626983684,720575940627110824,12,set_1
720575940626983684,720575940627196691,11,set_1
720575940626983684,720575940628452823,5,set_1
720575940626983684,720575940628561628,11,set_1
720575940626983684,720575940629032603,6,set_1
720575940626983684,720575940629060986,7,set_1
720575940626983684,720575940629943148,5,set_1
720575940626983684,720575940630250860,9,set_1
720575940626983684,720575940630564712,5,set_1
720575940626983684,720575940630644807,8,set_1
720575940626983684,720575940630955205,14,set_1
720575940626983684,720575940631366061,8,set_1
720575940626983684,720575940631530148,5,set_1
720575940626983684,720575940631622225,12,set_1
720575940626983684,720575940632250285,5,set_1
720575940626983684,720575940632320815,8,set_1
720575940626983684,720575940632379467,6,set_1
720575940626983684,720575940632633133,6,set_1
720575940626983684,720575940633626337,10,set_1
720575940626983684,720575940633909344,5,set_1
720575940626983684,720575940634194783,5,set_1
720575940626983684,720575940636148325,11,set_1
720575940626983684,720575940636990064,10,set_1
720575940626983684,720575940637068400,7,set_1
720575940626983684,720575940637397309,14,set_1
720575940626983684,720575940637861294,16,set_1
720575940626983684,720575940637878854,7,set_1
720575940626983684,720575940638128573,5,set_1
720575940626983684,720575940638412928,5,set_1
720575940626983684,720575940638673478,5,set_1
720575940626983684,720575940639053146,5,set_1
720575940626983684,720575940642151565,53,set_1
720575940626983684,720575940643782048,6,set_1
720575940626983684,720575940644849431,8,set_1
720575940626983684,720575940647907124,44,set_1
720575940626983684,720575940648564612,6,set_1
720575940627040549,720575940605161388,28,set_1
720575940627040549,720575940610606126,20,set_1
720575940627040549,720575940613563117,116,set_1
720575940627040549,720575940613640685,32,set_1
720575940627040549,720575940616018956,28,set_1
720575940627040549,720575940620025620,36,set_1
720575940627040549,720575940622493260,24,set_1
720575940627040549,720575940622810153,68,set_1
720575940627040549,720575940625875504,68,set_1
720575940627040549,720575940626557186,72,set_1
720575940627040549,720575940627419962,56,set_1
720575940627040549,720575940627828296,160,set_1
720575940627040549,720575940628211499,20,set_1
720575940627040549,720575940628743752,100,set_1
720575940627040549,720575940629677417,24,set_1
720575940627040549,720575940629778554,88,set_1
720575940627040549,720575940631999080,80,set_1
720575940627040549,720575940632281927,72,set_1
720575940627040549,720575940632304711,32,set_1
720575940627040549,720575940633213792,44,set_1
720575940627040549,720575940633373651,104,set_1
720575940627040549,720575940638103349,32,set_1
720575940627040549,720575940642428045,24,set_1
720575940627040549,720575940661338497,32,set_1
720575940627206074,720575940612354034,192,set_1
720575940627206074,720575940615197747,72,set_1
720575940627206074,720575940616067890,24,set_1
720575940627206074,720575940617636725,212,set_1
720575940627206074,720575940617787963,32,set_1
720575940627206074,720575940618165019,452,set_1
720575940627206074,720575940618166811,132,set_1
720575940627206074,720575940618539810,68,set_1
720575940627206074,720575940620025620,128,set_1
720575940627206074,720575940620553654,28,set_1
720575940627206074,720575940622054753,56,set_1
720575940627206074,720575940622493260,44,set_1
720575940627206074,720575940622810153,292,set_1
720575940627206074,720575940623993015,24,set_1
720575940627206074,720575940624554170,28,set_1
720575940627206074,720575940625045180,436,set_1
720575940627206074,720575940626939737,36,set_1
720575940627206074,720575940627828040,28,set_1
720575940627206074,720575940628211499,88,set_1
720575940627206074,720575940628743752,344,set_1
720575940627206074,720575940629778554,184,set_1
720575940627206074,720575940630182972,32,set_1
720575940627206074,720575940630232380,476,set_1
720575940627206074,720575940630233404,48,set_1
720575940627206074,720575940630683385,180,set_1
720575940627206074,720575940630868793,468,set_1
720575940627206074,720575940631999080,20,set_1
720575940627206074,720575940632028216,176,set_1
720575940627206074,720575940632281927,380,set_1
720575940627206074,720575940632727756,104,set_1
720575940627206074,720575940633772257,20,set_1
720575940627206074,720575940635212143,36,set_1
720575940627206074,720575940639831459,40,set_1
720575940627206074,720575940643867296,1000,set_1
720575940627206074,720575940645527918,44,set_1
720575940627206074,720575940646274670,316,set_1
720575940627206074,720575940647030580,480,set_1
720575940627206074,720575940661338497,484,set_1
720575940627210502,720575940605161388,48,set_1
720575940627210502,720575940610054980,20,set_1
720575940627210502,720575940613563117,20,set_1
720575940627210502,720575940613640685,28,set_1
720575940627210502,720575940616018956,24,set_1
720575940627210502,720575940619016059,56,set_1
720575940627210502,720575940620025620,40,set_1
720575940627210502,720575940620292116,36,set_1
720575940627210502,720575940620335269,32,set_1
720575940627210502,720575940622493260,24,set_1
720575940627210502,720575940622810153,60,set_1
720575940627210502,720575940625875504,84,set_1
720575940627210502,720575940626557186,40,set_1
720575940627210502,720575940626668218,28,set_1
720575940627210502,720575940627419962,32,set_1
720575940627210502,720575940627828296,196,set_1
720575940627210502,720575940628743752,276,set_1
720575940627210502,720575940629778554,116,set_1
720575940627210502,720575940631092943,20,set_1
720575940627210502,720575940631999080,100,set_1
720575940627210502,720575940632281927,128,set_1
720575940627210502,720575940632304711,68,set_1
720575940627210502,720575940632727756,36,set_1
720575940627210502,720575940633213792,80,set_1
720575940627210502,720575940633373651,44,set_1
720575940627210502,720575940639972816,20,set_1
720575940627210502,720575940661338497,144,set_1
720575940627254856,720575940608370645,55,set_1
720575940627254856,720575940610611246,125,set_1
720575940627254856,720575940611157746,30,set_1
720575940627254856,720575940618166811,40,set_1
720575940627254856,720575940620129182,65,set_1
720575940627254856,720575940620170887,40,set_1
720575940627254856,720575940620262465,45,set_1
720575940627254856,720575940621763312,35,set_1
720575940627254856,720575940624607076,40,set_1
720575940627254856,720575940627275795,45,set_1
720575940627254856,720575940628319899,65,set_1
720575940627254856,720575940632873261,40,set_1
720575940627254856,720575940637936710,35,set_1
720575940627312668,720575940606335410,10,set_1
720575940627312668,720575940608368818,34,set_1
720575940627312668,720575940610611246,90,set_1
720575940627312668,720575940610773090,12,set_1
720575940627312668,720575940611157746,46,set_1
720575940627312668,720575940611211417,248,set_1
720575940627312668,720575940611717357,14,set_1
720575940627312668,720575940611849178,18,set_1
720575940627312668,720575940612019569,12,set_1
720575940627312668,720575940612556402,92,set_1
720575940627312668,720575940613527789,14,set_1
720575940627312668,720575940614734186,34,set_1
720575940627312668,720575940615274425,10,set_1
720575940627312668,720575940616167218,10,set_1
720575940627312668,720575940616286395,24,set_1
720575940627312668,720575940617398502,12,set_1
720575940627312668,720575940617828766,66,set_1
720575940627312668,720575940618706811,22,set_1
720575940627312668,720575940618788944,80,set_1
720575940627312668,720575940620129182,10,set_1
720575940627312668,720575940620170887,18,set_1
720575940627312668,720575940620692833,20,set_1
720575940627312668,720575940620780272,26,set_1
720575940627312668,720575940621870349,26,set_1
720575940627312668,720575940621898665,26,set_1
720575940627312668,720575940621913513,50,set_1
720575940627312668,720575940622335197,28,set_1
720575940627312668,720575940622346180,56,set_1
720575940627312668,720575940622371037,132,set_1
720575940627312668,720575940622810153,26,set_1
720575940627312668,720575940622835947,16,set_1
720575940627312668,720575940622853011,58,set_1
720575940627312668,720575940622934711,26,set_1
720575940627312668,720575940623660558,224,set_1
720575940627312668,720575940623843145,10,set_1
720575940627312668,720575940624266061,12,set_1
720575940627312668,720575940624528740,106,set_1
720575940627312668,720575940624607076,14,set_1
720575940627312668,720575940625032548,56,set_1
720575940627312668,720575940625045180,18,set_1
720575940627312668,720575940625163790,86,set_1
720575940627312668,720575940625178768,26,set_1
720575940627312668,720575940625450498,30,set_1
720575940627312668,720575940625696601,54,set_1
720575940627312668,720575940625740346,22,set_1
720575940627312668,720575940626217226,18,set_1
720575940627312668,720575940627394376,10,set_1
720575940627312668,720575940627402568,44,set_1
720575940627312668,720575940627438906,22,set_1
720575940627312668,720575940627454569,62,set_1
720575940627312668,720575940627667530,16,set_1
720575940627312668,720575940628329546,28,set_1
720575940627312668,720575940630597839,66,set_1
720575940627312668,720575940630882039,36,set_1
720575940627312668,720575940630893196,214,set_1
720575940627312668,720575940630968335,42,set_1
720575940627312668,720575940631069255,10,set_1
720575940627312668,720575940631204163,44,set_1
720575940627312668,720575940631299602,38,set_1
720575940627312668,720575940631331855,76,set_1
720575940627312668,720575940632146340,48,set_1
720575940627312668,720575940632423394,20,set_1
720575940627312668,720575940632998028,22,set_1
720575940627312668,720575940633165980,208,set_1
720575940627312668,720575940633791935,170,set_1
720575940627312668,720575940634278295,86,set_1
720575940627312668,720575940634683743,56,set_1
720575940627312668,720575940635391845,24,set_1
720575940627312668,720575940637580102,32,set_1
720575940627312668,720575940637747519,32,set_1
720575940627312668,720575940638041459,10,set_1
720575940627312668,720575940638419534,228,set_1
720575940627312668,720575940638813016,54,set_1
720575940627312668,720575940639206077,12,set_1
720575940627312668,720575940639227224,16,set_1
720575940627312668,720575940643065032,70,set_1
720575940627312668,720575940645056791,20,set_1
720575940627312668,720575940646274670,14,set_1
720575940627312668,720575940658442625,158,set_1
720575940627443996,720575940611782874,20,set_1
720575940627443996,720575940612235747,28,set_1
720575940627443996,720575940613524647,92,set_1
720575940627443996,720575940614572542,64,set_1
720575940627443996,720575940615296818,24,set_1
720575940627443996,720575940616200790,28,set_1
720575940627443996,720575940619866059,184,set_1
720575940627443996,720575940620098974,20,set_1
720575940627443996,720575940620467115,20,set_1
720575940627443996,720575940620878785,28,set_1
720575940627443996,720575940621057159,24,set_1
720575940627443996,720575940622284947,112,set_1
720575940627443996,720575940622509565,76,set_1
720575940627443996,720575940622784039,48,set_1
720575940627443996,720575940623777065,28,set_1
720575940627443996,720575940624079288,104,set_1
720575940627443996,720575940624528740,92,set_1
720575940627443996,720575940625515322,48,set_1
720575940627443996,720575940626775824,104,set_1
720575940627443996,720575940627478171,60,set_1
720575940627443996,720575940629285879,260,set_1
720575940627443996,720575940630005622,28,set_1
720575940627443996,720575940632998028,248,set_1
720575940627443996,720575940637072350,120,set_1
720575940627443996,720575940637192169,24,set_1
720575940627443996,720575940638638670,72,set_1
720575940627443996,720575940639227224,256,set_1
720575940627443996,720575940639672893,20,set_1
720575940627443996,720575940643041992,60,set_1
720575940627443996,720575940647030324,28,set_1
720575940627916331,720575940610611246,56,set_1
720575940627916331,720575940615495839,168,set_1
720575940627916331,720575940615672130,70,set_1
720575940627916331,720575940616851030,77,set_1
720575940627916331,720575940617335382,49,set_1
720575940627916331,720575940617678566,91,set_1
720575940627916331,720575940617787963,203,set_1
720575940627916331,720575940618166811,91,set_1
720575940627916331,720575940618472261,56,set_1
720575940627916331,720575940620025620,42,set_1
720575940627916331,720575940620262465,441,set_1
720575940627916331,720575940621329328,35,set_1
720575940627916331,720575940621662332,203,set_1
720575940627916331,720575940622154266,42,set_1
720575940627916331,720575940622493260,77,set_1
720575940627916331,720575940622810153,217,set_1
720575940627916331,720575940623209165,56,set_1
720575940627916331,720575940623432918,42,set_1
720575940627916331,720575940623449382,112,set_1
720575940627916331,720575940624176312,42,set_1
720575940627916331,720575940624600840,308,set_1
720575940627916331,720575940625172016,105,set_1
720575940627916331,720575940626668218,98,set_1
720575940627916331,720575940626826288,301,set_1
720575940627916331,720575940626960536,56,set_1
720575940627916331,720575940627667530,49,set_1
720575940627916331,720575940628743752,56,set_1
720575940627916331,720575940629470838,322,set_1
720575940627916331,720575940630182972,203,set_1
720575940627916331,720575940630589036,420,set_1
720575940627916331,720575940630670454,70,set_1
720575940627916331,720575940630679801,91,set_1
720575940627916331,720575940630773495,77,set_1
720575940627916331,720575940631092943,560,set_1
720575940627916331,720575940633941293,497,set_1
720575940627916331,720575940639512192,168,set_1
720575940627916331,720575940641648091,252,set_1
720575940627936515,720575940623209165,5,set_1
720575940627936515,720575940627815080,10,set_1
720575940627936515,720575940632873261,37,set_1
720575940627936515,720575940639512192,10,set_1
720575940628182910,720575940604470956,36,set_1
720575940628182910,720575940609592270,28,set_1
720575940628182910,720575940609993284,20,set_1
720575940628182910,720575940611366058,60,set_1
720575940628182910,720575940611812050,32,set_1
720575940628182910,720575940612692633,272,set_1
720575940628182910,720575940612692889,88,set_1
720575940628182910,720575940613670893,28,set_1
720575940628182910,720575940615052812,56,set_1
720575940628182910,720575940617663537,24,set_1
720575940628182910,720575940619473624,176,set_1
720575940628182910,720575940619781814,24,set_1
720575940628182910,720575940620780272,156,set_1
720575940628182910,720575940621332092,20,set_1
720575940628182910,720575940621667693,24,set_1
720575940628182910,720575940622284947,56,set_1
720575940628182910,720575940622348156,36,set_1
720575940628182910,720575940622657268,20,set_1
720575940628182910,720575940623192781,100,set_1
720575940628182910,720575940623847181,28,set_1
720575940628182910,720575940625454108,28,set_1
720575940628182910,720575940626308697,108,set_1
720575940628182910,720575940630393427,28,set_1
720575940628182910,720575940630665210,28,set_1
720575940628182910,720575940630771449,92,set_1
720575940628182910,720575940631997032,68,set_1
720575940628182910,720575940632659404,268,set_1
720575940628182910,720575940637956698,32,set_1
720575940628182910,720575940655011489,36,set_1
720575940628325242,720575940611585459,10,set_1
720575940628325242,720575940614572542,18,set_1
720575940628325242,720575940621149709,12,set_1
720575940628325242,720575940623044103,22,set_1
720575940628325242,720575940623777065,46,set_1
720575940628325242,720575940624176312,10,set_1
720575940628325242,720575940629422183,36,set_1
720575940628325242,720575940629786998,18,set_1
720575940628325242,720575940631968599,10,set_1
720575940628325242,720575940636633848,14,set_1
720575940628504849,720575940606866377,15,set_1
720575940628504849,720575940612572131,21,set_1
720575940628504849,720575940614572542,57,set_1
720575940628504849,720575940616840665,15,set_1
720575940628504849,720575940616899033,24,set_1
720575940628504849,720575940617691170,18,set_1
720575940628504849,720575940618791515,21,set_1
720575940628504849,720575940618943389,15,set_1
720575940628504849,720575940621680264,30,set_1
720575940628504849,720575940622540179,36,set_1
720575940628504849,720575940622828056,15,set_1
720575940628504849,720575940623192781,69,set_1
720575940628504849,720575940623605180,18,set_1
720575940628504849,720575940623777065,99,set_1
720575940628504849,720575940623960563,18,set_1
720575940628504849,720575940624820112,15,set_1
720575940628504849,720575940626259458,15,set_1
720575940628504849,720575940627357457,24,set_1
720575940628504849,720575940634904677,21,set_1
720575940628504849,720575940639227224,21,set_1
720575940628504849,720575940641546715,30,set_1
720575940628504849,720575940643325581,30,set_1
720575940628676457,720575940608707192,20,set_1
720575940628676457,720575940611366058,32,set_1
720575940628676457,720575940611643033,28,set_1
720575940628676457,720575940616018956,20,set_1
720575940628676457,720575940616848214,24,set_1
720575940628676457,720575940622026245,48,set_1
720575940628676457,720575940622493260,20,set_1
720575940628676457,720575940623192781,20,set_1
720575940628676457,720575940625045180,128,set_1
720575940628676457,720575940625167886,20,set_1
720575940628676457,720575940625175054,20,set_1
720575940628676457,720575940625874992,20,set_1
720575940628676457,720575940628598121,20,set_1
720575940628676457,720575940628680553,28,set_1
720575940628676457,720575940629024591,52,set_1
720575940628676457,720575940629778554,52,set_1
720575940628676457,720575940630683385,160,set_1
720575940628676457,720575940630868793,20,set_1
720575940628676457,720575940631092943,76,set_1
720575940628676457,720575940632118156,20,set_1
720575940628676457,720575940633639063,36,set_1
720575940628676457,720575940638714694,28,set_1
720575940628676457,720575940639787683,20,set_1
720575940628676457,720575940639994456,24,set_1
720575940628676457,720575940643867296,56,set_1
720575940628676457,720575940646274670,20,set_1
720575940628683063,720575940604459697,13,set_1
720575940628683063,720575940604934502,33,set_1
720575940628683063,720575940606866377,14,set_1
720575940628683063,720575940610708430,6,set_1
720575940628683063,720575940611475698,8,set_1
720575940628683063,720575940611858906,10,set_1
720575940628683063,720575940612261603,7,set_1
720575940628683063,720575940612277090,5,set_1
720575940628683063,720575940612289010,5,set_1
720575940628683063,720575940613222195,10,set_1
720575940628683063,720575940613356851,8,set_1
720575940628683063,720575940614736290,82,set_1
720575940628683063,720575940614965691,64,set_1
720575940628683063,720575940616065254,5,set_1
720575940628683063,720575940616153371,12,set_1
720575940628683063,720575940619453831,54,set_1
720575940628683063,720575940620177543,7,set_1
720575940628683063,720575940620633070,12,set_1
720575940628683063,720575940620672432,6,set_1
720575940628683063,720575940620833901,12,set_1
720575940628683063,720575940620878785,5,set_1
720575940628683063,720575940621667693,11,set_1
720575940628683063,720575940622319715,5,set_1
720575940628683063,720575940622515895,18,set_1
720575940628683063,720575940623044103,10,set_1
720575940628683063,720575940623925173,8,set_1
720575940628683063,720575940624600840,27,set_1
720575940628683063,720575940625841241,5,set_1
720575940628683063,720575940626015640,9,set_1
720575940628683063,720575940626375164,34,set_1
720575940628683063,720575940626619398,15,set_1
720575940628683063,720575940627244200,7,set_1
720575940628683063,720575940627356459,7,set_1
720575940628683063,720575940628386295,77,set_1
720575940628683063,720575940630670890,34,set_1
720575940628683063,720575940631295506,32,set_1
720575940628683063,720575940633941293,21,set_1
720575940628683063,720575940635527092,15,set_1
720575940628683063,720575940635861146,15,set_1
720575940628683063,720575940636263543,13,set_1
720575940628683063,720575940639688064,7,set_1
720575940628683063,720575940639956643,15,set_1
720575940628683063,720575940642715040,19,set_1
720575940628683063,720575940645056791,5,set_1
720575940628683063,720575940648654468,14,set_1
720575940628683063,720575940654057889,5,set_1
720575940628885160,720575940604891360,20,set_1
720575940628885160,720575940608471900,280,set_1
720575940628885160,720575940609030776,24,set_1
720575940628885160,720575940609268316,40,set_1
720575940628885160,720575940611715813,48,set_1
720575940628885160,720575940611756723,24,set_1
720575940628885160,720575940614128691,44,set_1
720575940628885160,720575940614736290,36,set_1
720575940628885160,720575940615495839,76,set_1
720575940628885160,720575940615598849,24,set_1
720575940628885160,720575940616298171,92,set_1
720575940628885160,720575940616597334,84,set_1
720575940628885160,720575940617299515,32,set_1
720575940628885160,720575940617488477,28,set_1
720575940628885160,720575940617950877,24,set_1
720575940628885160,720575940619042427,36,set_1
720575940628885160,720575940619310757,24,set_1
720575940628885160,720575940620031366,28,set_1
720575940628885160,720575940620129182,20,set_1
720575940628885160,720575940620262465,32,set_1
720575940628885160,720575940620353300,144,set_1
720575940628885160,720575940620627803,80,set_1
720575940628885160,720575940620982437,24,set_1
720575940628885160,720575940621089741,20,set_1
720575940628885160,720575940621218694,32,set_1
720575940628885160,720575940622335197,60,set_1
720575940628885160,720575940624404872,40,set_1
720575940628885160,720575940624470247,60,set_1
720575940628885160,720575940624600840,252,set_1
720575940628885160,720575940625005239,236,set_1
720575940628885160,720575940626394114,24,set_1
720575940628885160,720575940626826288,580,set_1
720575940628885160,720575940626941080,112,set_1
720575940628885160,720575940626960536,88,set_1
720575940628885160,720575940627514627,24,set_1
720575940628885160,720575940628446010,80,set_1
720575940628885160,720575940628815381,24,set_1
720575940628885160,720575940629766266,76,set_1
720575940628885160,720575940630589036,24,set_1
720575940628885160,720575940630991311,24,set_1
720575940628885160,720575940631092943,28,set_1
720575940628885160,720575940632524559,36,set_1
720575940628885160,720575940632734033,96,set_1
720575940628885160,720575940632852124,20,set_1
720575940628885160,720575940632873261,28,set_1
720575940628885160,720575940635210859,44,set_1
720575940628885160,720575940635596212,20,set_1
720575940628885160,720575940636592270,36,set_1
720575940628885160,720575940636734382,48,set_1
720575940628885160,720575940637072350,24,set_1
720575940628885160,720575940639274147,28,set_1
720575940628885160,720575940641536987,20,set_1
720575940628885160,720575940647060532,20,set_1
720575940628885160,720575940647606148,52,set_1
720575940628885160,720575940648180868,28,set_1
720575940628995587,720575940607162754,225,set_1
720575940628995587,720575940608451420,16,set_1
720575940628995587,720575940609423299,21,set_1
720575940628995587,720575940611167842,5,set_1
720575940628995587,720575940614642838,7,set_1
720575940628995587,720575940615672130,36,set_1
720575940628995587,720575940615970015,15,set_1
720575940628995587,720575940616014092,6,set_1
720575940628995587,720575940616194610,24,set_1
720575940628995587,720575940616848214,50,set_1
720575940628995587,720575940617031385,10,set_1
720575940628995587,720575940617678566,17,set_1
720575940628995587,720575940617787963,34,set_1
720575940628995587,720575940618514043,19,set_1
720575940628995587,720575940619016059,6,set_1
720575940628995587,720575940619042427,14,set_1
720575940628995587,720575940619058334,8,set_1
720575940628995587,720575940619155264,10,set_1
720575940628995587,720575940620129182,6,set_1
720575940628995587,720575940620982437,10,set_1
720575940628995587,720575940621150191,10,set_1
720575940628995587,720575940622054753,7,set_1
720575940628995587,720575940622154266,14,set_1
720575940628995587,720575940622195625,7,set_1
720575940628995587,720575940622225800,7,set_1
720575940628995587,720575940622632084,12,set_1
720575940628995587,720575940623164685,7,set_1
720575940628995587,720575940623379750,16,set_1
720575940628995587,720575940623676394,67,set_1
720575940628995587,720575940623847181,7,set_1
720575940628995587,720575940623918121,49,set_1
720575940628995587,720575940624756297,19,set_1
720575940628995587,720575940624986300,86,set_1
720575940628995587,720575940625867056,7,set_1
720575940628995587,720575940626672058,10,set_1
720575940628995587,720575940626780222,13,set_1
720575940628995587,720575940626826288,7,set_1
720575940628995587,720575940626960536,17,set_1
720575940628995587,720575940627107721,134,set_1
720575940628995587,720575940627182217,8,set_1
720575940628995587,720575940627418387,34,set_1
720575940628995587,720575940627429907,21,set_1
720575940628995587,720575940627739023,80,set_1
720575940628995587,720575940628378440,6,set_1
720575940628995587,720575940628815381,8,set_1
720575940628995587,720575940628998659,38,set_1
720575940628995587,720575940629377218,21,set_1
720575940628995587,720575940629936348,6,set_1
720575940628995587,720575940630232380,24,set_1
720575940628995587,720575940630589036,15,set_1
720575940628995587,720575940630691958,158,set_1
720575940628995587,720575940630829051,5,set_1
720575940628995587,720575940631092943,21,set_1
720575940628995587,720575940631293202,20,set_1
720575940628995587,720575940631328763,8,set_1
720575940628995587,720575940631349335,9,set_1
720575940628995587,720575940632029496,20,set_1
720575940628995587,720575940632134227,26,set_1
720575940628995587,720575940632486969,97,set_1
720575940628995587,720575940632726220,9,set_1
720575940628995587,720575940632960813,11,set_1
720575940628995587,720575940633228172,5,set_1
720575940628995587,720575940633762714,7,set_1
720575940628995587,720575940634825623,12,set_1
720575940628995587,720575940635527322,52,set_1
720575940628995587,720575940635596212,5,set_1
720575940628995587,720575940636649061,28,set_1
720575940628995587,720575940636685454,9,set_1
720575940628995587,720575940637360730,29,set_1
720575940628995587,720575940637530084,6,set_1
720575940628995587,720575940638024794,27,set_1
720575940628995587,720575940638092634,7,set_1
720575940628995587,720575940639785379,9,set_1
720575940628995587,720575940639831459,13,set_1
720575940628995587,720575940639994456,26,set_1
720575940628995587,720575940641648091,9,set_1
720575940628995587,720575940642884000,18,set_1
720575940628995587,720575940643867296,44,set_1
720575940628995587,720575940645697828,35,set_1
720575940628995587,720575940647037492,6,set_1
720575940628995587,720575940647560500,10,set_1
720575940628995587,720575940648188548,21,set_1
720575940629317450,720575940606866377,40,set_1
720575940629317450,720575940609592270,36,set_1
720575940629317450,720575940610000964,64,set_1
720575940629317450,720575940610916465,92,set_1
720575940629317450,720575940611366058,20,set_1
720575940629317450,720575940611991830,44,set_1
720575940629317450,720575940612692633,96,set_1
720575940629317450,720575940613133718,24,set_1
720575940629317450,720575940614916725,40,set_1
720575940629317450,720575940615296818,28,set_1
720575940629317450,720575940616065254,20,set_1
720575940629317450,720575940618529217,24,set_1
720575940629317450,720575940618791515,24,set_1
720575940629317450,720575940619025780,28,set_1
720575940629317450,720575940619473624,164,set_1
720575940629317450,720575940619866059,20,set_1
720575940629317450,720575940620096171,36,set_1
720575940629317450,720575940620467115,116,set_1
720575940629317450,720575940620780272,132,set_1
720575940629317450,720575940620994292,40,set_1
720575940629317450,720575940621345012,76,set_1
720575940629317450,720575940621913513,40,set_1
720575940629317450,720575940623139111,20,set_1
720575940629317450,720575940623192781,112,set_1
720575940629317450,720575940623737525,104,set_1
720575940629317450,720575940624528740,112,set_1
720575940629317450,720575940624532408,28,set_1
720575940629317450,720575940625102692,448,set_1
720575940629317450,720575940625175054,36,set_1
720575940629317450,720575940625178768,184,set_1
720575940629317450,720575940625601594,96,set_1
720575940629317450,720575940626308697,76,set_1
720575940629317450,720575940626449158,52,set_1
720575940629317450,720575940626456081,20,set_1
720575940629317450,720575940626870846,116,set_1
720575940629317450,720575940628590697,128,set_1
720575940629317450,720575940628857850,36,set_1
720575940629317450,720575940629370844,320,set_1
720575940629317450,720575940630311528,24,set_1
720575940629317450,720575940630548751,20,set_1
720575940629317450,720575940630771449,96,set_1
720575940629317450,720575940635179871,44,set_1
720575940629317450,720575940635322524,28,set_1
720575940629317450,720575940637790527,20,set_1
720575940629317450,720575940638237662,20,set_1
720575940629317450,720575940638663221,80,set_1
720575940629317450,720575940639068605,24,set_1
720575940629317450,720575940642428045,60,set_1
720575940629317450,720575940647033396,60,set_1
720575940629317450,720575940651601910,44,set_1
720575940629317450,720575940654057889,36,set_1
720575940629317450,720575940655011489,32,set_1
720575940629317450,720575940658442625,24,set_1
720575940629543409,720575940604470240,69,set_1
720575940629543409,720575940606425033,66,set_1
720575940629543409,720575940608402012,27,set_1
720575940629543409,720575940610708430,15,set_1
720575940629543409,720575940610956334,45,set_1
720575940629543409,720575940613589167,18,set_1
720575940629543409,720575940616298171,51,set_1
720575940629543409,720575940616597334,30,set_1
720575940629543409,720575940617296029,45,set_1
720575940629543409,720575940617950877,51,set_1
720575940629543409,720575940618165393,18,set_1
720575940629543409,720575940620093019,18,set_1
720575940629543409,720575940621668079,18,set_1
720575940629543409,720575940622154266,24,set_1
720575940629543409,720575940622225800,15,set_1
720575940629543409,720575940622516941,24,set_1
720575940629543409,720575940623338281,15,set_1
720575940629543409,720575940626268761,15,set_1
720575940629543409,720575940627002776,15,set_1
720575940629543409,720575940627403578,99,set_1
720575940629543409,720575940627827697,36,set_1
720575940629543409,720575940629477675,18,set_1
720575940629543409,720575940630810486,27,set_1
720575940629543409,720575940632029496,39,set_1
720575940629543409,720575940633996883,15,set_1
720575940629543409,720575940635211768,81,set_1
720575940629543409,720575940637209822,24,set_1
720575940629543409,720575940640469848,15,set_1
720575940629543409,720575940648180868,18,set_1
720575940629543409,720575940648188548,27,set_1
720575940629595633,720575940613133718,69,set_1
720575940629595633,720575940614830239,27,set_1
720575940629595633,720575940617121819,129,set_1
720575940629595633,720575940617497413,24,set_1
720575940629595633,720575940618788944,15,set_1
720575940629595633,720575940619928929,30,set_1
720575940629595633,720575940621345012,15,set_1
720575940629595633,720575940621689880,87,set_1
720575940629595633,720575940622199593,51,set_1
720575940629595633,720575940622853011,18,set_1
720575940629595633,720575940623834300,216,set_1
720575940629595633,720575940624948867,90,set_1
720575940629595633,720575940625031610,132,set_1
720575940629595633,720575940626983952,231,set_1
720575940629595633,720575940628131778,195,set_1
720575940629595633,720575940630548751,51,set_1
720575940629595633,720575940631773388,21,set_1
720575940629595633,720575940632873261,96,set_1
720575940629595633,720575940633165980,60,set_1
720575940629595633,720575940640601563,21,set_1
720575940629595633,720575940654057889,39,set_1
720575940629595633,720575940658442625,21,set_1
720575940629598935,720575940620262465,102,set_1
720575940629598935,720575940625172016,96,set_1
720575940629598935,720575940626826288,36,set_1
720575940629598935,720575940632873261,63,set_1
720575940629598935,720575940639227224,15,set_1
720575940629717370,720575940611411057,45,set_1
720575940629717370,720575940613640685,55,set_1
720575940629717370,720575940617787963,30,set_1
720575940629717370,720575940618166811,85,set_1
720575940629717370,720575940623449382,35,set_1
720575940629717370,720575940624404872,25,set_1
720575940629717370,720575940625002936,35,set_1
720575940629717370,720575940625172016,150,set_1
720575940629717370,720575940625875504,35,set_1
720575940629717370,720575940626197593,30,set_1
720575940629717370,720575940628743752,40,set_1
720575940629717370,720575940629778554,45,set_1
720575940629717370,720575940630589036,40,set_1
720575940629954872,720575940604470956,65,set_1
720575940629954872,720575940609592270,140,set_1
720575940629954872,720575940610708430,25,set_1
720575940629954872,720575940611160930,25,set_1
720575940629954872,720575940611366058,65,set_1
720575940629954872,720575940611812050,65,set_1
720575940629954872,720575940612692633,90,set_1
720575940629954872,720575940613670893,25,set_1
720575940629954872,720575940615406590,75,set_1
720575940629954872,720575940619398872,25,set_1
720575940629954872,720575940619473624,210,set_1
720575940629954872,720575940620467115,25,set_1
720575940629954872,720575940620780272,330,set_1
720575940629954872,720575940621116073,55,set_1
720575940629954872,720575940621913513,30,set_1
720575940629954872,720575940622520908,50,set_1
720575940629954872,720575940623164941,30,set_1
720575940629954872,720575940623192781,250,set_1
720575940629954872,720575940623224555,65,set_1
720575940629954872,720575940623737525,25,set_1
720575940629954872,720575940623847181,260,set_1
720575940629954872,720575940626308697,65,set_1
720575940629954872,720575940627359228,35,set_1
720575940629954872,720575940629266988,65,set_1
720575940629954872,720575940630771449,440,set_1
720575940629954872,720575940631997032,25,set_1
720575940629954872,720575940632659404,70,set_1
720575940629954872,720575940632998028,65,set_1
720575940629954872,720575940633824864,30,set_1
720575940629954872,720575940646088068,25,set_1
720575940629954872,720575940647030324,100,set_1
720575940629954872,720575940647033396,30,set_1
720575940629954872,720575940655011489,25,set_1
720575940629987587,720575940609030776,28,set_1
720575940629987587,720575940613640685,32,set_1
720575940629987587,720575940619111515,32,set_1
720575940629987587,720575940633941293,48,set_1
720575940629987587,720575940639274147,24,set_1
720575940629987587,720575940647606148,20,set_1
720575940630059052,720575940606254002,10,set_1
720575940630059052,720575940606388146,98,set_1
720575940630059052,720575940611549902,12,set_1
720575940630059052,720575940612256938,44,set_1
720575940630059052,720575940612289010,56,set_1
720575940630059052,720575940618472261,38,set_1
720575940630059052,720575940619652033,28,set_1
720575940630059052,720575940619847371,12,set_1
720575940630059052,720575940620627035,10,set_1
720575940630059052,720575940621827419,32,set_1
720575940630059052,720575940622236671,10,set_1
720575940630059052,720575940622348156,82,set_1
720575940630059052,720575940623209165,50,set_1
720575940630059052,720575940625175054,70,set_1
720575940630059052,720575940627274578,38,set_1
720575940630059052,720575940627989609,30,set_1
720575940630059052,720575940628668009,34,set_1
720575940630059052,720575940628684023,14,set_1
720575940630059052,720575940629470838,150,set_1
720575940630059052,720575940630182972,16,set_1
720575940630059052,720575940631092943,18,set_1
720575940630059052,720575940633213792,42,set_1
720575940630059052,720575940635202155,14,set_1
720575940630059052,720575940637184326,20,set_1
720575940630059052,720575940638684248,10,set_1
720575940630059052,720575940639756093,10,set_1
720575940630059052,720575940642428045,60,set_1
720575940630059052,720575940648377209,32,set_1
720575940630488540,720575940605694240,17,set_1
720575940630488540,720575940605890784,8,set_1
720575940630488540,720575940608500316,12,set_1
720575940630488540,720575940610000964,48,set_1
720575940630488540,720575940612208858,141,set_1
720575940630488540,720575940612438514,17,set_1
720575940630488540,720575940612686233,6,set_1
720575940630488540,720575940613943215,46,set_1
720575940630488540,720575940615495839,15,set_1
720575940630488540,720575940615583650,6,set_1
720575940630488540,720575940616298171,15,set_1
720575940630488540,720575940616851030,6,set_1
720575940630488540,720575940617494877,21,set_1
720575940630488540,720575940617636725,17,set_1
720575940630488540,720575940617678566,41,set_1
720575940630488540,720575940617787963,98,set_1
720575940630488540,720575940618166811,9,set_1
720575940630488540,720575940620129182,7,set_1
720575940630488540,720575940620170887,5,set_1
720575940630488540,720575940621573542,10,set_1
720575940630488540,720575940621763312,6,set_1
720575940630488540,720575940622452715,13,set_1
720575940630488540,720575940623209165,5,set_1
720575940630488540,720575940624466440,5,set_1
720575940630488540,720575940624913959,22,set_1
720575940630488540,720575940624987175,5,set_1
720575940630488540,720575940625175054,6,set_1
720575940630488540,720575940626468178,7,set_1
720575940630488540,720575940627667530,11,set_1
720575940630488540,720575940627828040,112,set_1
720575940630488540,720575940628668009,14,set_1
720575940630488540,720575940628973827,9,set_1
720575940630488540,720575940628995331,20,set_1
720575940630488540,720575940630589036,15,set_1
720575940630488540,720575940630683385,18,set_1
720575940630488540,720575940631299090,5,set_1
720575940630488540,720575940631365340,5,set_1
720575940630488540,720575940631939432,15,set_1
720575940630488540,720575940631989352,7,set_1
720575940630488540,720575940632028216,13,set_1
720575940630488540,720575940632134227,30,set_1
720575940630488540,720575940632640287,6,set_1
720575940630488540,720575940633373651,6,set_1
720575940630488540,720575940635202155,30,set_1
720575940630488540,720575940635212143,46,set_1
720575940630488540,720575940636346487,9,set_1
720575940630488540,720575940637360730,58,set_1
720575940630488540,720575940637656286,25,set_1
720575940630488540,720575940642428045,23,set_1
720575940630488540,720575940645039383,60,set_1
720575940630488540,720575940645527918,13,set_1
720575940630488540,720575940655015329,8,set_1
720575940630488540,720575940661338497,12,set_1
720575940630504466,720575940610611246,24,set_1
720575940630504466,720575940612606105,64,set_1
720575940630504466,720575940620177543,20,set_1
720575940630504466,720575940620506996,20,set_1
720575940630504466,720575940622160705,24,set_1
720575940630504466,720575940626468178,28,set_1
720575940630504466,720575940630182972,20,set_1
720575940630504466,720575940630683385,28,set_1
720575940630504466,720575940635527092,36,set_1
720575940630504466,720575940639956643,60,set_1
720575940630504466,720575940643325581,92,set_1
720575940630575943,720575940623535044,28,set_1
720575940630575943,720575940628975107,20,set_1
720575940630575943,720575940631639500,28,set_1
720575940630575943,720575940633941293,32,set_1
720575940630575943,720575940647606148,28,set_1
720575940630661164,720575940609592270,140,set_1
720575940630661164,720575940610232274,32,set_1
720575940630661164,720575940611160930,48,set_1
720575940630661164,720575940611812050,84,set_1
720575940630661164,720575940611988197,52,set_1
720575940630661164,720575940612303102,36,set_1
720575940630661164,720575940612692633,432,set_1
720575940630661164,720575940613419506,20,set_1
720575940630661164,720575940613670893,116,set_1
720575940630661164,720575940613687789,120,set_1
720575940630661164,720575940614950194,36,set_1
720575940630661164,720575940615296818,20,set_1
720575940630661164,720575940615406590,24,set_1
720575940630661164,720575940615742353,20,set_1
720575940630661164,720575940615811670,96,set_1
720575940630661164,720575940616200790,52,set_1
720575940630661164,720575940617488477,152,set_1
720575940630661164,720575940617648453,20,set_1
720575940630661164,720575940619047547,20,set_1
720575940630661164,720575940619176094,28,set_1
720575940630661164,720575940619473624,828,set_1
720575940630661164,720575940620031366,136,set_1
720575940630661164,720575940620780272,832,set_1
720575940630661164,720575940621119367,36,set_1
720575940630661164,720575940621150191,36,set_1
720575940630661164,720575940621332092,28,set_1
720575940630661164,720575940621345012,24,set_1
720575940630661164,720575940623039838,24,set_1
720575940630661164,720575940623164941,44,set_1
720575940630661164,720575940623192781,28,set_1
720575940630661164,720575940623224555,104,set_1
720575940630661164,720575940623847181,60,set_1
720575940630661164,720575940624310857,104,set_1
720575940630661164,720575940624530372,44,set_1
720575940630661164,720575940624608442,24,set_1
720575940630661164,720575940626308697,184,set_1
720575940630661164,720575940626337479,20,set_1
720575940630661164,720575940627004459,32,set_1
720575940630661164,720575940627113544,112,set_1
720575940630661164,720575940628755815,56,set_1
720575940630661164,720575940628869648,20,set_1
720575940630661164,720575940630667372,48,set_1
720575940630661164,720575940630771449,424,set_1
720575940630661164,720575940631901409,28,set_1
720575940630661164,720575940631940377,32,set_1
720575940630661164,720575940632659404,136,set_1
720575940630661164,720575940632998028,24,set_1
720575940630661164,720575940634825623,32,set_1
720575940630661164,720575940635179871,24,set_1
720575940630661164,720575940635596468,36,set_1
720575940630661164,720575940637144944,96,set_1
720575940630661164,720575940639813365,28,set_1
720575940630661164,720575940643325581,36,set_1
720575940630661164,720575940645495587,40,set_1
720575940630661164,720575940646088068,32,set_1
720575940630661164,720575940648864633,24,set_1
720575940630661164,720575940655011489,48,set_1
720575940630661164,720575940660223873,52,set_1
720575940630664556,720575940606388146,122,set_1
720575940630664556,720575940608368818,26,set_1
720575940630664556,720575940610623658,10,set_1
720575940630664556,720575940610683315,36,set_1
720575940630664556,720575940610981362,12,set_1
720575940630664556,720575940611184819,16,set_1
720575940630664556,720575940611211417,214,set_1
720575940630664556,720575940612920386,68,set_1
720575940630664556,720575940613080751,10,set_1
720575940630664556,720575940614211295,56,set_1
720575940630664556,720575940614273292,34,set_1
720575940630664556,720575940615089369,46,set_1
720575940630664556,720575940615274425,38,set_1
720575940630664556,720575940615330265,10,set_1
720575940630664556,720575940616072221,12,set_1
720575940630664556,720575940616308921,10,set_1
720575940630664556,720575940616328705,10,set_1
720575940630664556,720575940616616861,168,set_1
720575940630664556,720575940618788944,196,set_1
720575940630664556,720575940619111515,22,set_1
720575940630664556,720575940619197093,12,set_1
720575940630664556,720575940619387814,70,set_1
720575940630664556,720575940619473624,16,set_1
720575940630664556,720575940620025620,14,set_1
720575940630664556,720575940620626011,12,set_1
720575940630664556,720575940620856046,120,set_1
720575940630664556,720575940621013640,12,set_1
720575940630664556,720575940621329328,16,set_1
720575940630664556,720575940621375231,22,set_1
720575940630664556,720575940621827419,30,set_1
720575940630664556,720575940621870349,14,set_1
720575940630664556,720575940621916952,22,set_1
720575940630664556,720575940621953285,10,set_1
720575940630664556,720575940622144648,10,set_1
720575940630664556,720575940622284947,10,set_1
720575940630664556,720575940622810153,54,set_1
720575940630664556,720575940623660558,294,set_1
720575940630664556,720575940624079544,38,set_1
720575940630664556,720575940624266061,14,set_1
720575940630664556,720575940624604560,44,set_1
720575940630664556,720575940624963786,24,set_1
720575940630664556,720575940625032548,72,set_1
720575940630664556,720575940625102692,18,set_1
720575940630664556,720575940625163790,46,set_1
720575940630664556,720575940625178768,62,set_1
720575940630664556,720575940625601594,60,set_1
720575940630664556,720575940626015242,52,set_1
720575940630664556,720575940626016017,48,set_1
720575940630664556,720575940626197593,16,set_1
720575940630664556,720575940626241636,46,set_1
720575940630664556,720575940626870846,54,set_1
720575940630664556,720575940626972056,10,set_1
720575940630664556,720575940626999464,16,set_1
720575940630664556,720575940627265265,62,set_1
720575940630664556,720575940627454569,114,set_1
720575940630664556,720575940628198503,70,set_1
720575940630664556,720575940628329546,16,set_1
720575940630664556,720575940628386295,22,set_1
720575940630664556,720575940628684023,10,set_1
720575940630664556,720575940628832256,62,set_1
720575940630664556,720575940629009468,66,set_1
720575940630664556,720575940629211607,48,set_1
720575940630664556,720575940629358807,28,set_1
720575940630664556,720575940630005622,12,set_1
720575940630664556,720575940630034231,12,set_1
720575940630664556,720575940630893196,244,set_1
720575940630664556,720575940631082124,28,set_1
720575940630664556,720575940631299602,28,set_1
720575940630664556,720575940631915801,10,set_1
720575940630664556,720575940632078873,32,set_1
720575940630664556,720575940632293346,136,set_1
720575940630664556,720575940632423394,34,set_1
720575940630664556,720575940632602532,44,set_1
720575940630664556,720575940633165980,84,set_1
720575940630664556,720575940635391845,10,set_1
720575940630664556,720575940637330921,22,set_1
720575940630664556,720575940637568838,10,set_1
720575940630664556,720575940638202345,12,set_1
720575940630664556,720575940638218173,24,set_1
720575940630664556,720575940638419534,206,set_1
720575940630664556,720575940639274147,36,set_1
720575940630664556,720575940639786915,14,set_1
720575940630664556,720575940639993819,56,set_1
720575940630664556,720575940641590491,12,set_1
720575940630664556,720575940643703831,20,set_1
720575940630664556,720575940646274670,42,set_1
720575940630664556,720575940658442625,74,set_1
720575940630808827,720575940604470240,16,set_1
720575940630808827,720575940605714878,14,set_1
720575940630808827,720575940606425033,6,set_1
720575940630808827,720575940610604078,7,set_1
720575940630808827,720575940610956334,5,set_1
720575940630808827,720575940611843754,5,set_1
720575940630808827,720575940612470755,6,set_1
720575940630808827,720575940616298171,15,set_1
720575940630808827,720575940616597334,17,set_1
720575940630808827,720575940617950877,15,set_1
720575940630808827,720575940618165393,10,set_1
720575940630808827,720575940620494529,5,set_1
720575940630808827,720575940620749807,10,set_1
720575940630808827,720575940621668079,5,set_1
720575940630808827,720575940622154266,16,set_1
720575940630808827,720575940623338281,7,set_1
720575940630808827,720575940623380556,11,set_1
720575940630808827,720575940627403578,7,set_1
720575940630808827,720575940627827697,10,set_1
720575940630808827,720575940628709019,6,set_1
720575940630808827,720575940629792060,7,set_1
720575940630808827,720575940630403031,13,set_1
720575940630808827,720575940630810486,6,set_1
720575940630808827,720575940632029496,18,set_1
720575940630808827,720575940632640287,8,set_1
720575940630808827,720575940633996883,11,set_1
720575940630808827,720575940635211768,29,set_1
720575940630808827,720575940638092634,5,set_1
720575940630808827,720575940640469848,5,set_1
720575940630808827,720575940645537902,5,set_1
720575940630808827,720575940648180868,19,set_1
720575940630808827,720575940648188548,5,set_1
720575940630890040,720575940607848203,21,set_1
720575940630890040,720575940609834052,24,set_1
720575940630890040,720575940610584184,21,set_1
720575940630890040,720575940617688093,24,set_1
720575940630890040,720575940618887021,54,set_1
720575940630890040,720575940621085424,21,set_1
720575940630890040,720575940621640363,45,set_1
720575940630890040,720575940626201372,18,set_1
720575940630890040,720575940627796298,30,set_1
720575940630890040,720575940629017591,42,set_1
720575940630890040,720575940632013387,24,set_1
720575940630890040,720575940632525920,27,set_1
720575940630890040,720575940635119723,45,set_1
720575940630890040,720575940636489140,21,set_1
720575940630890040,720575940637101375,45,set_1
720575940630904567,720575940613687789,24,set_1
720575940630904567,720575940617488477,84,set_1
720575940630904567,720575940617854676,32,set_1
720575940630904567,720575940618166811,28,set_1
720575940630904567,720575940623675367,36,set_1
720575940630904567,720575940639512192,56,set_1
720575940630995799,720575940617488477,30,set_1
720575940630995799,720575940630349905,18,set_1
720575940630995799,720575940639512192,36,set_1
720575940631111983,720575940606388146,160,set_1
720575940631111983,720575940610611246,40,set_1
720575940631111983,720575940611548878,96,set_1
720575940631111983,720575940613170385,48,set_1
720575940631111983,720575940616162866,40,set_1
720575940631111983,720575940616328705,48,set_1
720575940631111983,720575940620170887,48,set_1
720575940631111983,720575940624882407,112,set_1
720575940631111983,720575940625874992,80,set_1
720575940631111983,720575940627275795,64,set_1
720575940631111983,720575940632602532,48,set_1
720575940631111983,720575940634105439,48,set_1
720575940631111983,720575940639956643,56,set_1
720575940631111983,720575940643325581,56,set_1
720575940631144109,720575940614572542,6,set_1
720575940631144109,720575940621329328,9,set_1
720575940631144109,720575940621827419,27,set_1
720575940631144109,720575940627275795,5,set_1
720575940631179831,720575940606388146,24,set_1
720575940631179831,720575940608707192,32,set_1
720575940631179831,720575940610000964,20,set_1
720575940631179831,720575940611548878,232,set_1
720575940631179831,720575940613943215,32,set_1
720575940631179831,720575940616196539,20,set_1
720575940631179831,720575940618165019,24,set_1
720575940631179831,720575940618166811,24,set_1
720575940631179831,720575940619658576,32,set_1
720575940631179831,720575940620217582,24,set_1
720575940631179831,720575940620626011,24,set_1
720575940631179831,720575940621047632,32,set_1
720575940631179831,720575940622054753,36,set_1
720575940631179831,720575940623676394,76,set_1
720575940631179831,720575940625045180,64,set_1
720575940631179831,720575940625167886,20,set_1
720575940631179831,720575940625873560,44,set_1
720575940631179831,720575940625874992,100,set_1
720575940631179831,720575940626583836,20,set_1
720575940631179831,720575940626953561,24,set_1
720575940631179831,720575940628598121,44,set_1
720575940631179831,720575940628780309,60,set_1
720575940631179831,720575940629024591,24,set_1
720575940631179831,720575940629778554,36,set_1
720575940631179831,720575940629804158,24,set_1
720575940631179831,720575940630589036,88,set_1
720575940631179831,720575940631999080,20,set_1
720575940631179831,720575940632118156,28,set_1
720575940631179831,720575940632602532,20,set_1
720575940631179831,720575940634645600,20,set_1
720575940631179831,720575940636165624,48,set_1
720575940631179831,720575940638714694,64,set_1
720575940631179831,720575940643867296,72,set_1
720575940631179831,720575940644672548,32,set_1
720575940631179831,720575940647030580,24,set_1
720575940631619948,720575940611211417,496,set_1
720575940631619948,720575940616162866,48,set_1
720575940631619948,720575940618788944,208,set_1
720575940631619948,720575940620627035,48,set_1
720575940631619948,720575940621329328,56,set_1
720575940631619948,720575940621818790,112,set_1
720575940631619948,720575940621870349,72,set_1
720575940631619948,720575940623660558,560,set_1
720575940631619948,720575940627275795,88,set_1
720575940631619948,720575940628995331,40,set_1
720575940631619948,720575940629470838,56,set_1
720575940631619948,720575940630893196,488,set_1
720575940631619948,720575940632602532,104,set_1
720575940631619948,720575940633165980,120,set_1
720575940631619948,720575940633571020,56,set_1
720575940631619948,720575940635297911,288,set_1
720575940631619948,720575940638419534,400,set_1
720575940631619948,720575940639993819,152,set_1
720575940631742381,720575940604486880,8,set_1
720575940631742381,720575940610711250,13,set_1
720575940631742381,720575940611846520,6,set_1
720575940631742381,720575940612572131,6,set_1
720575940631742381,720575940613809071,7,set_1
720575940631742381,720575940614587615,9,set_1
720575940631742381,720575940614714262,16,set_1
720575940631742381,720575940614942610,6,set_1
720575940631742381,720575940615750562,5,set_1
720575940631742381,720575940615770229,6,set_1
720575940631742381,720575940615868054,12,set_1
720575940631742381,720575940617691170,74,set_1
720575940631742381,720575940618943389,14,set_1
720575940631742381,720575940619134789,19,set_1
720575940631742381,720575940620716897,12,set_1
720575940631742381,720575940621457690,7,set_1
720575940631742381,720575940622505156,5,set_1
720575940631742381,720575940622995082,12,set_1
720575940631742381,720575940623817223,19,set_1
720575940631742381,720575940624799490,5,set_1
720575940631742381,720575940625360670,23,set_1
720575940631742381,720575940625663269,19,set_1
720575940631742381,720575940626500745,9,set_1
720575940631742381,720575940626654041,7,set_1
720575940631742381,720575940626994453,9,set_1
720575940631742381,720575940627045202,12,set_1
720575940631742381,720575940627312104,7,set_1
720575940631742381,720575940627357457,6,set_1
720575940631742381,720575940627447068,8,set_1
720575940631742381,720575940627486485,14,set_1
720575940631742381,720575940627686455,11,set_1
720575940631742381,720575940628137713,12,set_1
720575940631742381,720575940628733699,5,set_1
720575940631742381,720575940629897260,6,set_1
720575940631742381,720575940630052546,6,set_1
720575940631742381,720575940630397527,8,set_1
720575940631742381,720575940630644727,5,set_1
720575940631742381,720575940631260716,5,set_1
720575940631742381,720575940631745367,57,set_1
720575940631742381,720575940631758393,15,set_1
720575940631742381,720575940634057884,41,set_1
720575940631742381,720575940634079639,7,set_1
720575940631742381,720575940635816304,5,set_1
720575940631742381,720575940635870831,10,set_1
720575940631742381,720575940636008366,5,set_1
720575940631742381,720575940637603038,7,set_1
720575940631742381,720575940637611877,5,set_1
720575940631742381,720575940637934308,23,set_1
720575940631742381,720575940638886307,26,set_1
720575940631742381,720575940638975184,17,set_1
720575940631742381,720575940643700640,59,set_1
720575940631742381,720575940646353699,6,set_1
720575940631742381,720575940646735156,7,set_1
720575940631850521,720575940607731292,24,set_1
720575940631850521,720575940607876809,21,set_1
720575940631850521,720575940610899666,21,set_1
720575940631850521,720575940612628195,18,set_1
720575940631850521,720575940619034782,84,set_1
720575940631850521,720575940623507273,57,set_1
720575940631850521,720575940624157001,18,set_1
720575940631850521,720575940628326522,24,set_1
720575940631850521,720575940630484687,27,set_1
720575940631850521,720575940630887737,18,set_1
720575940631850521,720575940635280632,15,set_1
720575940632274914,720575940606239666,60,set_1
720575940632274914,720575940610000964,92,set_1
720575940632274914,720575940610611246,196,set_1
720575940632274914,720575940612910503,36,set_1
720575940632274914,720575940613943215,164,set_1
720575940632274914,720575940617636725,28,set_1
720575940632274914,720575940618472261,52,set_1
720575940632274914,720575940622054753,52,set_1
720575940632274914,720575940622474899,80,set_1
720575940632274914,720575940623209165,28,set_1
720575940632274914,720575940626767152,52,set_1
720575940632274914,720575940628668009,20,set_1
720575940632274914,720575940629422183,40,set_1
720575940632274914,720575940630182972,428,set_1
720575940632274914,720575940630589036,28,set_1
720575940632274914,720575940630867148,44,set_1
720575940632274914,720575940632341452,20,set_1
720575940632274914,720575940634085786,92,set_1
720575940632274914,720575940635202155,24,set_1
720575940632274914,720575940642428045,24,set_1
720575940632274914,720575940644676900,80,set_1
720575940632274914,720575940645108936,84,set_1
720575940632636959,720575940610986006,40,set_1
720575940632636959,720575940611496165,76,set_1
720575940632636959,720575940612277090,32,set_1
720575940632636959,720575940612984981,56,set_1
720575940632636959,720575940613170385,32,set_1
720575940632636959,720575940615480370,76,set_1
720575940632636959,720575940617755220,160,set_1
720575940632636959,720575940620061793,112,set_1
720575940632636959,720575940620177543,52,set_1
720575940632636959,720575940620262465,20,set_1
720575940632636959,720575940620506996,20,set_1
720575940632636959,720575940620550534,20,set_1
720575940632636959,720575940621149709,52,set_1
720575940632636959,720575940622466027,40,set_1
720575940632636959,720575940622515895,20,set_1
720575940632636959,720575940623158709,252,set_1
720575940632636959,720575940624176312,148,set_1
720575940632636959,720575940624600840,88,set_1
720575940632636959,720575940624994568,20,set_1
720575940632636959,720575940625172016,196,set_1
720575940632636959,720575940626567701,60,set_1
720575940632636959,720575940626583836,52,set_1
720575940632636959,720575940626826288,36,set_1
720575940632636959,720575940630548751,52,set_1
720575940632636959,720575940630670890,40,set_1
720575940632636959,720575940631056185,44,set_1
720575940632636959,720575940631309866,24,set_1
720575940632636959,720575940632873261,40,set_1
720575940632636959,720575940633521828,24,set_1
720575940632636959,720575940634699119,36,set_1
720575940632636959,720575940637742150,32,set_1
720575940632636959,720575940640032600,20,set_1
720575940632636959,720575940644672548,32,set_1
720575940632636959,720575940654057889,40,set_1
720575940633156799,720575940612952557,6,set_1
720575940633156799,720575940622474899,10,set_1
720575940633156799,720575940624528740,6,set_1
720575940633156799,720575940625172016,29,set_1
720575940633156799,720575940627275795,6,set_1
720575940633156799,720575940630034231,13,set_1
720575940633156799,720575940630548751,35,set_1
720575940633156799,720575940635696279,8,set_1
720575940633156799,720575940645056791,19,set_1
720575940633156799,720575940654057889,24,set_1
720575940633170969,720575940606866377,30,set_1
720575940633170969,720575940610001220,14,set_1
720575940633170969,720575940610482883,30,set_1
720575940633170969,720575940611366058,20,set_1
720575940633170969,720575940611772083,14,set_1
720575940633170969,720575940611988197,38,set_1
720575940633170969,720575940612030899,10,set_1
720575940633170969,720575940612319155,20,set_1
720575940633170969,720575940612554393,20,set_1
720575940633170969,720575940612692633,16,set_1
720575940633170969,720575940613929391,36,set_1
720575940633170969,720575940614660519,12,set_1
720575940633170969,720575940614763666,60,set_1
720575940633170969,720575940615742353,14,set_1
720575940633170969,720575940616018956,110,set_1
720575940633170969,720575940617494877,18,set_1
720575940633170969,720575940617593233,40,set_1
720575940633170969,720575940618859480,30,set_1
720575940633170969,720575940619176094,34,set_1
720575940633170969,720575940619473624,36,set_1
720575940633170969,720575940619973712,36,set_1
720575940633170969,720575940620031366,20,set_1
720575940633170969,720575940620103595,10,set_1
720575940633170969,720575940620353300,22,set_1
720575940633170969,720575940620359956,42,set_1
720575940633170969,720575940620374693,36,set_1
720575940633170969,720575940620780272,20,set_1
720575940633170969,720575940621057702,38,set_1
720575940633170969,720575940621119367,10,set_1
720575940633170969,720575940621586854,24,set_1
720575940633170969,720575940622624214,38,set_1
720575940633170969,720575940622695448,34,set_1
720575940633170969,720575940623164941,18,set_1
720575940633170969,720575940623211725,26,set_1
720575940633170969,720575940623476407,94,set_1
720575940633170969,720575940624530372,118,set_1
720575940633170969,720575940625298276,10,set_1
720575940633170969,720575940625834132,48,set_1
720575940633170969,720575940626278974,14,set_1
720575940633170969,720575940626289021,32,set_1
720575940633170969,720575940626337479,12,set_1
720575940633170969,720575940626456081,38,set_1
720575940633170969,720575940626835146,48,set_1
720575940633170969,720575940627081534,20,set_1
720575940633170969,720575940627086594,12,set_1
720575940633170969,720575940627182217,30,set_1
720575940633170969,720575940627383685,30,set_1
720575940633170969,720575940627814728,64,set_1
720575940633170969,720575940628755815,64,set_1
720575940633170969,720575940628780309,20,set_1
720575940633170969,720575940628802069,10,set_1
720575940633170969,720575940628972048,34,set_1
720575940633170969,720575940628995331,24,set_1
720575940633170969,720575940629081849,20,set_1
720575940633170969,720575940629822842,28,set_1
720575940633170969,720575940629839947,40,set_1
720575940633170969,720575940630579574,16,set_1
720575940633170969,720575940630674038,12,set_1
720575940633170969,720575940630991311,52,set_1
720575940633170969,720575940631168057,16,set_1
720575940633170969,720575940631349335,12,set_1
720575940633170969,720575940631703608,10,set_1
720575940633170969,720575940631997032,16,set_1
720575940633170969,720575940632047890,98,set_1
720575940633170969,720575940632587932,42,set_1
720575940633170969,720575940632659404,176,set_1
720575940633170969,720575940633185567,38,set_1
720575940633170969,720575940633316563,190,set_1
720575940633170969,720575940633881848,12,set_1
720575940633170969,720575940633919992,104,set_1
720575940633170969,720575940635179871,26,set_1
720575940633170969,720575940636346487,20,set_1
720575940633170969,720575940636828334,94,set_1
720575940633170969,720575940637144944,140,set_1
720575940633170969,720575940637656286,26,set_1
720575940633170969,720575940637956698,10,set_1
720575940633170969,720575940639787683,10,set_1
720575940633170969,720575940660223873,160,set_1
720575940633198284,720575940608498780,15,set_1
720575940633198284,720575940609268316,24,set_1
720575940633198284,720575940610611246,18,set_1
720575940633198284,720575940611225237,21,set_1
720575940633198284,720575940611817779,15,set_1
720575940633198284,720575940612470755,27,set_1
720575940633198284,720575940614642838,18,set_1
720575940633198284,720575940616018956,15,set_1
720575940633198284,720575940616298171,72,set_1
720575940633198284,720575940617488477,36,set_1
720575940633198284,720575940617568697,30,set_1
720575940633198284,720575940618519454,21,set_1
720575940633198284,720575940620031366,45,set_1
720575940633198284,720575940620094366,87,set_1
720575940633198284,720575940620135645,39,set_1
720575940633198284,720575940620353300,51,set_1
720575940633198284,720575940621442124,15,set_1
720575940633198284,720575940621566844,36,set_1
720575940633198284,720575940622154266,66,set_1
720575940633198284,720575940623242900,15,set_1
720575940633198284,720575940624404872,15,set_1
720575940633198284,720575940624600840,33,set_1
720575940633198284,720575940624789652,69,set_1
720575940633198284,720575940626227774,15,set_1
720575940633198284,720575940626626597,60,set_1
720575940633198284,720575940626826288,15,set_1
720575940633198284,720575940627403578,15,set_1
720575940633198284,720575940627493638,45,set_1
720575940633198284,720575940627538690,51,set_1
720575940633198284,720575940628125715,18,set_1
720575940633198284,720575940628378440,30,set_1
720575940633198284,720575940629564688,18,set_1
720575940633198284,720575940630724652,141,set_1
720575940633198284,720575940632029496,63,set_1
720575940633198284,720575940632365905,24,set_1
720575940633198284,720575940632486969,15,set_1
720575940633198284,720575940632640287,21,set_1
720575940633198284,720575940634844408,18,set_1
720575940633198284,720575940636168628,42,set_1
720575940633198284,720575940636734382,15,set_1
720575940633198284,720575940637742150,24,set_1
720575940633198284,720575940638642547,15,set_1
720575940633198284,720575940641229520,87,set_1
720575940633198284,720575940641536987,21,set_1
720575940633198284,720575940644659236,15,set_1
720575940633198284,720575940648180868,393,set_1
720575940634090777,720575940606254002,27,set_1
720575940634090777,720575940606388146,51,set_1
720575940634090777,720575940610232274,39,set_1
720575940634090777,720575940610683315,45,set_1
720575940634090777,720575940610986006,18,set_1
720575940634090777,720575940611184819,15,set_1
720575940634090777,720575940612261603,15,set_1
720575940634090777,720575940612289010,45,set_1
720575940634090777,720575940615296818,246,set_1
720575940634090777,720575940616162866,15,set_1
720575940634090777,720575940616562150,60,set_1
720575940634090777,720575940616616861,81,set_1
720575940634090777,720575940616971035,18,set_1
720575940634090777,720575940618165787,66,set_1
720575940634090777,720575940618788944,21,set_1
720575940634090777,720575940619111515,66,set_1
720575940634090777,720575940619453831,18,set_1
720575940634090777,720575940619473624,24,set_1
720575940634090777,720575940619549867,60,set_1
720575940634090777,720575940620129182,15,set_1
720575940634090777,720575940620359956,48,set_1
720575940634090777,720575940620780272,27,set_1
720575940634090777,720575940621329328,195,set_1
720575940634090777,720575940621345012,228,set_1
720575940634090777,720575940621375231,21,set_1
720575940634090777,720575940621818790,27,set_1
720575940634090777,720575940621953285,30,set_1
720575940634090777,720575940622236671,39,set_1
720575940634090777,720575940622348156,99,set_1
720575940634090777,720575940622358057,84,set_1
720575940634090777,720575940623535044,117,set_1
720575940634090777,720575940623696362,72,set_1
720575940634090777,720575940624528740,36,set_1
720575940634090777,720575940624530372,48,set_1
720575940634090777,720575940625045180,33,set_1
720575940634090777,720575940625615705,24,set_1
720575940634090777,720575940625752778,24,set_1
720575940634090777,720575940625834132,51,set_1
720575940634090777,720575940626016017,36,set_1
720575940634090777,720575940626376600,36,set_1
720575940634090777,720575940626974737,15,set_1
720575940634090777,720575940627359109,15,set_1
720575940634090777,720575940627397263,27,set_1
720575940634090777,720575940628095593,15,set_1
720575940634090777,720575940628673474,24,set_1
720575940634090777,720575940629270339,15,set_1
720575940634090777,720575940629470838,15,set_1
720575940634090777,720575940630229007,45,set_1
720575940634090777,720575940630548751,15,set_1
720575940634090777,720575940631082124,30,set_1
720575940634090777,720575940631092943,15,set_1
720575940634090777,720575940631106664,54,set_1
720575940634090777,720575940631284511,24,set_1
720575940634090777,720575940631507596,24,set_1
720575940634090777,720575940631787693,15,set_1
720575940634090777,720575940632341452,57,set_1
720575940634090777,720575940633165980,15,set_1
720575940634090777,720575940633571020,39,set_1
720575940634090777,720575940634105439,27,set_1
720575940634090777,720575940635179871,18,set_1
720575940634090777,720575940635807130,33,set_1
720575940634090777,720575940636541285,51,set_1
720575940634090777,720575940636608142,21,set_1
720575940634090777,720575940637165028,27,set_1
720575940634090777,720575940637296356,69,set_1
720575940634090777,720575940638218173,45,set_1
720575940634090777,720575940638608803,57,set_1
720575940634090777,720575940639206077,30,set_1
720575940634090777,720575940639786915,54,set_1
720575940634090777,720575940644750116,147,set_1
720575940634090777,720575940648864633,30,set_1
720575940634090777,720575940660123777,33,set_1
720575940634462304,720575940608606475,7,set_1
720575940634462304,720575940612079845,5,set_1
720575940634462304,720575940612921581,6,set_1
720575940634462304,720575940614938636,6,set_1
720575940634462304,720575940620499115,6,set_1
720575940634462304,720575940621750465,7,set_1
720575940634462304,720575940622284947,7,set_1
720575940634462304,720575940622883171,15,set_1
720575940634462304,720575940623512467,6,set_1
720575940634462304,720575940623581930,9,set_1
720575940634462304,720575940624247787,13,set_1
720575940634462304,720575940627955578,8,set_1
720575940634462304,720575940629917771,7,set_1
720575940634462304,720575940637416026,6,set_1
720575940634462304,720575940638540221,9,set_1
720575940634659508,720575940606388146,5,set_1
720575940634659508,720575940608370645,5,set_1
720575940634659508,720575940610611246,5,set_1
720575940634659508,720575940612952557,14,set_1
720575940634659508,720575940613747734,5,set_1
720575940634659508,720575940620506996,7,set_1
720575940634659508,720575940621490721,5,set_1
720575940634659508,720575940624882407,24,set_1
720575940634659508,720575940625045180,5,set_1
720575940634659508,720575940626999464,13,set_1
720575940634659508,720575940630034231,16,set_1
720575940634659508,720575940635696279,10,set_1
720575940634659508,720575940654057889,7,set_1
720575940634788247,720575940620353300,18,set_1
720575940634788247,720575940621761729,27,set_1
720575940634788247,720575940623158709,18,set_1
720575940634788247,720575940625172016,30,set_1
720575940634788247,720575940633941293,72,set_1
720575940634788247,720575940636541285,15,set_1
720575940634788247,720575940638103349,15,set_1
720575940635229303,720575940611157746,119,set_1
720575940635229303,720575940611211417,497,set_1
720575940635229303,720575940618788944,147,set_1
720575940635229303,720575940620170887,77,set_1
720575940635229303,720575940620262465,42,set_1
720575940635229303,720575940621870349,63,set_1
720575940635229303,720575940622415948,42,set_1
720575940635229303,720575940622835947,49,set_1
720575940635229303,720575940623660558,371,set_1
720575940635229303,720575940625031610,49,set_1
720575940635229303,720575940628391686,35,set_1
720575940635229303,720575940630893196,455,set_1
720575940635229303,720575940632873261,140,set_1
720575940635229303,720575940633165980,238,set_1
720575940635229303,720575940633791935,35,set_1
720575940635229303,720575940635391845,42,set_1
720575940635229303,720575940637936710,42,set_1
720575940635229303,720575940638419534,462,set_1
720575940635613358,720575940612289010,12,set_1
720575940635613358,720575940612952557,18,set_1
720575940635613358,720575940622474899,40,set_1
720575940635613358,720575940624266128,10,set_1
720575940635613358,720575940625172016,60,set_1
720575940635613358,720575940626999464,34,set_1
720575940635613358,720575940630034231,32,set_1
720575940635613358,720575940630548751,56,set_1
720575940635613358,720575940635696279,10,set_1
720575940635613358,720575940645056791,12,set_1
720575940635613358,720575940654057889,56,set_1
720575940635625367,720575940609133269,28,set_1
720575940635625367,720575940613563117,20,set_1
720575940635625367,720575940617636725,72,set_1
720575940635625367,720575940620025620,20,set_1
720575940635625367,720575940622348156,20,set_1
720575940635625367,720575940622810153,20,set_1
720575940635625367,720575940625867056,20,set_1
720575940635625367,720575940625875504,56,set_1
720575940635625367,720575940627828296,80,set_1
720575940635625367,720575940628211499,44,set_1
720575940635625367,720575940628743752,252,set_1
720575940635625367,720575940629778554,132,set_1
720575940635625367,720575940630232380,48,set_1
720575940635625367,720575940630589036,20,set_1
720575940635625367,720575940630806267,76,set_1
720575940635625367,720575940631999080,100,set_1
720575940635625367,720575940632281927,56,set_1
720575940635625367,720575940632304711,84,set_1
720575940635625367,720575940633373651,108,set_1
720575940635625367,720575940647030580,24,set_1
720575940635625367,720575940661338497,132,set_1
720575940635816926,720575940611715813,20,set_1
720575940635816926,720575940617854676,32,set_1
720575940635816926,720575940620780272,40,set_1
720575940635816926,720575940623449382,40,set_1
720575940635816926,720575940623675367,20,set_1
720575940635816926,720575940625172016,28,set_1
720575940635816926,720575940631643532,36,set_1
720575940635816926,720575940633711028,20,set_1
720575940635816926,720575940639512192,40,set_1
720575940635816926,720575940642910152,104,set_1
720575940635954879,720575940613640685,5,set_1
720575940635954879,720575940614572542,24,set_1
720575940635954879,720575940619866059,7,set_1
720575940635954879,720575940620467115,5,set_1
720575940635954879,720575940623535044,13,set_1
720575940635954879,720575940623777065,7,set_1
720575940635954879,720575940628034876,5,set_1
720575940635954879,720575940632695904,6,set_1
720575940637216624,720575940607377586,24,set_1
720575940637216624,720575940608451420,64,set_1
720575940637216624,720575940608498780,36,set_1
720575940637216624,720575940609423299,28,set_1
720575940637216624,720575940611167842,24,set_1
720575940637216624,720575940611549902,24,set_1
720575940637216624,720575940612470755,20,set_1
720575940637216624,720575940612950642,20,set_1
720575940637216624,720575940613825814,48,set_1
720575940637216624,720575940614660519,32,set_1
720575940637216624,720575940615582111,24,set_1
720575940637216624,720575940615583650,40,set_1
720575940637216624,720575940615671106,40,set_1
720575940637216624,720575940615672130,24,set_1
720575940637216624,720575940616014092,48,set_1
720575940637216624,720575940616194610,24,set_1
720575940637216624,720575940616848214,88,set_1
720575940637216624,720575940618166811,32,set_1
720575940637216624,720575940619114048,20,set_1
720575940637216624,720575940619877396,24,set_1
720575940637216624,720575940620129182,20,set_1
720575940637216624,720575940620262465,108,set_1
720575940637216624,720575940620274085,24,set_1
720575940637216624,720575940620353300,20,set_1
720575940637216624,720575940620359956,96,set_1
720575940637216624,720575940620819659,36,set_1
720575940637216624,720575940620982437,88,set_1
720575940637216624,720575940622026245,32,set_1
720575940637216624,720575940622054753,32,set_1
720575940637216624,720575940622116705,20,set_1
720575940637216624,720575940622863287,20,set_1
720575940637216624,720575940623192781,40,set_1
720575940637216624,720575940623449382,76,set_1
720575940637216624,720575940623847181,56,set_1
720575940637216624,720575940624600840,20,set_1
720575940637216624,720575940624987175,32,set_1
720575940637216624,720575940625167886,40,set_1
720575940637216624,720575940625867056,32,set_1
720575940637216624,720575940626668218,148,set_1
720575940637216624,720575940626960536,20,set_1
720575940637216624,720575940626972056,24,set_1
720575940637216624,720575940627086594,20,set_1
720575940637216624,720575940627107721,40,set_1
720575940637216624,720575940627418387,20,set_1
720575940637216624,720575940627429907,20,set_1
720575940637216624,720575940627739023,72,set_1
720575940637216624,720575940627847752,44,set_1
720575940637216624,720575940628462927,88,set_1
720575940637216624,720575940630461660,48,set_1
720575940637216624,720575940630470391,20,set_1
720575940637216624,720575940630670454,32,set_1
720575940637216624,720575940630991311,64,set_1
720575940637216624,720575940631293202,68,set_1
720575940637216624,720575940631299602,20,set_1
720575940637216624,720575940631349335,60,set_1
720575940637216624,720575940631918649,20,set_1
720575940637216624,720575940631994728,32,set_1
720575940637216624,720575940631997032,36,set_1
720575940637216624,720575940632486969,24,set_1
720575940637216624,720575940632659404,60,set_1
720575940637216624,720575940633315921,20,set_1
720575940637216624,720575940633941293,164,set_1
720575940637216624,720575940635530871,20,set_1
720575940637216624,720575940638103349,36,set_1
720575940637216624,720575940638125887,36,set_1
720575940637216624,720575940638419534,20,set_1
720575940637216624,720575940639831459,44,set_1
720575940637216624,720575940641648091,24,set_1
720575940637216624,720575940644464544,36,set_1
720575940637216624,720575940644669732,84,set_1
720575940637216624,720575940645039383,20,set_1
720575940637216624,720575940660220289,28,set_1
720575940637788137,720575940616777105,20,set_1
720575940637788137,720575940620129182,32,set_1
720575940637788137,720575940620262465,48,set_1
720575940637788137,720575940621149709,24,set_1
720575940637788137,720575940622193546,24,set_1
720575940637788137,720575940625172016,92,set_1
720575940637788137,720575940632873261,120,set_1
720575940638557312,720575940607071106,14,set_1
720575940638557312,720575940620353300,10,set_1
720575940638557312,720575940621761729,10,set_1
720575940638557312,720575940623535044,10,set_1
720575940638557312,720575940625172016,10,set_1
720575940638557312,720575940626375164,18,set_1
720575940638557312,720575940626972056,10,set_1
720575940638557312,720575940628784066,10,set_1
720575940638557312,720575940633941293,34,set_1
720575940638557312,720575940636541285,14,set_1
720575940638604915,720575940612470755,63,set_1
720575940638604915,720575940614660519,70,set_1
720575940638604915,720575940615495839,175,set_1
720575940638604915,720575940615672130,105,set_1
720575940638604915,720575940616298171,35,set_1
720575940638604915,720575940617678566,266,set_1
720575940638604915,720575940617787963,147,set_1
720575940638604915,720575940618165787,35,set_1
720575940638604915,720575940618166811,161,set_1
720575940638604915,720575940618472261,84,set_1
720575940638604915,720575940620025620,147,set_1
720575940638604915,720575940620262465,357,set_1
720575940638604915,720575940620353300,63,set_1
720575940638604915,720575940621662332,196,set_1
720575940638604915,720575940622154266,56,set_1
720575940638604915,720575940622493260,133,set_1
720575940638604915,720575940622810153,413,set_1
720575940638604915,720575940623209165,42,set_1
720575940638604915,720575940624600840,560,set_1
720575940638604915,720575940625172016,217,set_1
720575940638604915,720575940625376442,35,set_1
720575940638604915,720575940626668218,140,set_1
720575940638604915,720575940626826288,287,set_1
720575940638604915,720575940627667530,70,set_1
720575940638604915,720575940627815080,63,set_1
720575940638604915,720575940629470838,168,set_1
720575940638604915,720575940629576451,42,set_1
720575940638604915,720575940630182972,133,set_1
720575940638604915,720575940630589036,462,set_1
720575940638604915,720575940630670454,105,set_1
720575940638604915,720575940630679801,84,set_1
720575940638604915,720575940630773495,77,set_1
720575940638604915,720575940631092943,700,set_1
720575940638604915,720575940633941293,546,set_1
720575940638604915,720575940639512192,63,set_1
720575940638604915,720575940641648091,217,set_1
720575940638604915,720575940643867296,105,set_1
720575940639339829,720575940606388146,71,set_1
720575940639339829,720575940606866377,6,set_1
720575940639339829,720575940607162754,28,set_1
720575940639339829,720575940610054980,7,set_1
720575940639339829,720575940610173048,67,set_1
720575940639339829,720575940610611246,6,set_1
720575940639339829,720575940612208858,20,set_1
720575940639339829,720575940612686233,7,set_1
720575940639339829,720575940612692633,11,set_1
720575940639339829,720575940613640685,27,set_1
720575940639339829,720575940614736290,27,set_1
720575940639339829,720575940616065254,5,set_1
720575940639339829,720575940616071483,8,set_1
720575940639339829,720575940616162866,12,set_1
720575940639339829,720575940618165787,29,set_1
720575940639339829,720575940618166811,8,set_1
720575940639339829,720575940619042427,73,set_1
720575940639339829,720575940619473624,7,set_1
720575940639339829,720575940619781814,8,set_1
720575940639339829,720575940620780272,5,set_1
720575940639339829,720575940620833901,5,set_1
720575940639339829,720575940621047632,18,set_1
720575940639339829,720575940621116073,10,set_1
720575940639339829,720575940621329328,9,set_1
720575940639339829,720575940621569728,8,set_1
720575940639339829,720575940621667693,13,set_1
720575940639339829,720575940621833281,37,set_1
720575940639339829,720575940621894750,10,set_1
720575940639339829,720575940622054753,6,set_1
720575940639339829,720575940622195625,19,set_1
720575940639339829,720575940622348156,5,set_1
720575940639339829,720575940622657268,10,set_1
720575940639339829,720575940623137818,5,set_1
720575940639339829,720575940623209165,34,set_1
720575940639339829,720575940623535044,8,set_1
720575940639339829,720575940625454108,7,set_1
720575940639339829,720575940625874992,8,set_1
720575940639339829,720575940626919144,18,set_1
720575940639339829,720575940627356459,18,set_1
720575940639339829,720575940627359109,6,set_1
720575940639339829,720575940627359228,8,set_1
720575940639339829,720575940627828296,15,set_1
720575940639339829,720575940628070419,55,set_1
720575940639339829,720575940628598121,41,set_1
720575940639339829,720575940629266988,7,set_1
720575940639339829,720575940629470838,14,set_1
720575940639339829,720575940630182972,9,set_1
720575940639339829,720575940630665210,9,set_1
720575940639339829,720575940630691958,38,set_1
720575940639339829,720575940630980559,52,set_1
720575940639339829,720575940631365340,9,set_1
720575940639339829,720575940632118156,28,set_1
720575940639339829,720575940632134227,6,set_1
720575940639339829,720575940633195148,6,set_1
720575940639339829,720575940633772257,6,set_1
720575940639339829,720575940633824864,8,set_1
720575940639339829,720575940634093337,8,set_1
720575940639339829,720575940634105439,32,set_1
720575940639339829,720575940634645600,37,set_1
720575940639339829,720575940635527092,8,set_1
720575940639339829,720575940635527322,19,set_1
720575940639339829,720575940637360730,26,set_1
720575940639339829,720575940639206077,8,set_1
720575940639339829,720575940639512192,19,set_1
720575940639339829,720575940639831459,7,set_1
720575940640224640,720575940607345586,40,set_1
720575940640224640,720575940609133269,76,set_1
720575940640224640,720575940613563117,24,set_1
720575940640224640,720575940613640685,28,set_1
720575940640224640,720575940617636725,40,set_1
720575940640224640,720575940624882407,28,set_1
720575940640224640,720575940625875504,24,set_1
720575940640224640,720575940628211499,56,set_1
720575940640224640,720575940628743752,112,set_1
720575940640224640,720575940629778554,112,set_1
720575940640224640,720575940630232380,28,set_1
720575940640224640,720575940630589036,68,set_1
720575940640224640,720575940631299090,36,set_1
720575940640224640,720575940631999080,36,set_1
720575940640224640,720575940632281927,48,set_1
720575940640224640,720575940632304711,44,set_1
720575940640224640,720575940633373651,28,set_1
720575940640224640,720575940645039383,20,set_1
720575940640224640,720575940647030580,44,set_1
720575940640224640,720575940661338497,52,set_1
720575940641776032,720575940618118485,48,set_1
720575940641776032,720575940620031366,48,set_1
720575940641776032,720575940623853837,24,set_1
720575940641776032,720575940628462927,72,set_1
720575940641776032,720575940630311528,24,set_1
720575940643823470,720575940610611246,133,set_1
720575940643823470,720575940612606105,56,set_1
720575940643823470,720575940613170385,42,set_1
720575940643823470,720575940620170887,49,set_1
720575940643823470,720575940626583836,42,set_1
720575940643823470,720575940630683385,56,set_1
720575940643823470,720575940637936710,35,set_1
720575940643823470,720575940643325581,70,set_1
720575940646156420,720575940604470240,25,set_1
720575940646156420,720575940606388146,60,set_1
720575940646156420,720575940610611246,25,set_1
720575940646156420,720575940610615013,25,set_1
720575940646156420,720575940611548878,65,set_1
720575940646156420,720575940612952557,25,set_1
720575940646156420,720575940616162866,30,set_1
720575940646156420,720575940620177543,30,set_1
720575940646156420,720575940624882407,55,set_1
720575940646156420,720575940625167886,30,set_1
720575940646156420,720575940625799513,25,set_1
720575940646156420,720575940626583836,30,set_1
720575940646156420,720575940627275795,60,set_1
720575940646156420,720575940629470838,25,set_1
720575940646156420,720575940632602532,45,set_1
720575940646156420,720575940634699119,25,set_1
720575940646156420,720575940637936710,40,set_1
720575940646156420,720575940639956643,60,set_1
720575940646156420,720575940640681680,25,set_1
720575940647036980,720575940611548878,256,set_1
720575940647036980,720575940612692633,64,set_1
720575940647036980,720575940613004402,52,set_1
720575940647036980,720575940616864217,212,set_1
720575940647036980,720575940617678566,44,set_1
720575940647036980,720575940617787963,20,set_1
720575940647036980,720575940618165019,688,set_1
720575940647036980,720575940618166811,60,set_1
720575940647036980,720575940618539810,44,set_1
720575940647036980,720575940619016059,540,set_1
720575940647036980,720575940619549867,20,set_1
720575940647036980,720575940620025620,220,set_1
720575940647036980,720575940620553654,64,set_1
720575940647036980,720575940621047632,68,set_1
720575940647036980,720575940621833281,20,set_1
720575940647036980,720575940622493260,220,set_1
720575940647036980,720575940622810153,520,set_1
720575940647036980,720575940623535044,28,set_1
720575940647036980,720575940623690474,24,set_1
720575940647036980,720575940624554170,84,set_1
720575940647036980,720575940625874992,444,set_1
720575940647036980,720575940626163658,60,set_1
720575940647036980,720575940627419962,256,set_1
720575940647036980,720575940628743752,348,set_1
720575940647036980,720575940629470838,32,set_1
720575940647036980,720575940629778554,132,set_1
720575940647036980,720575940630232380,36,set_1
720575940647036980,720575940630233404,124,set_1
720575940647036980,720575940630605881,20,set_1
720575940647036980,720575940630868793,492,set_1
720575940647036980,720575940632281927,492,set_1
720575940647036980,720575940632727756,500,set_1
720575940647036980,720575940633213792,152,set_1
720575940647036980,720575940635297911,32,set_1
720575940647036980,720575940636165624,52,set_1
720575940647036980,720575940639831459,20,set_1
720575940647036980,720575940643867296,1500,set_1
720575940647036980,720575940645527918,144,set_1
720575940647036980,720575940646274670,336,set_1
720575940647036980,720575940647030580,104,set_1
720575940647036980,720575940661338497,332,set_1
720575940648708228,720575940611211417,98,set_1
720575940648708228,720575940613133718,98,set_1
720575940648708228,720575940614830239,42,set_1
720575940648708228,720575940617121819,133,set_1
720575940648708228,720575940618788944,217,set_1
720575940648708228,720575940619741104,42,set_1
720575940648708228,720575940619928929,49,set_1
720575940648708228,720575940620170887,98,set_1
720575940648708228,720575940623660558,112,set_1
720575940648708228,720575940623834300,77,set_1
720575940648708228,720575940625031610,196,set_1
720575940648708228,720575940626376600,35,set_1
720575940648708228,720575940626983952,287,set_1
720575940648708228,720575940628131778,112,set_1
720575940648708228,720575940628391686,63,set_1
720575940648708228,720575940630182972,49,set_1
720575940648708228,720575940630548751,98,set_1
720575940648708228,720575940630893196,154,set_1
720575940648708228,720575940632423394,35,set_1
720575940648708228,720575940632873261,189,set_1
720575940648708228,720575940633165980,329,set_1
720575940648708228,720575940638419534,70,set_1
720575940648708228,720575940639206077,35,set_1
720575940648708228,720575940654057889,98,set_1
720575940648708228,720575940658442625,112,set_1
720575940649081465,720575940606866377,20,set_1
720575940649081465,720575940609407939,28,set_1
720575940649081465,720575940609521250,44,set_1
720575940649081465,720575940611160930,276,set_1
720575940649081465,720575940611164770,24,set_1
720575940649081465,720575940611812050,40,set_1
720575940649081465,720575940611988197,20,set_1
720575940649081465,720575940613687789,424,set_1
720575940649081465,720575940615406590,80,set_1
720575940649081465,720575940615811670,232,set_1
720575940649081465,720575940616200790,44,set_1
720575940649081465,720575940617630182,28,set_1
720575940649081465,720575940617648453,240,set_1
720575940649081465,720575940619176094,24,set_1
720575940649081465,720575940620262465,68,set_1
720575940649081465,720575940621150191,128,set_1
720575940649081465,720575940622433799,28,set_1
720575940649081465,720575940623017989,80,set_1
720575940649081465,720575940623164941,168,set_1
720575940649081465,720575940623192781,20,set_1
720575940649081465,720575940623290126,36,set_1
720575940649081465,720575940624310857,244,set_1
720575940649081465,720575940624528740,36,set_1
720575940649081465,720575940625334349,24,set_1
720575940649081465,720575940626557442,32,set_1
720575940649081465,720575940628598121,36,set_1
720575940649081465,720575940628787016,72,set_1
720575940649081465,720575940630771449,28,set_1
720575940649081465,720575940632118156,24,set_1
720575940649081465,720575940633813940,20,set_1
720575940649081465,720575940634301852,48,set_1
720575940649081465,720575940635166571,20,set_1
720575940649081465,720575940635202204,20,set_1
720575940649081465,720575940645495587,112,set_1
720575940649081465,720575940647030324,20,set_1
720575940649081465,720575940648864633,256,set_1
720575940651736566,720575940605682790,14,set_1
720575940651736566,720575940608370645,20,set_1
720575940651736566,720575940610004437,24,set_1
720575940651736566,720575940610615013,16,set_1
720575940651736566,720575940611643033,18,set_1
720575940651736566,720575940612019569,82,set_1
720575940651736566,720575940612606105,70,set_1
720575940651736566,720575940615063592,34,set_1
720575940651736566,720575940616194610,24,set_1
720575940651736566,720575940616196539,10,set_1
720575940651736566,720575940617151266,82,set_1
720575940651736566,720575940617787963,18,set_1
720575940651736566,720575940617833265,42,set_1
720575940651736566,720575940618539810,18,set_1
720575940651736566,720575940618889931,88,set_1
720575940651736566,720575940619865547,26,set_1
720575940651736566,720575940620129182,34,set_1
720575940651736566,720575940620692974,90,set_1
720575940651736566,720575940621763312,12,set_1
720575940651736566,720575940622415948,10,set_1
720575940651736566,720575940622863287,52,set_1
720575940651736566,720575940623133223,68,set_1
720575940651736566,720575940623535044,10,set_1
720575940651736566,720575940624139559,18,set_1
720575940651736566,720575940624607076,38,set_1
720575940651736566,720575940624882407,88,set_1
720575940651736566,720575940625002936,66,set_1
720575940651736566,720575940625045180,32,set_1
720575940651736566,720575940625875504,50,set_1
720575940651736566,720575940626960536,116,set_1
720575940651736566,720575940627117193,16,set_1
720575940651736566,720575940628119127,40,set_1
720575940651736566,720575940628319899,22,set_1
720575940651736566,720575940628436282,20,set_1
720575940651736566,720575940628680553,32,set_1
720575940651736566,720575940628743752,14,set_1
720575940651736566,720575940629024591,12,set_1
720575940651736566,720575940629098028,22,set_1
720575940651736566,720575940629111490,38,set_1
720575940651736566,720575940630233404,18,set_1
720575940651736566,720575940630470391,24,set_1
720575940651736566,720575940630683385,118,set_1
720575940651736566,720575940632304711,22,set_1
720575940651736566,720575940633762714,14,set_1
720575940651736566,720575940635360924,12,set_1
720575940651736566,720575940635596212,18,set_1
720575940651736566,720575940638360960,20,set_1
720575940651736566,720575940639206077,20,set_1
720575940651736566,720575940639769715,28,set_1
720575940651736566,720575940642428045,14,set_1
720575940651736566,720575940643867296,14,set_1
720575940651736566,720575940644464544,32,set_1
720575940651736566,720575940647030580,22,set_1
720575940661309057,720575940604921446,9,set_1
720575940661309057,720575940605675808,7,set_1
720575940661309057,720575940608884693,10,set_1
720575940661309057,720575940609941145,6,set_1
720575940661309057,720575940616483414,5,set_1
720575940661309057,720575940621241008,11,set_1
720575940661309057,720575940622768408,6,set_1
720575940661309057,720575940622779263,5,set_1
720575940661309057,720575940623202748,5,set_1
720575940661309057,720575940623675367,19,set_1
720575940661309057,720575940623828999,7,set_1
720575940661309057,720575940624651704,6,set_1
720575940661309057,720575940625926693,7,set_1
720575940661309057,720575940628561628,9,set_1
720575940661309057,720575940628949839,8,set_1
720575940661309057,720575940629060986,5,set_1
720575940661309057,720575940629244359,7,set_1
720575940661309057,720575940633652216,10,set_1
720575940661309057,720575940634475616,5,set_1
720575940661309057,720575940635157902,10,set_1
720575940661309057,720575940641220853,8,set_1
720575940661309057,720575940651329526,7,set_1
