pre_root_id,post_root_id,syn_count,origin_set
720575940606388146,720575940608713993,33,set_4
720575940606388146,720575940609993284,51,set_4
720575940606388146,720575940610524339,39,set_4
720575940606388146,720575940612470755,18,set_4
720575940606388146,720575940612692633,117,set_4
720575940606388146,720575940613004402,36,set_4
720575940606388146,720575940613170385,15,set_4
720575940606388146,720575940613222195,30,set_4
720575940606388146,720575940614635175,48,set_4
720575940606388146,720575940614714514,297,set_4
720575940606388146,720575940614736290,24,set_4
720575940606388146,720575940614954536,15,set_4
720575940606388146,720575940615292895,33,set_4
720575940606388146,720575940615495839,66,set_4
720575940606388146,720575940615894614,378,set_4
720575940606388146,720575940616065254,15,set_4
720575940606388146,720575940617663537,30,set_4
720575940606388146,720575940618788944,18,set_4
720575940606388146,720575940618963732,18,set_4
720575940606388146,720575940619128699,150,set_4
720575940606388146,720575940619549867,63,set_4
720575940606388146,720575940619781814,66,set_4
720575940606388146,720575940619900507,111,set_4
720575940606388146,720575940620031366,27,set_4
720575940606388146,720575940620553094,18,set_4
720575940606388146,720575940620735258,42,set_4
720575940606388146,720575940621827419,24,set_4
720575940606388146,720575940621833281,21,set_4
720575940606388146,720575940621894750,165,set_4
720575940606388146,720575940622123144,141,set_4
720575940606388146,720575940622284947,27,set_4
720575940606388146,720575940622348156,546,set_4
720575940606388146,720575940622657268,99,set_4
720575940606388146,720575940623261675,45,set_4
720575940606388146,720575940623690474,84,set_4
720575940606388146,720575940623861962,21,set_4
720575940606388146,720575940624928284,87,set_4
720575940606388146,720575940625004034,15,set_4
720575940606388146,720575940625167886,36,set_4
720575940606388146,720575940625339981,51,set_4
720575940606388146,720575940625454108,114,set_4
720575940606388146,720575940625813140,51,set_4
720575940606388146,720575940626075517,48,set_4
720575940606388146,720575940626127432,18,set_4
720575940606388146,720575940626197593,54,set_4
720575940606388146,720575940626243428,171,set_4
720575940606388146,720575940626919144,69,set_4
720575940606388146,720575940626972056,24,set_4
720575940606388146,720575940627107271,369,set_4
720575940606388146,720575940627275795,162,set_4
720575940606388146,720575940627356459,213,set_4
720575940606388146,720575940627814728,21,set_4
720575940606388146,720575940627829064,18,set_4
720575940606388146,720575940628463042,36,set_4
720575940606388146,720575940629470838,15,set_4
720575940606388146,720575940630470391,57,set_4
720575940606388146,720575940630504466,51,set_4
720575940606388146,720575940630605881,24,set_4
720575940606388146,720575940630664556,642,set_4
720575940606388146,720575940630775801,24,set_4
720575940606388146,720575940631111983,102,set_4
720575940606388146,720575940631179831,36,set_4
720575940606388146,720575940631619948,144,set_4
720575940606388146,720575940631742381,36,set_4
720575940606388146,720575940631787693,48,set_4
720575940606388146,720575940633195148,33,set_4
720575940606388146,720575940633639063,18,set_4
720575940606388146,720575940633824864,15,set_4
720575940606388146,720575940634090777,42,set_4
720575940606388146,720575940634093337,72,set_4
720575940606388146,720575940634105439,129,set_4
720575940606388146,720575940634659508,39,set_4
720575940606388146,720575940635751269,18,set_4
720575940606388146,720575940637936710,96,set_4
720575940606388146,720575940638604915,21,set_4
720575940606388146,720575940639339829,552,set_4
720575940606388146,720575940639756093,27,set_4
720575940606388146,720575940643823470,75,set_4
720575940606388146,720575940644464544,66,set_4
720575940606388146,720575940644750116,18,set_4
720575940606388146,720575940646156420,120,set_4
720575940606388146,720575940652580086,15,set_4
720575940607472988,720575940608713993,128,set_4
720575940607472988,720575940612423922,16,set_4
720575940607472988,720575940613361010,58,set_4
720575940607472988,720575940613426343,68,set_4
720575940607472988,720575940614714514,16,set_4
720575940607472988,720575940615245107,118,set_4
720575940607472988,720575940618118485,62,set_4
720575940607472988,720575940619128699,36,set_4
720575940607472988,720575940619900507,52,set_4
720575940607472988,720575940620735258,20,set_4
720575940607472988,720575940621256384,24,set_4
720575940607472988,720575940622123144,24,set_4
720575940607472988,720575940622457579,32,set_4
720575940607472988,720575940623861962,112,set_4
720575940607472988,720575940624454221,18,set_4
720575940607472988,720575940626243428,54,set_4
720575940607472988,720575940630661164,28,set_4
720575940607472988,720575940630664556,124,set_4
720575940607472988,720575940631111983,12,set_4
720575940607472988,720575940631619948,52,set_4
720575940607472988,720575940631850521,16,set_4
720575940607472988,720575940637216624,144,set_4
720575940607472988,720575940638419534,12,set_4
720575940607472988,720575940638604915,82,set_4
720575940607472988,720575940647036980,86,set_4
720575940607472988,720575940647606148,14,set_4
720575940608370645,720575940611496165,6,set_4
720575940608370645,720575940620129182,6,set_4
720575940608370645,720575940620741102,5,set_4
720575940608370645,720575940622021637,5,set_4
720575940608370645,720575940625872688,5,set_4
720575940608370645,720575940626073637,6,set_4
720575940608370645,720575940627828552,5,set_4
720575940608370645,720575940628125715,16,set_4
720575940608370645,720575940629024591,19,set_4
720575940608370645,720575940636541285,18,set_4
720575940608370645,720575940640162944,7,set_4
720575940608707192,720575940608475331,18,set_4
720575940608707192,720575940611366058,24,set_4
720575940608707192,720575940614714514,12,set_4
720575940608707192,720575940615894614,46,set_4
720575940608707192,720575940616018956,18,set_4
720575940608707192,720575940623210445,18,set_4
720575940608707192,720575940625175054,20,set_4
720575940608707192,720575940626191306,30,set_4
720575940608707192,720575940626668218,18,set_4
720575940608707192,720575940628095593,22,set_4
720575940608707192,720575940630470391,10,set_4
720575940608707192,720575940631092943,38,set_4
720575940608707192,720575940631997032,72,set_4
720575940608707192,720575940633941293,30,set_4
720575940608707192,720575940639339829,58,set_4
720575940608707192,720575940642428045,18,set_4
720575940608707192,720575940644464544,10,set_4
720575940609922372,720575940607345586,50,set_4
720575940609922372,720575940607377586,14,set_4
720575940609922372,720575940609133269,30,set_4
720575940609922372,720575940609423299,15,set_4
720575940609922372,720575940612686233,5,set_4
720575940609922372,720575940615023535,5,set_4
720575940609922372,720575940615583650,12,set_4
720575940609922372,720575940615672130,17,set_4
720575940609922372,720575940616194610,27,set_4
720575940609922372,720575940616848214,31,set_4
720575940609922372,720575940617031385,28,set_4
720575940609922372,720575940619042427,12,set_4
720575940609922372,720575940619114048,9,set_4
720575940609922372,720575940619473624,6,set_4
720575940609922372,720575940620262465,12,set_4
720575940609922372,720575940620633947,13,set_4
720575940609922372,720575940620741102,23,set_4
720575940609922372,720575940620819659,23,set_4
720575940609922372,720575940620833901,6,set_4
720575940609922372,720575940621256384,5,set_4
720575940609922372,720575940622054753,24,set_4
720575940609922372,720575940622348156,19,set_4
720575940609922372,720575940622624214,7,set_4
720575940609922372,720575940623017989,6,set_4
720575940609922372,720575940623449382,5,set_4
720575940609922372,720575940623676394,5,set_4
720575940609922372,720575940624023188,11,set_4
720575940609922372,720575940624987175,6,set_4
720575940609922372,720575940625164176,32,set_4
720575940609922372,720575940625167886,22,set_4
720575940609922372,720575940625813140,5,set_4
720575940609922372,720575940626075517,6,set_4
720575940609922372,720575940626826288,5,set_4
720575940609922372,720575940626960536,16,set_4
720575940609922372,720575940626961241,10,set_4
720575940609922372,720575940627062088,49,set_4
720575940609922372,720575940627086594,17,set_4
720575940609922372,720575940627410451,8,set_4
720575940609922372,720575940627739023,37,set_4
720575940609922372,720575940628815381,14,set_4
720575940609922372,720575940629266988,6,set_4
720575940609922372,720575940630461404,5,set_4
720575940609922372,720575940630579574,25,set_4
720575940609922372,720575940630679801,5,set_4
720575940609922372,720575940631365340,5,set_4
720575940609922372,720575940631595603,8,set_4
720575940609922372,720575940632028216,29,set_4
720575940609922372,720575940632134227,17,set_4
720575940609922372,720575940632365905,13,set_4
720575940609922372,720575940632839763,19,set_4
720575940609922372,720575940633824864,17,set_4
720575940609922372,720575940634105439,7,set_4
720575940609922372,720575940634210155,34,set_4
720575940609922372,720575940635527092,8,set_4
720575940609922372,720575940635596212,58,set_4
720575940609922372,720575940637360730,23,set_4
720575940609922372,720575940638125887,14,set_4
720575940609922372,720575940639206077,9,set_4
720575940609922372,720575940639339829,6,set_4
720575940609922372,720575940639787683,62,set_4
720575940609922372,720575940639831459,22,set_4
720575940609922372,720575940639994456,7,set_4
720575940609922372,720575940642422517,5,set_4
720575940609922372,720575940644672548,9,set_4
720575940609922372,720575940645039383,5,set_4
720575940609922372,720575940647010356,11,set_4
720575940609922372,720575940647060532,15,set_4
720575940609922372,720575940647560500,10,set_4
720575940609922372,720575940649081465,5,set_4
720575940609922372,720575940660224641,29,set_4
720575940609922372,720575940661338497,7,set_4
720575940609937476,720575940610000964,24,set_4
720575940609937476,720575940611167842,16,set_4
720575940609937476,720575940613943215,34,set_4
720575940609937476,720575940614954536,10,set_4
720575940609937476,720575940616018956,138,set_4
720575940609937476,720575940616067890,24,set_4
720575940609937476,720575940616848214,20,set_4
720575940609937476,720575940617636725,16,set_4
720575940609937476,720575940619624795,60,set_4
720575940609937476,720575940620626011,12,set_4
720575940609937476,720575940623390246,52,set_4
720575940609937476,720575940623654804,20,set_4
720575940609937476,720575940624600840,24,set_4
720575940609937476,720575940625002936,28,set_4
720575940609937476,720575940625175054,30,set_4
720575940609937476,720575940625408796,20,set_4
720575940609937476,720575940626456081,12,set_4
720575940609937476,720575940626705497,16,set_4
720575940609937476,720575940626960536,48,set_4
720575940609937476,720575940627047400,12,set_4
720575940609937476,720575940627419962,60,set_4
720575940609937476,720575940627739023,12,set_4
720575940609937476,720575940627829064,14,set_4
720575940609937476,720575940628095593,28,set_4
720575940609937476,720575940628211499,12,set_4
720575940609937476,720575940628463042,86,set_4
720575940609937476,720575940628684023,34,set_4
720575940609937476,720575940629024591,12,set_4
720575940609937476,720575940629470838,70,set_4
720575940609937476,720575940629576451,10,set_4
720575940609937476,720575940630182972,22,set_4
720575940609937476,720575940631092943,40,set_4
720575940609937476,720575940631108303,44,set_4
720575940609937476,720575940632281927,48,set_4
720575940609937476,720575940632602532,14,set_4
720575940609937476,720575940633941293,54,set_4
720575940609937476,720575940634105439,24,set_4
720575940609937476,720575940635751269,12,set_4
720575940609937476,720575940636541285,24,set_4
720575940609937476,720575940638604915,10,set_4
720575940609937476,720575940639756093,22,set_4
720575940609937476,720575940639769715,98,set_4
720575940609937476,720575940639787683,24,set_4
720575940609937476,720575940639831459,12,set_4
720575940609937476,720575940641648091,18,set_4
720575940609937476,720575940642428045,36,set_4
720575940609937476,720575940644669732,56,set_4
720575940609937476,720575940645039383,16,set_4
720575940609937476,720575940647036980,66,set_4
720575940609937476,720575940660224641,48,set_4
720575940609937476,720575940661338497,38,set_4
720575940610054980,720575940609423299,96,set_4
720575940610054980,720575940610897906,36,set_4
720575940610054980,720575940611388595,54,set_4
720575940610054980,720575940611885461,102,set_4
720575940610054980,720575940616194610,36,set_4
720575940610054980,720575940619624795,30,set_4
720575940610054980,720575940619658576,30,set_4
720575940610054980,720575940620274085,60,set_4
720575940610054980,720575940620553654,168,set_4
720575940610054980,720575940620983637,114,set_4
720575940610054980,720575940621667693,72,set_4
720575940610054980,720575940621827419,54,set_4
720575940610054980,720575940622144648,264,set_4
720575940610054980,720575940623056422,72,set_4
720575940610054980,720575940623525258,60,set_4
720575940610054980,720575940624554170,234,set_4
720575940610054980,720575940625002936,144,set_4
720575940610054980,720575940627419962,72,set_4
720575940610054980,720575940627723657,30,set_4
720575940610054980,720575940628070419,48,set_4
720575940610054980,720575940628463042,36,set_4
720575940610054980,720575940629422183,66,set_4
720575940610054980,720575940630665210,30,set_4
720575940610054980,720575940630806267,30,set_4
720575940610054980,720575940630980559,36,set_4
720575940610054980,720575940631299090,42,set_4
720575940610054980,720575940631918649,72,set_4
720575940610054980,720575940632252743,36,set_4
720575940610054980,720575940633762714,60,set_4
720575940610054980,720575940634755041,84,set_4
720575940610054980,720575940635212143,36,set_4
720575940610054980,720575940635501560,84,set_4
720575940610054980,720575940638024794,42,set_4
720575940610054980,720575940639769715,246,set_4
720575940610054980,720575940645524003,36,set_4
720575940610054980,720575940646274670,504,set_4
720575940610054980,720575940647030580,180,set_4
720575940610054980,720575940648804217,240,set_4
720575940610173048,720575940609407939,60,set_4
720575940610173048,720575940611151406,10,set_4
720575940610173048,720575940611160930,18,set_4
720575940610173048,720575940611164770,72,set_4
720575940610173048,720575940617488477,16,set_4
720575940610173048,720575940617539355,10,set_4
720575940610173048,720575940618936710,10,set_4
720575940610173048,720575940621150191,22,set_4
720575940610173048,720575940622235425,30,set_4
720575940610173048,720575940622391337,28,set_4
720575940610173048,720575940628029180,22,set_4
720575940610173048,720575940631918649,12,set_4
720575940610173048,720575940635166571,18,set_4
720575940610606126,720575940609423299,35,set_4
720575940610606126,720575940615071391,115,set_4
720575940610606126,720575940616169010,110,set_4
720575940610606126,720575940619601428,35,set_4
720575940610606126,720575940620170887,45,set_4
720575940610606126,720575940620626011,145,set_4
720575940610606126,720575940620819659,25,set_4
720575940610606126,720575940623148285,25,set_4
720575940610606126,720575940623525258,160,set_4
720575940610606126,720575940626705497,175,set_4
720575940610606126,720575940627040549,40,set_4
720575940610606126,720575940627206074,75,set_4
720575940610606126,720575940628095593,110,set_4
720575940610606126,720575940628684023,30,set_4
720575940610606126,720575940631299090,155,set_4
720575940610606126,720575940632602532,130,set_4
720575940610606126,720575940632839763,120,set_4
720575940610606126,720575940633639063,55,set_4
720575940610606126,720575940645039383,45,set_4
720575940610606126,720575940647036980,450,set_4
720575940610611246,720575940605682790,155,set_4
720575940610611246,720575940607345586,7,set_4
720575940610611246,720575940610604334,14,set_4
720575940610611246,720575940611018865,52,set_4
720575940610611246,720575940612208858,6,set_4
720575940610611246,720575940614635175,5,set_4
720575940610611246,720575940614714514,8,set_4
720575940610611246,720575940614954536,17,set_4
720575940610611246,720575940615495839,16,set_4
720575940610611246,720575940616071483,49,set_4
720575940610611246,720575940616791709,13,set_4
720575940610611246,720575940617299515,15,set_4
720575940610611246,720575940617488477,9,set_4
720575940610611246,720575940617917579,6,set_4
720575940610611246,720575940618135419,10,set_4
720575940610611246,720575940618936710,6,set_4
720575940610611246,720575940619549867,12,set_4
720575940610611246,720575940620553094,10,set_4
720575940610611246,720575940620741102,81,set_4
720575940610611246,720575940620819659,7,set_4
720575940610611246,720575940621116073,29,set_4
720575940610611246,720575940621763312,5,set_4
720575940610611246,720575940622348156,213,set_4
720575940610611246,720575940622415948,45,set_4
720575940610611246,720575940622835947,5,set_4
720575940610611246,720575940623029395,5,set_4
720575940610611246,720575940623044103,8,set_4
720575940610611246,720575940623066893,5,set_4
720575940610611246,720575940623272328,14,set_4
720575940610611246,720575940623737525,6,set_4
720575940610611246,720575940624466440,8,set_4
720575940610611246,720575940624913959,20,set_4
720575940610611246,720575940624928284,16,set_4
720575940610611246,720575940625081290,9,set_4
720575940610611246,720575940625167886,6,set_4
720575940610611246,720575940625339981,32,set_4
720575940610611246,720575940625740346,8,set_4
720575940610611246,720575940625807152,101,set_4
720575940610611246,720575940625813140,20,set_4
720575940610611246,720575940626197593,8,set_4
720575940610611246,720575940626555153,8,set_4
720575940610611246,720575940626583836,10,set_4
720575940610611246,720575940626705497,52,set_4
720575940610611246,720575940626919144,40,set_4
720575940610611246,720575940627254856,40,set_4
720575940610611246,720575940627275795,55,set_4
720575940610611246,720575940627312668,186,set_4
720575940610611246,720575940627359228,34,set_4
720575940610611246,720575940627828040,59,set_4
720575940610611246,720575940628070419,17,set_4
720575940610611246,720575940628885160,10,set_4
720575940610611246,720575940629266988,25,set_4
720575940610611246,720575940629595633,26,set_4
720575940610611246,720575940630182972,6,set_4
720575940610611246,720575940630461404,12,set_4
720575940610611246,720575940630470391,28,set_4
720575940610611246,720575940630504466,11,set_4
720575940610611246,720575940630771449,64,set_4
720575940610611246,720575940631111983,26,set_4
720575940610611246,720575940631179831,100,set_4
720575940610611246,720575940631939415,18,set_4
720575940610611246,720575940631968599,5,set_4
720575940610611246,720575940632998028,20,set_4
720575940610611246,720575940633170643,5,set_4
720575940610611246,720575940633824864,23,set_4
720575940610611246,720575940634090777,19,set_4
720575940610611246,720575940634093337,32,set_4
720575940610611246,720575940634659508,24,set_4
720575940610611246,720575940635229303,56,set_4
720575940610611246,720575940635816926,7,set_4
720575940610611246,720575940637936710,71,set_4
720575940610611246,720575940639206077,11,set_4
720575940610611246,720575940639339829,169,set_4
720575940610611246,720575940639512192,16,set_4
720575940610611246,720575940641284853,7,set_4
720575940610611246,720575940643823470,31,set_4
720575940610611246,720575940644464544,12,set_4
720575940610611246,720575940644672548,6,set_4
720575940610611246,720575940646156420,19,set_4
720575940610611246,720575940646192692,6,set_4
720575940610611246,720575940648708228,43,set_4
720575940610611246,720575940649081465,127,set_4
720575940610611246,720575940651736566,79,set_4
720575940611548878,720575940610590869,7,set_4
720575940611548878,720575940613004402,5,set_4
720575940611548878,720575940615245107,6,set_4
720575940611548878,720575940616848214,5,set_4
720575940611548878,720575940619624795,7,set_4
720575940611548878,720575940622348156,6,set_4
720575940611548878,720575940623149581,5,set_4
720575940611548878,720575940627062088,6,set_4
720575940611548878,720575940628463042,14,set_4
720575940611548878,720575940629024591,13,set_4
720575940611548878,720575940630159616,17,set_4
720575940611548878,720575940632281927,21,set_4
720575940611548878,720575940633065901,26,set_4
720575940611548878,720575940639206077,9,set_4
720575940611548878,720575940639787683,12,set_4
720575940611548878,720575940640162944,6,set_4
720575940611548878,720575940644666148,46,set_4
720575940611548878,720575940646274670,154,set_4
720575940611548878,720575940647036980,200,set_4
720575940611548878,720575940661338497,8,set_4
720575940611549902,720575940607162754,7,set_4
720575940611549902,720575940609993284,157,set_4
720575940611549902,720575940611988197,6,set_4
720575940611549902,720575940612692633,62,set_4
720575940611549902,720575940613426343,5,set_4
720575940611549902,720575940614714514,12,set_4
720575940611549902,720575940614736290,10,set_4
720575940611549902,720575940615292895,8,set_4
720575940611549902,720575940616018956,9,set_4
720575940611549902,720575940616065254,5,set_4
720575940611549902,720575940618135419,5,set_4
720575940611549902,720575940619781814,22,set_4
720575940611549902,720575940621116073,10,set_4
720575940611549902,720575940621667693,53,set_4
720575940611549902,720575940621957381,6,set_4
720575940611549902,720575940622054753,51,set_4
720575940611549902,720575940622312063,35,set_4
720575940611549902,720575940622348156,48,set_4
720575940611549902,720575940622657268,35,set_4
720575940611549902,720575940623040094,6,set_4
720575940611549902,720575940623137818,33,set_4
720575940611549902,720575940623476407,11,set_4
720575940611549902,720575940625175054,5,set_4
720575940611549902,720575940625454108,54,set_4
720575940611549902,720575940626919144,13,set_4
720575940611549902,720575940627359228,12,set_4
720575940611549902,720575940627418387,6,set_4
720575940611549902,720575940627704392,9,set_4
720575940611549902,720575940627916331,42,set_4
720575940611549902,720575940628070419,65,set_4
720575940611549902,720575940628815381,8,set_4
720575940611549902,720575940628885160,7,set_4
720575940611549902,720575940629266988,14,set_4
720575940611549902,720575940629865319,19,set_4
720575940611549902,720575940630589036,23,set_4
720575940611549902,720575940630605881,9,set_4
720575940611549902,720575940630665210,120,set_4
720575940611549902,720575940630691958,9,set_4
720575940611549902,720575940630771449,19,set_4
720575940611549902,720575940630775801,6,set_4
720575940611549902,720575940630980559,19,set_4
720575940611549902,720575940631092943,46,set_4
720575940611549902,720575940631787693,18,set_4
720575940611549902,720575940633195148,46,set_4
720575940611549902,720575940634093337,14,set_4
720575940611549902,720575940635807130,57,set_4
720575940611549902,720575940637686750,7,set_4
720575940611549902,720575940638604915,41,set_4
720575940611549902,720575940639206077,5,set_4
720575940611549902,720575940639339829,30,set_4
720575940611549902,720575940639831459,69,set_4
720575940611549902,720575940647036980,5,set_4
720575940611549902,720575940647037492,13,set_4
720575940611549902,720575940649081465,5,set_4
720575940612289010,720575940614965691,9,set_4
720575940612289010,720575940615824011,5,set_4
720575940612289010,720575940619453831,8,set_4
720575940612289010,720575940621633683,15,set_4
720575940612289010,720575940622319715,7,set_4
720575940612289010,720575940624987394,7,set_4
720575940612289010,720575940625137497,5,set_4
720575940612289010,720575940626308697,7,set_4
720575940612289010,720575940630157643,7,set_4
720575940612289010,720575940630504466,9,set_4
720575940612289010,720575940630620207,6,set_4
720575940612289010,720575940632879842,10,set_4
720575940612289010,720575940633715831,5,set_4
720575940612606105,720575940607377586,25,set_4
720575940612606105,720575940614714514,35,set_4
720575940612606105,720575940616791709,30,set_4
720575940612606105,720575940619624795,55,set_4
720575940612606105,720575940620170887,65,set_4
720575940612606105,720575940621833281,490,set_4
720575940612606105,720575940623149581,195,set_4
720575940612606105,720575940624289789,110,set_4
720575940612606105,720575940625164176,40,set_4
720575940612606105,720575940627206074,65,set_4
720575940612606105,720575940627312668,50,set_4
720575940612606105,720575940627359109,155,set_4
720575940612606105,720575940628463042,85,set_4
720575940612606105,720575940628644218,25,set_4
720575940612606105,720575940629024591,55,set_4
720575940612606105,720575940630182972,65,set_4
720575940612606105,720575940630654539,30,set_4
720575940612606105,720575940631994728,35,set_4
720575940612606105,720575940632134227,40,set_4
720575940612606105,720575940632281927,90,set_4
720575940612606105,720575940633129171,125,set_4
720575940612606105,720575940633129683,125,set_4
720575940612606105,720575940633895469,130,set_4
720575940612606105,720575940639769715,85,set_4
720575940612606105,720575940646039092,75,set_4
720575940612606105,720575940646930996,30,set_4
720575940612606105,720575940647036980,95,set_4
720575940612606105,720575940649081465,55,set_4
720575940612606105,720575940650760825,170,set_4
720575940612606105,720575940661338497,55,set_4
720575940613563117,720575940605694240,30,set_4
720575940613563117,720575940608475331,33,set_4
720575940613563117,720575940609133269,18,set_4
720575940613563117,720575940612208858,36,set_4
720575940613563117,720575940613004402,45,set_4
720575940613563117,720575940614714514,57,set_4
720575940613563117,720575940615071391,57,set_4
720575940613563117,720575940615894614,24,set_4
720575940613563117,720575940616018956,108,set_4
720575940613563117,720575940616071483,39,set_4
720575940613563117,720575940616100582,15,set_4
720575940613563117,720575940616169010,75,set_4
720575940613563117,720575940617151266,51,set_4
720575940613563117,720575940617476379,27,set_4
720575940613563117,720575940619549867,90,set_4
720575940613563117,720575940619601428,54,set_4
720575940613563117,720575940619624795,141,set_4
720575940613563117,720575940619865547,27,set_4
720575940613563117,720575940620170887,138,set_4
720575940613563117,720575940620217582,18,set_4
720575940613563117,720575940620262465,18,set_4
720575940613563117,720575940620626011,42,set_4
720575940613563117,720575940621128583,18,set_4
720575940613563117,720575940621833281,51,set_4
720575940613563117,720575940621930710,57,set_4
720575940613563117,720575940622124833,78,set_4
720575940613563117,720575940622519156,15,set_4
720575940613563117,720575940622853258,15,set_4
720575940613563117,720575940623066893,51,set_4
720575940613563117,720575940623148285,75,set_4
720575940613563117,720575940623149581,195,set_4
720575940613563117,720575940623261675,66,set_4
720575940613563117,720575940623390246,216,set_4
720575940613563117,720575940623654804,60,set_4
720575940613563117,720575940623690474,144,set_4
720575940613563117,720575940624263655,30,set_4
720575940613563117,720575940624289789,150,set_4
720575940613563117,720575940625813140,108,set_4
720575940613563117,720575940626185353,21,set_4
720575940613563117,720575940626939737,270,set_4
720575940613563117,720575940626960536,186,set_4
720575940613563117,720575940627040549,162,set_4
720575940613563117,720575940627210502,81,set_4
720575940613563117,720575940627356459,42,set_4
720575940613563117,720575940627359109,183,set_4
720575940613563117,720575940627828040,15,set_4
720575940613563117,720575940628095593,228,set_4
720575940613563117,720575940628463042,54,set_4
720575940613563117,720575940628684023,57,set_4
720575940613563117,720575940629024591,138,set_4
720575940613563117,720575940629470838,108,set_4
720575940613563117,720575940629677417,18,set_4
720575940613563117,720575940630182972,21,set_4
720575940613563117,720575940630506344,39,set_4
720575940613563117,720575940632028216,33,set_4
720575940613563117,720575940632602532,174,set_4
720575940613563117,720575940632839763,45,set_4
720575940613563117,720575940633639063,51,set_4
720575940613563117,720575940633762714,36,set_4
720575940613563117,720575940633941293,18,set_4
720575940613563117,720575940634105439,18,set_4
720575940613563117,720575940635625367,36,set_4
720575940613563117,720575940635751269,27,set_4
720575940613563117,720575940638604915,15,set_4
720575940613563117,720575940639769715,45,set_4
720575940613563117,720575940640348149,36,set_4
720575940613563117,720575940644672548,36,set_4
720575940613563117,720575940646930996,138,set_4
720575940613563117,720575940647036980,264,set_4
720575940613563117,720575940651736566,39,set_4
720575940613640685,720575940607345586,46,set_4
720575940613640685,720575940607377586,14,set_4
720575940613640685,720575940609133269,12,set_4
720575940613640685,720575940609423299,44,set_4
720575940613640685,720575940615583650,20,set_4
720575940613640685,720575940616018956,22,set_4
720575940613640685,720575940616194610,48,set_4
720575940613640685,720575940616848214,70,set_4
720575940613640685,720575940617031385,22,set_4
720575940613640685,720575940617663537,10,set_4
720575940613640685,720575940618028125,10,set_4
720575940613640685,720575940619114048,20,set_4
720575940613640685,720575940619781814,10,set_4
720575940613640685,720575940620633947,38,set_4
720575940613640685,720575940620741102,18,set_4
720575940613640685,720575940620819659,28,set_4
720575940613640685,720575940621065301,26,set_4
720575940613640685,720575940622054753,14,set_4
720575940613640685,720575940622624214,12,set_4
720575940613640685,720575940623676394,16,set_4
720575940613640685,720575940624023188,32,set_4
720575940613640685,720575940625164176,94,set_4
720575940613640685,720575940625167886,20,set_4
720575940613640685,720575940626092302,18,set_4
720575940613640685,720575940626890852,14,set_4
720575940613640685,720575940626960536,12,set_4
720575940613640685,720575940626961241,10,set_4
720575940613640685,720575940627062088,84,set_4
720575940613640685,720575940627086594,44,set_4
720575940613640685,720575940627099338,30,set_4
720575940613640685,720575940627293540,12,set_4
720575940613640685,720575940627739023,72,set_4
720575940613640685,720575940628815381,26,set_4
720575940613640685,720575940629639550,16,set_4
720575940613640685,720575940630579574,52,set_4
720575940613640685,720575940631365340,10,set_4
720575940613640685,720575940632028216,32,set_4
720575940613640685,720575940632134227,22,set_4
720575940613640685,720575940632365905,24,set_4
720575940613640685,720575940632839763,22,set_4
720575940613640685,720575940633315921,10,set_4
720575940613640685,720575940634105439,12,set_4
720575940613640685,720575940634210155,24,set_4
720575940613640685,720575940635596212,90,set_4
720575940613640685,720575940637360730,12,set_4
720575940613640685,720575940638125887,12,set_4
720575940613640685,720575940639339829,22,set_4
720575940613640685,720575940639787683,92,set_4
720575940613640685,720575940639831459,42,set_4
720575940613640685,720575940647010356,28,set_4
720575940613640685,720575940647060532,28,set_4
720575940613640685,720575940647560500,66,set_4
720575940613640685,720575940660224641,74,set_4
720575940615063592,720575940605698080,108,set_4
720575940615063592,720575940605971330,30,set_4
720575940615063592,720575940607377586,42,set_4
720575940615063592,720575940608713993,60,set_4
720575940615063592,720575940609787256,312,set_4
720575940615063592,720575940609993284,78,set_4
720575940615063592,720575940610000964,159,set_4
720575940615063592,720575940611366058,18,set_4
720575940615063592,720575940611643033,21,set_4
720575940615063592,720575940612686233,45,set_4
720575940615063592,720575940613426343,96,set_4
720575940615063592,720575940613527789,45,set_4
720575940615063592,720575940613943215,39,set_4
720575940615063592,720575940614714514,42,set_4
720575940615063592,720575940614954536,264,set_4
720575940615063592,720575940615015976,249,set_4
720575940615063592,720575940615245107,117,set_4
720575940615063592,720575940615894614,165,set_4
720575940615063592,720575940616071483,87,set_4
720575940615063592,720575940616169010,48,set_4
720575940615063592,720575940616196539,24,set_4
720575940615063592,720575940616308921,18,set_4
720575940615063592,720575940617476379,30,set_4
720575940615063592,720575940617986683,24,set_4
720575940615063592,720575940618963732,54,set_4
720575940615063592,720575940619549867,165,set_4
720575940615063592,720575940619990357,18,set_4
720575940615063592,720575940620094366,18,set_4
720575940615063592,720575940620626011,183,set_4
720575940615063592,720575940620735258,78,set_4
720575940615063592,720575940621116073,21,set_4
720575940615063592,720575940621763312,99,set_4
720575940615063592,720575940621894750,135,set_4
720575940615063592,720575940622054753,33,set_4
720575940615063592,720575940622348156,39,set_4
720575940615063592,720575940622415948,159,set_4
720575940615063592,720575940622452715,27,set_4
720575940615063592,720575940622519156,15,set_4
720575940615063592,720575940623042539,42,set_4
720575940615063592,720575940623066893,51,set_4
720575940615063592,720575940623137818,33,set_4
720575940615063592,720575940623261675,15,set_4
720575940615063592,720575940623511795,183,set_4
720575940615063592,720575940623690474,84,set_4
720575940615063592,720575940623861962,69,set_4
720575940615063592,720575940624466440,69,set_4
720575940615063592,720575940624913959,72,set_4
720575940615063592,720575940625002936,138,set_4
720575940615063592,720575940625004034,54,set_4
720575940615063592,720575940625081290,48,set_4
720575940615063592,720575940625175054,54,set_4
720575940615063592,720575940625807152,129,set_4
720575940615063592,720575940625813140,213,set_4
720575940615063592,720575940625972261,150,set_4
720575940615063592,720575940626075517,39,set_4
720575940615063592,720575940626468178,57,set_4
720575940615063592,720575940626520402,228,set_4
720575940615063592,720575940626555153,24,set_4
720575940615063592,720575940626705497,312,set_4
720575940615063592,720575940626919144,111,set_4
720575940615063592,720575940627040549,27,set_4
720575940615063592,720575940627047400,15,set_4
720575940615063592,720575940627210502,42,set_4
720575940615063592,720575940627356459,216,set_4
720575940615063592,720575940628070419,30,set_4
720575940615063592,720575940628344074,273,set_4
720575940615063592,720575940628684023,285,set_4
720575940615063592,720575940629024591,57,set_4
720575940615063592,720575940629422183,30,set_4
720575940615063592,720575940629865319,33,set_4
720575940615063592,720575940630589036,87,set_4
720575940615063592,720575940630904567,135,set_4
720575940615063592,720575940630995799,45,set_4
720575940615063592,720575940631092943,84,set_4
720575940615063592,720575940631299090,231,set_4
720575940615063592,720575940631365340,48,set_4
720575940615063592,720575940633195148,36,set_4
720575940615063592,720575940634093337,135,set_4
720575940615063592,720575940634105439,30,set_4
720575940615063592,720575940634826135,366,set_4
720575940615063592,720575940635816926,66,set_4
720575940615063592,720575940638604915,15,set_4
720575940615063592,720575940639206077,69,set_4
720575940615063592,720575940639339829,51,set_4
720575940615063592,720575940639756093,321,set_4
720575940615063592,720575940639769715,210,set_4
720575940615063592,720575940639831459,24,set_4
720575940615063592,720575940642428045,156,set_4
720575940615063592,720575940647030580,27,set_4
720575940615063592,720575940649081465,39,set_4
720575940615063592,720575940651736566,192,set_4
720575940615063592,720575940655015329,21,set_4
720575940615063592,720575940655071905,147,set_4
720575940615330265,720575940611366058,32,set_4
720575940615330265,720575940615894614,132,set_4
720575940615330265,720575940616018956,14,set_4
720575940615330265,720575940618859480,14,set_4
720575940615330265,720575940620626011,10,set_4
720575940615330265,720575940620735258,20,set_4
720575940615330265,720575940621218694,14,set_4
720575940615330265,720575940622348156,30,set_4
720575940615330265,720575940623210445,36,set_4
720575940615330265,720575940623690474,10,set_4
720575940615330265,720575940623861962,18,set_4
720575940615330265,720575940625175054,12,set_4
720575940615330265,720575940626075517,10,set_4
720575940615330265,720575940626191306,16,set_4
720575940615330265,720575940626456081,38,set_4
720575940615330265,720575940626668218,40,set_4
720575940615330265,720575940627356459,12,set_4
720575940615330265,720575940628023685,20,set_4
720575940615330265,720575940631092943,146,set_4
720575940615330265,720575940631111983,10,set_4
720575940615330265,720575940631179831,12,set_4
720575940615330265,720575940631997032,106,set_4
720575940615330265,720575940638103349,34,set_4
720575940615330265,720575940638604915,12,set_4
720575940615330265,720575940647036980,26,set_4
720575940615410911,720575940607193986,16,set_4
720575940615410911,720575940609133269,62,set_4
720575940615410911,720575940612208858,240,set_4
720575940615410911,720575940612354034,38,set_4
720575940615410911,720575940612686233,24,set_4
720575940615410911,720575940616067890,10,set_4
720575940615410911,720575940617403622,38,set_4
720575940615410911,720575940617636725,36,set_4
720575940615410911,720575940619114048,56,set_4
720575940615410911,720575940619877396,10,set_4
720575940615410911,720575940620274085,18,set_4
720575940615410911,720575940623149581,12,set_4
720575940615410911,720575940624289789,46,set_4
720575940615410911,720575940626094350,84,set_4
720575940615410911,720575940626279486,26,set_4
720575940615410911,720575940627206074,112,set_4
720575940615410911,720575940627359109,36,set_4
720575940615410911,720575940627410451,16,set_4
720575940615410911,720575940628211499,12,set_4
720575940615410911,720575940628997123,58,set_4
720575940615410911,720575940629810748,30,set_4
720575940615410911,720575940631365340,16,set_4
720575940615410911,720575940631918649,42,set_4
720575940615410911,720575940631939432,10,set_4
720575940615410911,720575940632028216,108,set_4
720575940615410911,720575940632281927,170,set_4
720575940615410911,720575940633772257,66,set_4
720575940615410911,720575940634782359,10,set_4
720575940615410911,720575940646274670,20,set_4
720575940615410911,720575940646930996,88,set_4
720575940615410911,720575940651736566,10,set_4
720575940615410911,720575940660219265,76,set_4
720575940615410911,720575940660220289,10,set_4
720575940615410911,720575940661338497,322,set_4
720575940616014092,720575940607162754,260,set_4
720575940616014092,720575940610482883,26,set_4
720575940616014092,720575940610677828,54,set_4
720575940616014092,720575940611167842,10,set_4
720575940616014092,720575940612208858,12,set_4
720575940616014092,720575940612443890,58,set_4
720575940616014092,720575940612686233,16,set_4
720575940616014092,720575940615245107,22,set_4
720575940616014092,720575940615671106,12,set_4
720575940616014092,720575940616038294,28,set_4
720575940616014092,720575940618574749,16,set_4
720575940616014092,720575940619624795,26,set_4
720575940616014092,720575940621833281,14,set_4
720575940616014092,720575940622195625,86,set_4
720575940616014092,720575940623164685,222,set_4
720575940616014092,720575940623352063,10,set_4
720575940616014092,720575940623449382,14,set_4
720575940616014092,720575940624289789,10,set_4
720575940616014092,720575940624966840,14,set_4
720575940616014092,720575940625164176,162,set_4
720575940616014092,720575940627062088,18,set_4
720575940616014092,720575940627410451,102,set_4
720575940616014092,720575940628826128,310,set_4
720575940616014092,720575940629024591,12,set_4
720575940616014092,720575940629564688,38,set_4
720575940616014092,720575940630691958,450,set_4
720575940616014092,720575940631328763,14,set_4
720575940616014092,720575940631340815,18,set_4
720575940616014092,720575940631365340,20,set_4
720575940616014092,720575940631994728,16,set_4
720575940616014092,720575940632134227,36,set_4
720575940616014092,720575940632281927,26,set_4
720575940616014092,720575940632486969,74,set_4
720575940616014092,720575940635596212,20,set_4
720575940616014092,720575940637360730,42,set_4
720575940616014092,720575940638024794,38,set_4
720575940616014092,720575940639787683,44,set_4
720575940616014092,720575940648188548,14,set_4
720575940616014092,720575940649829241,28,set_4
720575940616014092,720575940661338497,34,set_4
720575940616162866,720575940606867145,6,set_4
720575940616162866,720575940612572723,10,set_4
720575940616162866,720575940620129182,7,set_4
720575940616162866,720575940621668079,6,set_4
720575940616162866,720575940622021637,10,set_4
720575940616162866,720575940626073637,10,set_4
720575940616162866,720575940626243428,7,set_4
720575940616162866,720575940627828040,8,set_4
720575940616162866,720575940627828552,13,set_4
720575940616162866,720575940629024591,9,set_4
720575940616162866,720575940632365905,10,set_4
720575940616162866,720575940633065901,9,set_4
720575940616162866,720575940636541285,9,set_4
720575940616162866,720575940640162944,6,set_4
720575940616162866,720575940644666148,5,set_4
720575940616162866,720575940647060532,7,set_4
720575940616497477,720575940606867145,10,set_4
720575940616497477,720575940611018865,17,set_4
720575940616497477,720575940613687789,10,set_4
720575940616497477,720575940613828202,7,set_4
720575940616497477,720575940617488477,14,set_4
720575940616497477,720575940617854676,10,set_4
720575940616497477,720575940621256384,26,set_4
720575940616497477,720575940623192781,5,set_4
720575940616497477,720575940623207885,8,set_4
720575940616497477,720575940626809109,8,set_4
720575940616497477,720575940626983684,9,set_4
720575940616497477,720575940627254856,5,set_4
720575940616497477,720575940627312668,31,set_4
720575940616497477,720575940627443996,18,set_4
720575940616497477,720575940630661164,7,set_4
720575940616497477,720575940635229303,9,set_4
720575940616497477,720575940639512192,15,set_4
720575940616497477,720575940648708228,6,set_4
720575940617393625,720575940612686233,18,set_4
720575940617393625,720575940616864217,20,set_4
720575940617393625,720575940621833281,14,set_4
720575940617393625,720575940622500172,15,set_4
720575940617393625,720575940623149581,48,set_4
720575940617393625,720575940624289789,18,set_4
720575940617393625,720575940626243428,8,set_4
720575940617393625,720575940627359109,41,set_4
720575940617393625,720575940627829064,5,set_4
720575940617393625,720575940627847752,13,set_4
720575940617393625,720575940631340815,6,set_4
720575940617393625,720575940631365340,18,set_4
720575940617393625,720575940632134227,30,set_4
720575940617393625,720575940632281927,20,set_4
720575940617393625,720575940632839763,6,set_4
720575940617393625,720575940633529548,6,set_4
720575940617393625,720575940637360730,14,set_4
720575940617393625,720575940638024794,70,set_4
720575940617393625,720575940639787683,10,set_4
720575940617393625,720575940646930996,20,set_4
720575940617393625,720575940661338497,16,set_4
720575940617493597,720575940629024591,19,set_4
720575940617493597,720575940633772257,8,set_4
720575940617493597,720575940646274670,21,set_4
720575940617494877,720575940605890784,52,set_4
720575940617494877,720575940607162754,6,set_4
720575940617494877,720575940609133269,6,set_4
720575940617494877,720575940610000964,6,set_4
720575940617494877,720575940612208858,45,set_4
720575940617494877,720575940612443890,10,set_4
720575940617494877,720575940612888178,15,set_4
720575940617494877,720575940613943215,5,set_4
720575940617494877,720575940614965691,15,set_4
720575940617494877,720575940616018956,5,set_4
720575940617494877,720575940617298747,6,set_4
720575940617494877,720575940617552057,5,set_4
720575940617494877,720575940619453831,6,set_4
720575940617494877,720575940619771375,6,set_4
720575940617494877,720575940620170887,45,set_4
720575940617494877,720575940620274085,6,set_4
720575940617494877,720575940621818790,8,set_4
720575940617494877,720575940621833281,62,set_4
720575940617494877,720575940623352063,36,set_4
720575940617494877,720575940624600840,13,set_4
720575940617494877,720575940626279486,9,set_4
720575940617494877,720575940626434822,8,set_4
720575940617494877,720575940626528252,12,set_4
720575940617494877,720575940626826288,6,set_4
720575940617494877,720575940627356459,12,set_4
720575940617494877,720575940627410451,34,set_4
720575940617494877,720575940627419962,10,set_4
720575940617494877,720575940628826128,9,set_4
720575940617494877,720575940628971779,10,set_4
720575940617494877,720575940629865319,10,set_4
720575940617494877,720575940630664556,23,set_4
720575940617494877,720575940631179831,13,set_4
720575940617494877,720575940631394920,5,set_4
720575940617494877,720575940631939432,5,set_4
720575940617494877,720575940631994728,59,set_4
720575940617494877,720575940632602532,11,set_4
720575940617494877,720575940633185567,9,set_4
720575940617494877,720575940633277209,5,set_4
720575940617494877,720575940639339829,10,set_4
720575940617494877,720575940639769715,11,set_4
720575940617494877,720575940641281013,5,set_4
720575940617494877,720575940646274670,7,set_4
720575940617678566,720575940607377586,404,set_4
720575940617678566,720575940608735241,120,set_4
720575940617678566,720575940609407939,24,set_4
720575940617678566,720575940610004437,28,set_4
720575940617678566,720575940610482883,20,set_4
720575940617678566,720575940610677828,52,set_4
720575940617678566,720575940611502286,540,set_4
720575940617678566,720575940611531986,28,set_4
720575940617678566,720575940612019569,24,set_4
720575940617678566,720575940612208858,332,set_4
720575940617678566,720575940612438514,400,set_4
720575940617678566,720575940612443890,1164,set_4
720575940617678566,720575940612686233,20,set_4
720575940617678566,720575940613154582,520,set_4
720575940617678566,720575940613825814,44,set_4
720575940617678566,720575940613929391,184,set_4
720575940617678566,720575940614660519,68,set_4
720575940617678566,720575940615071391,60,set_4
720575940617678566,720575940615245107,36,set_4
720575940617678566,720575940615505406,32,set_4
720575940617678566,720575940615583647,456,set_4
720575940617678566,720575940615671106,764,set_4
720575940617678566,720575940615672130,204,set_4
720575940617678566,720575940616018956,48,set_4
720575940617678566,720575940616164658,80,set_4
720575940617678566,720575940616298171,72,set_4
720575940617678566,720575940616667186,48,set_4
720575940617678566,720575940616848214,56,set_4
720575940617678566,720575940616851030,20,set_4
720575940617678566,720575940617031385,376,set_4
720575940617678566,720575940617403622,168,set_4
720575940617678566,720575940617629841,160,set_4
720575940617678566,720575940617819216,24,set_4
720575940617678566,720575940617853730,52,set_4
720575940617678566,720575940618238523,28,set_4
720575940617678566,720575940618574749,136,set_4
720575940617678566,720575940618600246,524,set_4
720575940617678566,720575940618696989,76,set_4
720575940617678566,720575940618859480,20,set_4
720575940617678566,720575940619155264,280,set_4
720575940617678566,720575940619588568,40,set_4
720575940617678566,720575940619771375,112,set_4
720575940617678566,720575940619877396,656,set_4
720575940617678566,720575940619898526,120,set_4
720575940617678566,720575940620292116,20,set_4
720575940617678566,720575940620497062,84,set_4
720575940617678566,720575940620673985,28,set_4
720575940617678566,720575940620819659,36,set_4
720575940617678566,720575940621261296,152,set_4
720575940617678566,720575940621399899,156,set_4
720575940617678566,720575940621538142,32,set_4
720575940617678566,720575940621573030,36,set_4
720575940617678566,720575940621586854,260,set_4
720575940617678566,720575940621771041,32,set_4
720575940617678566,720575940621833281,852,set_4
720575940617678566,720575940622116705,24,set_4
720575940617678566,720575940622195625,112,set_4
720575940617678566,720575940622863287,32,set_4
720575940617678566,720575940622879882,24,set_4
720575940617678566,720575940622921827,28,set_4
720575940617678566,720575940623008659,44,set_4
720575940617678566,720575940623132621,28,set_4
720575940617678566,720575940623149581,36,set_4
720575940617678566,720575940623164685,120,set_4
720575940617678566,720575940623208141,60,set_4
720575940617678566,720575940623379750,636,set_4
720575940617678566,720575940623381286,32,set_4
720575940617678566,720575940623525258,692,set_4
720575940617678566,720575940623676394,48,set_4
720575940617678566,720575940623918121,164,set_4
720575940617678566,720575940624280066,32,set_4
720575940617678566,720575940624394498,20,set_4
720575940617678566,720575940624484796,92,set_4
720575940617678566,720575940624675988,36,set_4
720575940617678566,720575940624756297,556,set_4
720575940617678566,720575940624986300,116,set_4
720575940617678566,720575940625002936,60,set_4
720575940617678566,720575940625164176,244,set_4
720575940617678566,720575940625167886,28,set_4
720575940617678566,720575940625304094,40,set_4
720575940617678566,720575940625408796,32,set_4
720575940617678566,720575940626094350,132,set_4
720575940617678566,720575940626229849,56,set_4
720575940617678566,720575940626243428,20,set_4
720575940617678566,720575940626528252,816,set_4
720575940617678566,720575940626672058,148,set_4
720575940617678566,720575940626705497,28,set_4
720575940617678566,720575940626780222,116,set_4
720575940617678566,720575940626860421,244,set_4
720575940617678566,720575940626890852,24,set_4
720575940617678566,720575940626919144,24,set_4
720575940617678566,720575940626953561,56,set_4
720575940617678566,720575940626960536,288,set_4
720575940617678566,720575940626972056,32,set_4
720575940617678566,720575940627062088,128,set_4
720575940617678566,720575940627107721,68,set_4
720575940617678566,720575940627383685,32,set_4
720575940617678566,720575940627403578,68,set_4
720575940617678566,720575940627410451,172,set_4
720575940617678566,720575940627418387,68,set_4
720575940617678566,720575940627429907,264,set_4
720575940617678566,720575940627739023,44,set_4
720575940617678566,720575940627779983,24,set_4
720575940617678566,720575940627847752,40,set_4
720575940617678566,720575940628095593,28,set_4
720575940617678566,720575940628345610,36,set_4
720575940617678566,720575940628826128,136,set_4
720575940617678566,720575940628971779,140,set_4
720575940617678566,720575940628997123,180,set_4
720575940617678566,720575940628998659,136,set_4
720575940617678566,720575940629377218,76,set_4
720575940617678566,720575940629576451,236,set_4
720575940617678566,720575940629805950,108,set_4
720575940617678566,720575940630054735,56,set_4
720575940617678566,720575940630670454,64,set_4
720575940617678566,720575940630773495,32,set_4
720575940617678566,720575940630839371,44,set_4
720575940617678566,720575940630951424,60,set_4
720575940617678566,720575940630964188,36,set_4
720575940617678566,720575940631108303,772,set_4
720575940617678566,720575940631319311,40,set_4
720575940617678566,720575940631919976,28,set_4
720575940617678566,720575940631939432,204,set_4
720575940617678566,720575940631989352,116,set_4
720575940617678566,720575940632134227,276,set_4
720575940617678566,720575940632252743,184,set_4
720575940617678566,720575940632281927,124,set_4
720575940617678566,720575940632486969,260,set_4
720575940617678566,720575940632602532,32,set_4
720575940617678566,720575940632634532,68,set_4
720575940617678566,720575940632752723,100,set_4
720575940617678566,720575940632960813,216,set_4
720575940617678566,720575940633170969,56,set_4
720575940617678566,720575940633185567,252,set_4
720575940617678566,720575940633218444,152,set_4
720575940617678566,720575940633762714,256,set_4
720575940617678566,720575940633881848,24,set_4
720575940617678566,720575940633941293,40,set_4
720575940617678566,720575940634862943,68,set_4
720575940617678566,720575940635596212,192,set_4
720575940617678566,720575940635610548,20,set_4
720575940617678566,720575940636649061,264,set_4
720575940617678566,720575940637184326,24,set_4
720575940617678566,720575940637360730,312,set_4
720575940617678566,720575940637578853,76,set_4
720575940617678566,720575940638024794,24,set_4
720575940617678566,720575940638125887,52,set_4
720575940617678566,720575940638684248,20,set_4
720575940617678566,720575940638719807,36,set_4
720575940617678566,720575940639769715,192,set_4
720575940617678566,720575940639773091,20,set_4
720575940617678566,720575940639785379,20,set_4
720575940617678566,720575940639787683,208,set_4
720575940617678566,720575940639831459,52,set_4
720575940617678566,720575940639994456,164,set_4
720575940617678566,720575940641281013,544,set_4
720575940617678566,720575940641648091,424,set_4
720575940617678566,720575940642422517,48,set_4
720575940617678566,720575940642884000,52,set_4
720575940617678566,720575940644464544,20,set_4
720575940617678566,720575940644542880,132,set_4
720575940617678566,720575940645697828,60,set_4
720575940617678566,720575940647036980,28,set_4
720575940617678566,720575940647560500,592,set_4
720575940617678566,720575940648180868,176,set_4
720575940617678566,720575940649829241,52,set_4
720575940617678566,720575940661338497,80,set_4
720575940617787963,720575940605694240,21,set_4
720575940617787963,720575940607377586,405,set_4
720575940617787963,720575940608735241,195,set_4
720575940617787963,720575940609133269,27,set_4
720575940617787963,720575940609405635,15,set_4
720575940617787963,720575940609407939,54,set_4
720575940617787963,720575940610004437,96,set_4
720575940617787963,720575940610258552,24,set_4
720575940617787963,720575940610677828,24,set_4
720575940617787963,720575940611502286,333,set_4
720575940617787963,720575940611531986,27,set_4
720575940617787963,720575940612019569,60,set_4
720575940617787963,720575940612208858,540,set_4
720575940617787963,720575940612438514,768,set_4
720575940617787963,720575940612443890,402,set_4
720575940617787963,720575940612686233,36,set_4
720575940617787963,720575940612910503,21,set_4
720575940617787963,720575940613154582,498,set_4
720575940617787963,720575940613825814,27,set_4
720575940617787963,720575940613929391,120,set_4
720575940617787963,720575940614660519,27,set_4
720575940617787963,720575940615071391,45,set_4
720575940617787963,720575940615500286,39,set_4
720575940617787963,720575940615505406,33,set_4
720575940617787963,720575940615583647,366,set_4
720575940617787963,720575940615666655,15,set_4
720575940617787963,720575940615671106,501,set_4
720575940617787963,720575940615672130,276,set_4
720575940617787963,720575940616018956,21,set_4
720575940617787963,720575940616164658,39,set_4
720575940617787963,720575940616167730,39,set_4
720575940617787963,720575940616298171,57,set_4
720575940617787963,720575940616667186,15,set_4
720575940617787963,720575940616848214,24,set_4
720575940617787963,720575940616851030,45,set_4
720575940617787963,720575940617031385,333,set_4
720575940617787963,720575940617403622,150,set_4
720575940617787963,720575940617629841,57,set_4
720575940617787963,720575940617853730,30,set_4
720575940617787963,720575940618238523,15,set_4
720575940617787963,720575940618574749,102,set_4
720575940617787963,720575940618600246,210,set_4
720575940617787963,720575940618696989,45,set_4
720575940617787963,720575940618877531,21,set_4
720575940617787963,720575940619097905,18,set_4
720575940617787963,720575940619114048,15,set_4
720575940617787963,720575940619155264,150,set_4
720575940617787963,720575940619588568,39,set_4
720575940617787963,720575940619771375,147,set_4
720575940617787963,720575940619877396,549,set_4
720575940617787963,720575940619898526,285,set_4
720575940617787963,720575940620274085,15,set_4
720575940617787963,720575940620673985,24,set_4
720575940617787963,720575940621261296,129,set_4
720575940617787963,720575940621399899,39,set_4
720575940617787963,720575940621586854,81,set_4
720575940617787963,720575940621647238,21,set_4
720575940617787963,720575940621833281,270,set_4
720575940617787963,720575940622054753,18,set_4
720575940617787963,720575940622195625,156,set_4
720575940617787963,720575940622863287,96,set_4
720575940617787963,720575940622921827,21,set_4
720575940617787963,720575940623008659,63,set_4
720575940617787963,720575940623132621,57,set_4
720575940617787963,720575940623164685,60,set_4
720575940617787963,720575940623208141,78,set_4
720575940617787963,720575940623379750,276,set_4
720575940617787963,720575940623381286,39,set_4
720575940617787963,720575940623525258,264,set_4
720575940617787963,720575940623676394,96,set_4
720575940617787963,720575940623918121,81,set_4
720575940617787963,720575940624289789,27,set_4
720575940617787963,720575940624484796,33,set_4
720575940617787963,720575940624623287,15,set_4
720575940617787963,720575940624675988,18,set_4
720575940617787963,720575940624756297,216,set_4
720575940617787963,720575940624986300,75,set_4
720575940617787963,720575940625002936,54,set_4
720575940617787963,720575940625164176,120,set_4
720575940617787963,720575940625304094,18,set_4
720575940617787963,720575940625408796,24,set_4
720575940617787963,720575940626094350,123,set_4
720575940617787963,720575940626229849,36,set_4
720575940617787963,720575940626528252,312,set_4
720575940617787963,720575940626672058,117,set_4
720575940617787963,720575940626705497,36,set_4
720575940617787963,720575940626780222,72,set_4
720575940617787963,720575940626860421,66,set_4
720575940617787963,720575940626919144,15,set_4
720575940617787963,720575940626953561,33,set_4
720575940617787963,720575940626960536,507,set_4
720575940617787963,720575940626972056,30,set_4
720575940617787963,720575940627062088,168,set_4
720575940617787963,720575940627107721,81,set_4
720575940617787963,720575940627359109,21,set_4
720575940617787963,720575940627403578,123,set_4
720575940617787963,720575940627410451,108,set_4
720575940617787963,720575940627418387,144,set_4
720575940617787963,720575940627429907,66,set_4
720575940617787963,720575940627739023,39,set_4
720575940617787963,720575940627779983,15,set_4
720575940617787963,720575940627847752,36,set_4
720575940617787963,720575940628345610,27,set_4
720575940617787963,720575940628492712,18,set_4
720575940617787963,720575940628680553,81,set_4
720575940617787963,720575940628826128,75,set_4
720575940617787963,720575940628971779,66,set_4
720575940617787963,720575940628997123,156,set_4
720575940617787963,720575940628998659,63,set_4
720575940617787963,720575940629377218,36,set_4
720575940617787963,720575940629398466,24,set_4
720575940617787963,720575940629412682,18,set_4
720575940617787963,720575940629576451,87,set_4
720575940617787963,720575940629805950,87,set_4
720575940617787963,720575940630122796,15,set_4
720575940617787963,720575940630679801,33,set_4
720575940617787963,720575940630839371,18,set_4
720575940617787963,720575940630867148,27,set_4
720575940617787963,720575940630951424,24,set_4
720575940617787963,720575940631108303,348,set_4
720575940617787963,720575940631365340,30,set_4
720575940617787963,720575940631662648,45,set_4
720575940617787963,720575940631918649,18,set_4
720575940617787963,720575940631919976,60,set_4
720575940617787963,720575940631939432,171,set_4
720575940617787963,720575940631989352,171,set_4
720575940617787963,720575940632030008,27,set_4
720575940617787963,720575940632134227,291,set_4
720575940617787963,720575940632252743,114,set_4
720575940617787963,720575940632281927,30,set_4
720575940617787963,720575940632486969,117,set_4
720575940617787963,720575940632752723,30,set_4
720575940617787963,720575940632960813,102,set_4
720575940617787963,720575940633170969,21,set_4
720575940617787963,720575940633185567,126,set_4
720575940617787963,720575940633218444,171,set_4
720575940617787963,720575940633315921,33,set_4
720575940617787963,720575940633762714,576,set_4
720575940617787963,720575940634617952,15,set_4
720575940617787963,720575940634862943,48,set_4
720575940617787963,720575940635527322,33,set_4
720575940617787963,720575940635596212,237,set_4
720575940617787963,720575940635610548,63,set_4
720575940617787963,720575940636649061,492,set_4
720575940617787963,720575940637360730,303,set_4
720575940617787963,720575940637578853,123,set_4
720575940617787963,720575940638125887,42,set_4
720575940617787963,720575940639705808,24,set_4
720575940617787963,720575940639769715,75,set_4
720575940617787963,720575940639773091,30,set_4
720575940617787963,720575940639787683,159,set_4
720575940617787963,720575940639831459,48,set_4
720575940617787963,720575940639994456,51,set_4
720575940617787963,720575940641281013,675,set_4
720575940617787963,720575940641648091,168,set_4
720575940617787963,720575940642422517,186,set_4
720575940617787963,720575940644542880,36,set_4
720575940617787963,720575940645697828,84,set_4
720575940617787963,720575940646930996,18,set_4
720575940617787963,720575940647030580,21,set_4
720575940617787963,720575940647036980,18,set_4
720575940617787963,720575940647560500,204,set_4
720575940617787963,720575940647606148,18,set_4
720575940617787963,720575940648180868,72,set_4
720575940617787963,720575940649829241,15,set_4
720575940617787963,720575940661338497,93,set_4
720575940617799253,720575940608713993,5,set_4
720575940617799253,720575940613361010,8,set_4
720575940617799253,720575940618118485,9,set_4
720575940617799253,720575940619128699,10,set_4
720575940617799253,720575940619900507,5,set_4
720575940617799253,720575940620031366,20,set_4
720575940617799253,720575940621119367,5,set_4
720575940617799253,720575940622457579,28,set_4
720575940617799253,720575940623853837,5,set_4
720575940617799253,720575940626809109,5,set_4
720575940617799253,720575940627492866,5,set_4
720575940617799253,720575940628462927,12,set_4
720575940617799253,720575940629987587,7,set_4
720575940617799253,720575940630661164,13,set_4
720575940617799253,720575940630664556,70,set_4
720575940617799253,720575940631619948,13,set_4
720575940617799253,720575940631742381,7,set_4
720575940617799253,720575940631850521,7,set_4
720575940617799253,720575940637216624,23,set_4
720575940617833265,720575940605698080,7,set_4
720575940617833265,720575940611715813,6,set_4
720575940617833265,720575940614756589,5,set_4
720575940617833265,720575940616071483,7,set_4
720575940617833265,720575940619658576,7,set_4
720575940617833265,720575940622348156,15,set_4
720575940617833265,720575940623449382,7,set_4
720575940617833265,720575940624913959,10,set_4
720575940617833265,720575940625081290,6,set_4
720575940617833265,720575940625172016,6,set_4
720575940617833265,720575940625807152,54,set_4
720575940617833265,720575940627206074,11,set_4
720575940617833265,720575940628885160,15,set_4
720575940617833265,720575940630461660,13,set_4
720575940617833265,720575940630589036,41,set_4
720575940617833265,720575940630995799,5,set_4
720575940617833265,720575940631179831,34,set_4
720575940617833265,720575940635816926,10,set_4
720575940617833265,720575940639339829,12,set_4
720575940617833265,720575940647030324,11,set_4
720575940617833265,720575940651736566,14,set_4
720575940618165787,720575940607014530,12,set_4
720575940618165787,720575940607377586,6,set_4
720575940618165787,720575940609133269,5,set_4
720575940618165787,720575940617440539,15,set_4
720575940618165787,720575940617556153,5,set_4
720575940618165787,720575940621667693,42,set_4
720575940618165787,720575940622054753,15,set_4
720575940618165787,720575940623137818,19,set_4
720575940618165787,720575940627372090,6,set_4
720575940618165787,720575940628070419,12,set_4
720575940618165787,720575940630665210,33,set_4
720575940618165787,720575940630980559,40,set_4
720575940618165787,720575940631179831,6,set_4
720575940618165787,720575940631299602,5,set_4
720575940618165787,720575940633065901,7,set_4
720575940618165787,720575940633195148,24,set_4
720575940618165787,720575940639206077,23,set_4
720575940618165787,720575940639831459,6,set_4
720575940618165787,720575940640162944,9,set_4
720575940618165787,720575940644666148,7,set_4
720575940618165787,720575940644666916,10,set_4
720575940618166811,720575940607162754,7,set_4
720575940618166811,720575940612686233,7,set_4
720575940618166811,720575940615671106,15,set_4
720575940618166811,720575940616864217,9,set_4
720575940618166811,720575940619176094,5,set_4
720575940618166811,720575940619624795,12,set_4
720575940618166811,720575940620274085,7,set_4
720575940618166811,720575940621833281,6,set_4
720575940618166811,720575940622500172,7,set_4
720575940618166811,720575940623149581,7,set_4
720575940618166811,720575940624289789,25,set_4
720575940618166811,720575940627359109,9,set_4
720575940618166811,720575940627828040,5,set_4
720575940618166811,720575940631365340,26,set_4
720575940618166811,720575940632281927,65,set_4
720575940618166811,720575940633529548,5,set_4
720575940618166811,720575940633772257,64,set_4
720575940618166811,720575940638125887,5,set_4
720575940618166811,720575940646930996,17,set_4
720575940618166811,720575940647036980,5,set_4
720575940618166811,720575940661338497,67,set_4
720575940618472261,720575940605682790,10,set_4
720575940618472261,720575940609133269,5,set_4
720575940618472261,720575940610000964,7,set_4
720575940618472261,720575940612357618,23,set_4
720575940618472261,720575940612686233,14,set_4
720575940618472261,720575940613213615,13,set_4
720575940618472261,720575940613943215,5,set_4
720575940618472261,720575940614660519,8,set_4
720575940618472261,720575940616018956,14,set_4
720575940618472261,720575940618963732,8,set_4
720575940618472261,720575940619021726,7,set_4
720575940618472261,720575940620741102,5,set_4
720575940618472261,720575940621169690,9,set_4
720575940618472261,720575940622348156,5,set_4
720575940618472261,720575940624906483,5,set_4
720575940618472261,720575940625175054,28,set_4
720575940618472261,720575940625612474,6,set_4
720575940618472261,720575940625867056,8,set_4
720575940618472261,720575940626468178,7,set_4
720575940618472261,720575940626999464,8,set_4
720575940618472261,720575940627101512,7,set_4
720575940618472261,720575940627275795,14,set_4
720575940618472261,720575940628995331,27,set_4
720575940618472261,720575940630034231,10,set_4
720575940618472261,720575940631179831,10,set_4
720575940618472261,720575940631365340,8,set_4
720575940618472261,720575940631959097,8,set_4
720575940618472261,720575940632047890,13,set_4
720575940618472261,720575940632602532,10,set_4
720575940618472261,720575940633941293,8,set_4
720575940618472261,720575940635696279,5,set_4
720575940618472261,720575940636346487,25,set_4
720575940618472261,720575940637360730,16,set_4
720575940618472261,720575940639831459,18,set_4
720575940618472261,720575940642428045,9,set_4
720575940618472261,720575940647024948,6,set_4
720575940618472261,720575940655015329,10,set_4
720575940619016059,720575940607162754,33,set_4
720575940619016059,720575940612208858,183,set_4
720575940619016059,720575940612354034,24,set_4
720575940619016059,720575940613004402,36,set_4
720575940619016059,720575940616864217,18,set_4
720575940619016059,720575940617917579,54,set_4
720575940619016059,720575940619114048,120,set_4
720575940619016059,720575940621833281,108,set_4
720575940619016059,720575940622452715,210,set_4
720575940619016059,720575940623149581,63,set_4
720575940619016059,720575940624023188,42,set_4
720575940619016059,720575940624906483,18,set_4
720575940619016059,720575940627359109,24,set_4
720575940619016059,720575940629024591,15,set_4
720575940619016059,720575940630691958,30,set_4
720575940619016059,720575940631918649,15,set_4
720575940619016059,720575940632028216,120,set_4
720575940619016059,720575940632252743,15,set_4
720575940619016059,720575940632281927,18,set_4
720575940619016059,720575940633277209,21,set_4
720575940619016059,720575940633772257,84,set_4
720575940619016059,720575940636346487,21,set_4
720575940619016059,720575940639831459,24,set_4
720575940619016059,720575940639994456,15,set_4
720575940619016059,720575940647036980,27,set_4
720575940619016059,720575940647518340,27,set_4
720575940619016059,720575940655015329,150,set_4
720575940619076731,720575940607377586,105,set_4
720575940619076731,720575940609423299,30,set_4
720575940619076731,720575940611167842,54,set_4
720575940619076731,720575940614714514,21,set_4
720575940619076731,720575940615071391,15,set_4
720575940619076731,720575940615500286,24,set_4
720575940619076731,720575940615582111,48,set_4
720575940619076731,720575940616164658,15,set_4
720575940619076731,720575940616848214,36,set_4
720575940619076731,720575940616864217,300,set_4
720575940619076731,720575940617986683,15,set_4
720575940619076731,720575940618238523,21,set_4
720575940619076731,720575940618514043,39,set_4
720575940619076731,720575940618574749,75,set_4
720575940619076731,720575940618600246,48,set_4
720575940619076731,720575940619624795,111,set_4
720575940619076731,720575940619682368,18,set_4
720575940619076731,720575940620156209,30,set_4
720575940619076731,720575940620274085,108,set_4
720575940619076731,720575940620292116,24,set_4
720575940619076731,720575940620626011,21,set_4
720575940619076731,720575940620979638,24,set_4
720575940619076731,720575940621538142,276,set_4
720575940619076731,720575940621573542,27,set_4
720575940619076731,720575940621586854,561,set_4
720575940619076731,720575940621833281,174,set_4
720575940619076731,720575940622054753,18,set_4
720575940619076731,720575940623164685,90,set_4
720575940619076731,720575940623525258,264,set_4
720575940619076731,720575940624023188,24,set_4
720575940619076731,720575940624623287,24,set_4
720575940619076731,720575940625737776,33,set_4
720575940619076731,720575940625861660,15,set_4
720575940619076731,720575940626847765,21,set_4
720575940619076731,720575940627062088,30,set_4
720575940619076731,720575940627293540,18,set_4
720575940619076731,720575940627419962,66,set_4
720575940619076731,720575940627812168,42,set_4
720575940619076731,720575940627847752,24,set_4
720575940619076731,720575940628095593,192,set_4
720575940619076731,720575940628463042,234,set_4
720575940619076731,720575940628684023,90,set_4
720575940619076731,720575940628826128,21,set_4
720575940619076731,720575940629024591,48,set_4
720575940619076731,720575940631381007,93,set_4
720575940619076731,720575940631918649,42,set_4
720575940619076731,720575940631989352,27,set_4
720575940619076731,720575940632047890,138,set_4
720575940619076731,720575940632252743,144,set_4
720575940619076731,720575940632281927,27,set_4
720575940619076731,720575940632752723,42,set_4
720575940619076731,720575940633185567,471,set_4
720575940619076731,720575940633762714,27,set_4
720575940619076731,720575940635055039,72,set_4
720575940619076731,720575940635578303,54,set_4
720575940619076731,720575940638024794,48,set_4
720575940619076731,720575940638719807,240,set_4
720575940619076731,720575940639756093,18,set_4
720575940619076731,720575940639769715,72,set_4
720575940619076731,720575940639787683,81,set_4
720575940619076731,720575940639831459,24,set_4
720575940619076731,720575940640589171,18,set_4
720575940619076731,720575940644659236,36,set_4
720575940619076731,720575940647010356,24,set_4
720575940619076731,720575940647036980,213,set_4
720575940619076731,720575940648188548,51,set_4
720575940619671616,720575940605890784,46,set_4
720575940619671616,720575940607377586,65,set_4
720575940619671616,720575940609423299,6,set_4
720575940619671616,720575940609915204,33,set_4
720575940619671616,720575940610258552,5,set_4
720575940619671616,720575940610679876,32,set_4
720575940619671616,720575940611151406,13,set_4
720575940619671616,720575940612208858,10,set_4
720575940619671616,720575940612354034,5,set_4
720575940619671616,720575940613825814,6,set_4
720575940619671616,720575940613929391,24,set_4
720575940619671616,720575940614465478,7,set_4
720575940619671616,720575940615671106,15,set_4
720575940619671616,720575940616848214,44,set_4
720575940619671616,720575940617629841,59,set_4
720575940619671616,720575940619176094,5,set_4
720575940619671616,720575940620633947,10,set_4
720575940619671616,720575940621399899,13,set_4
720575940619671616,720575940621833281,35,set_4
720575940619671616,720575940623149581,32,set_4
720575940619671616,720575940623164685,6,set_4
720575940619671616,720575940623164941,17,set_4
720575940619671616,720575940623211725,17,set_4
720575940619671616,720575940623525258,9,set_4
720575940619671616,720575940624023188,11,set_4
720575940619671616,720575940624289789,21,set_4
720575940619671616,720575940624394498,5,set_4
720575940619671616,720575940624600840,5,set_4
720575940619671616,720575940624623287,37,set_4
720575940619671616,720575940624756297,38,set_4
720575940619671616,720575940625164176,14,set_4
720575940619671616,720575940625612474,5,set_4
720575940619671616,720575940625852464,17,set_4
720575940619671616,720575940625861660,10,set_4
720575940619671616,720575940626528252,5,set_4
720575940619671616,720575940626626597,6,set_4
720575940619671616,720575940626860421,39,set_4
720575940619671616,720575940627359109,22,set_4
720575940619671616,720575940627739023,11,set_4
720575940619671616,720575940627847752,13,set_4
720575940619671616,720575940628463042,7,set_4
720575940619671616,720575940628709019,18,set_4
720575940619671616,720575940628755815,5,set_4
720575940619671616,720575940628815381,19,set_4
720575940619671616,720575940628971779,29,set_4
720575940619671616,720575940628995331,22,set_4
720575940619671616,720575940629576451,5,set_4
720575940619671616,720575940630839371,82,set_4
720575940619671616,720575940631108303,188,set_4
720575940619671616,720575940631959097,5,set_4
720575940619671616,720575940631989352,9,set_4
720575940619671616,720575940631994728,85,set_4
720575940619671616,720575940632134227,7,set_4
720575940619671616,720575940632252743,6,set_4
720575940619671616,720575940632365905,6,set_4
720575940619671616,720575940632486969,31,set_4
720575940619671616,720575940633185567,7,set_4
720575940619671616,720575940633316307,5,set_4
720575940619671616,720575940634862943,10,set_4
720575940619671616,720575940635608312,5,set_4
720575940619671616,720575940636346487,10,set_4
720575940619671616,720575940636828334,5,set_4
720575940619671616,720575940637360730,9,set_4
720575940619671616,720575940637578853,20,set_4
720575940619671616,720575940639994456,6,set_4
720575940619671616,720575940644542880,6,set_4
720575940619671616,720575940644726432,8,set_4
720575940619671616,720575940646930996,18,set_4
720575940619671616,720575940647518340,62,set_4
720575940619671616,720575940647560500,16,set_4
720575940619741104,720575940606866377,12,set_4
720575940619741104,720575940607071106,24,set_4
720575940619741104,720575940608239371,22,set_4
720575940619741104,720575940611715813,14,set_4
720575940619741104,720575940611858906,10,set_4
720575940619741104,720575940612261603,44,set_4
720575940619741104,720575940612277090,20,set_4
720575940619741104,720575940612319155,10,set_4
720575940619741104,720575940612339123,10,set_4
720575940619741104,720575940614128691,22,set_4
720575940619741104,720575940614604962,12,set_4
720575940619741104,720575940614736290,14,set_4
720575940619741104,720575940614763666,58,set_4
720575940619741104,720575940616167730,102,set_4
720575940619741104,720575940616921152,20,set_4
720575940619741104,720575940617299515,12,set_4
720575940619741104,720575940619310757,10,set_4
720575940619741104,720575940619866059,10,set_4
720575940619741104,720575940619973712,122,set_4
720575940619741104,720575940620031366,14,set_4
720575940619741104,720575940620262465,14,set_4
720575940619741104,720575940620359956,44,set_4
720575940619741104,720575940620445062,62,set_4
720575940619741104,720575940620550534,12,set_4
720575940619741104,720575940620633070,10,set_4
720575940619741104,720575940621149709,26,set_4
720575940619741104,720575940621218694,20,set_4
720575940619741104,720575940621761729,16,set_4
720575940619741104,720575940621771041,10,set_4
720575940619741104,720575940621827419,56,set_4
720575940619741104,720575940622695448,50,set_4
720575940619741104,720575940622931976,16,set_4
720575940619741104,720575940623476407,28,set_4
720575940619741104,720575940623617973,32,set_4
720575940619741104,720575940624600840,14,set_4
720575940619741104,720575940624988455,52,set_4
720575940619741104,720575940625705930,28,set_4
720575940619741104,720575940626191306,36,set_4
720575940619741104,720575940626826288,32,set_4
720575940619741104,720575940627182217,22,set_4
720575940619741104,720575940627383685,36,set_4
720575940619741104,720575940627812168,16,set_4
720575940619741104,720575940628683063,44,set_4
720575940619741104,720575940628784066,10,set_4
720575940619741104,720575940628802069,16,set_4
720575940619741104,720575940628825210,18,set_4
720575940619741104,720575940628936898,12,set_4
720575940619741104,720575940628995331,28,set_4
720575940619741104,720575940628995587,58,set_4
720575940619741104,720575940629422183,68,set_4
720575940619741104,720575940629822842,36,set_4
720575940619741104,720575940630589036,14,set_4
720575940619741104,720575940630991311,12,set_4
720575940619741104,720575940631065144,10,set_4
720575940619741104,720575940631092943,22,set_4
720575940619741104,720575940631144109,16,set_4
720575940619741104,720575940631314908,22,set_4
720575940619741104,720575940631923304,10,set_4
720575940619741104,720575940631997032,12,set_4
720575940619741104,720575940632365905,12,set_4
720575940619741104,720575940632648612,10,set_4
720575940619741104,720575940632873261,18,set_4
720575940619741104,720575940633170969,256,set_4
720575940619741104,720575940633277209,60,set_4
720575940619741104,720575940633941293,32,set_4
720575940619741104,720575940634085983,10,set_4
720575940619741104,720575940635179871,24,set_4
720575940619741104,720575940636346487,30,set_4
720575940619741104,720575940636675214,24,set_4
720575940619741104,720575940637296356,22,set_4
720575940619741104,720575940644750116,12,set_4
720575940619741104,720575940645503854,26,set_4
720575940619741104,720575940647606148,24,set_4
720575940619741104,720575940655011489,10,set_4
720575940619741104,720575940660313729,28,set_4
720575940620025620,720575940630664556,12,set_4
720575940620182151,720575940605890784,27,set_4
720575940620182151,720575940607377586,9,set_4
720575940620182151,720575940608500316,7,set_4
720575940620182151,720575940611436408,5,set_4
720575940620182151,720575940614386070,6,set_4
720575940620182151,720575940616864217,11,set_4
720575940620182151,720575940617298747,7,set_4
720575940620182151,720575940618238523,14,set_4
720575940620182151,720575940620292116,6,set_4
720575940620182151,720575940621771041,10,set_4
720575940620182151,720575940623149581,7,set_4
720575940620182151,720575940623379750,11,set_4
720575940620182151,720575940628095593,15,set_4
720575940620182151,720575940628995331,12,set_4
720575940620182151,720575940629422183,5,set_4
720575940620182151,720575940629470838,5,set_4
720575940620182151,720575940629865319,5,set_4
720575940620182151,720575940630839371,5,set_4
720575940620182151,720575940631918649,7,set_4
720575940620182151,720575940631939432,6,set_4
720575940620182151,720575940631959097,9,set_4
720575940620182151,720575940631989352,9,set_4
720575940620182151,720575940631994728,18,set_4
720575940620182151,720575940632047890,7,set_4
720575940620182151,720575940632252743,9,set_4
720575940620182151,720575940633185567,6,set_4
720575940620182151,720575940636346487,10,set_4
720575940620182151,720575940637360730,6,set_4
720575940620182151,720575940639769715,7,set_4
720575940620182151,720575940639972816,9,set_4
720575940620182151,720575940647560500,6,set_4
720575940620335269,720575940609423299,78,set_4
720575940620335269,720575940609993284,36,set_4
720575940620335269,720575940611885461,36,set_4
720575940620335269,720575940616194610,60,set_4
720575940620335269,720575940617636725,78,set_4
720575940620335269,720575940619624795,42,set_4
720575940620335269,720575940620553654,282,set_4
720575940620335269,720575940620983637,180,set_4
720575940620335269,720575940621827419,36,set_4
720575940620335269,720575940622144648,114,set_4
720575940620335269,720575940623056422,54,set_4
720575940620335269,720575940624554170,318,set_4
720575940620335269,720575940625002936,228,set_4
720575940620335269,720575940626399588,30,set_4
720575940620335269,720575940626960536,42,set_4
720575940620335269,720575940627062088,30,set_4
720575940620335269,720575940627419962,48,set_4
720575940620335269,720575940627723657,102,set_4
720575940620335269,720575940628070419,96,set_4
720575940620335269,720575940628211499,30,set_4
720575940620335269,720575940629422183,78,set_4
720575940620335269,720575940631918649,54,set_4
720575940620335269,720575940633762714,78,set_4
720575940620335269,720575940634755041,144,set_4
720575940620335269,720575940635212143,162,set_4
720575940620335269,720575940639769715,114,set_4
720575940620335269,720575940639787683,30,set_4
720575940620335269,720575940639972816,48,set_4
720575940620335269,720575940645524003,84,set_4
720575940620335269,720575940646274670,624,set_4
720575940620335269,720575940647030580,162,set_4
720575940620335269,720575940648804217,294,set_4
720575940620353300,720575940605890784,28,set_4
720575940620353300,720575940608188427,13,set_4
720575940620353300,720575940609915204,8,set_4
720575940620353300,720575940610677828,16,set_4
720575940620353300,720575940610679876,78,set_4
720575940620353300,720575940611958994,7,set_4
720575940620353300,720575940612906518,12,set_4
720575940620353300,720575940613004402,8,set_4
720575940620353300,720575940614386070,17,set_4
720575940620353300,720575940615671106,12,set_4
720575940620353300,720575940615894614,6,set_4
720575940620353300,720575940615970015,10,set_4
720575940620353300,720575940616340639,6,set_4
720575940620353300,720575940616864217,21,set_4
720575940620353300,720575940617629841,7,set_4
720575940620353300,720575940618238523,44,set_4
720575940620353300,720575940619176094,6,set_4
720575940620353300,720575940619877396,5,set_4
720575940620353300,720575940619973712,5,set_4
720575940620353300,720575940620274085,5,set_4
720575940620353300,720575940620359956,71,set_4
720575940620353300,720575940620553654,5,set_4
720575940620353300,720575940620979638,6,set_4
720575940620353300,720575940621218694,10,set_4
720575940620353300,720575940621538142,6,set_4
720575940620353300,720575940621586854,29,set_4
720575940620353300,720575940621833281,224,set_4
720575940620353300,720575940622537477,23,set_4
720575940620353300,720575940623149581,182,set_4
720575940620353300,720575940623164941,5,set_4
720575940620353300,720575940623211725,45,set_4
720575940620353300,720575940623690474,27,set_4
720575940620353300,720575940623918121,12,set_4
720575940620353300,720575940624289789,50,set_4
720575940620353300,720575940624530372,5,set_4
720575940620353300,720575940624600840,7,set_4
720575940620353300,720575940624623287,13,set_4
720575940620353300,720575940624986300,8,set_4
720575940620353300,720575940625164176,5,set_4
720575940620353300,720575940625580988,15,set_4
720575940620353300,720575940625612474,7,set_4
720575940620353300,720575940626626597,9,set_4
720575940620353300,720575940626835146,18,set_4
720575940620353300,720575940627086594,5,set_4
720575940620353300,720575940627356459,42,set_4
720575940620353300,720575940627359109,126,set_4
720575940620353300,720575940627847752,22,set_4
720575940620353300,720575940628815381,10,set_4
720575940620353300,720575940628826128,28,set_4
720575940620353300,720575940628995587,30,set_4
720575940620353300,720575940628998659,10,set_4
720575940620353300,720575940630670454,9,set_4
720575940620353300,720575940630773495,25,set_4
720575940620353300,720575940630865724,11,set_4
720575940620353300,720575940630964188,21,set_4
720575940620353300,720575940631092943,10,set_4
720575940620353300,720575940631365340,10,set_4
720575940620353300,720575940631381007,10,set_4
720575940620353300,720575940631406411,7,set_4
720575940620353300,720575940631939432,21,set_4
720575940620353300,720575940631989352,39,set_4
720575940620353300,720575940631994728,59,set_4
720575940620353300,720575940632047890,5,set_4
720575940620353300,720575940632281927,18,set_4
720575940620353300,720575940632486969,116,set_4
720575940620353300,720575940633170969,5,set_4
720575940620353300,720575940633185567,43,set_4
720575940620353300,720575940634782359,11,set_4
720575940620353300,720575940635050638,8,set_4
720575940620353300,720575940635576767,10,set_4
720575940620353300,720575940636685454,5,set_4
720575940620353300,720575940636828334,7,set_4
720575940620353300,720575940637144944,10,set_4
720575940620353300,720575940638024794,20,set_4
720575940620353300,720575940638125887,5,set_4
720575940620353300,720575940638719807,6,set_4
720575940620353300,720575940639285949,7,set_4
720575940620353300,720575940639972816,9,set_4
720575940620353300,720575940642884000,5,set_4
720575940620353300,720575940644726432,28,set_4
720575940620353300,720575940646274670,9,set_4
720575940620353300,720575940646930996,50,set_4
720575940620353300,720575940647030580,5,set_4
720575940620353300,720575940648180868,9,set_4
720575940620353300,720575940649829241,6,set_4
720575940620353300,720575940655013025,6,set_4
720575940620353300,720575940660220289,6,set_4
720575940620353300,720575940661338497,12,set_4
720575940620627035,720575940607162754,18,set_4
720575940620627035,720575940610000964,9,set_4
720575940620627035,720575940613213615,12,set_4
720575940620627035,720575940613943215,5,set_4
720575940620627035,720575940614165201,56,set_4
720575940620627035,720575940614642838,10,set_4
720575940620627035,720575940614660519,5,set_4
720575940620627035,720575940616164658,23,set_4
720575940620627035,720575940617568697,9,set_4
720575940620627035,720575940617853730,11,set_4
720575940620627035,720575940618519454,12,set_4
720575940620627035,720575940620135645,12,set_4
720575940620627035,720575940620359956,10,set_4
720575940620627035,720575940621833281,27,set_4
720575940620627035,720575940621894750,5,set_4
720575940620627035,720575940622154266,14,set_4
720575940620627035,720575940622632084,5,set_4
720575940620627035,720575940622933765,6,set_4
720575940620627035,720575940623381286,10,set_4
720575940620627035,720575940623654804,5,set_4
720575940620627035,720575940623918121,14,set_4
720575940620627035,720575940624789652,10,set_4
720575940620627035,720575940624986300,8,set_4
720575940620627035,720575940624987175,9,set_4
720575940620627035,720575940625175054,27,set_4
720575940620627035,720575940627429907,7,set_4
720575940620627035,720575940627704392,35,set_4
720575940620627035,720575940627829064,11,set_4
720575940620627035,720575940628378440,11,set_4
720575940620627035,720575940628995587,20,set_4
720575940620627035,720575940629576451,31,set_4
720575940620627035,720575940630691958,41,set_4
720575940620627035,720575940630724652,12,set_4
720575940620627035,720575940630775801,11,set_4
720575940620627035,720575940631742381,5,set_4
720575940620627035,720575940631939415,6,set_4
720575940620627035,720575940632029496,22,set_4
720575940620627035,720575940632134227,5,set_4
720575940620627035,720575940632281927,10,set_4
720575940620627035,720575940632355885,6,set_4
720575940620627035,720575940632752723,23,set_4
720575940620627035,720575940633316307,5,set_4
720575940620627035,720575940633941293,20,set_4
720575940620627035,720575940634105439,13,set_4
720575940620627035,720575940635610548,6,set_4
720575940620627035,720575940636541285,24,set_4
720575940620627035,720575940636552805,9,set_4
720575940620627035,720575940637360730,9,set_4
720575940620627035,720575940637530084,7,set_4
720575940620627035,720575940639206077,14,set_4
720575940620627035,720575940639831459,6,set_4
720575940620627035,720575940642428045,7,set_4
720575940620627035,720575940644659236,94,set_4
720575940620627035,720575940644669732,21,set_4
720575940620627035,720575940661338497,7,set_4
720575940620692974,720575940610000964,14,set_4
720575940620692974,720575940613943215,22,set_4
720575940620692974,720575940614998166,9,set_4
720575940620692974,720575940617151266,7,set_4
720575940620692974,720575940619658576,10,set_4
720575940620692974,720575940622348156,29,set_4
720575940620692974,720575940622415948,5,set_4
720575940620692974,720575940623314312,7,set_4
720575940620692974,720575940623449382,6,set_4
720575940620692974,720575940624913959,5,set_4
720575940620692974,720575940625807152,9,set_4
720575940620692974,720575940627177115,9,set_4
720575940620692974,720575940630589036,49,set_4
720575940620692974,720575940631179831,27,set_4
720575940620692974,720575940634659508,7,set_4
720575940620692974,720575940635816926,7,set_4
720575940620692974,720575940639339829,12,set_4
720575940620692974,720575940645503854,16,set_4
720575940620692974,720575940647030324,24,set_4
720575940620692974,720575940649081465,7,set_4
720575940621013640,720575940611366058,7,set_4
720575940621013640,720575940615292895,20,set_4
720575940621013640,720575940615894614,47,set_4
720575940621013640,720575940619549867,5,set_4
720575940621013640,720575940620553094,5,set_4
720575940621013640,720575940620626011,19,set_4
720575940621013640,720575940620735258,6,set_4
720575940621013640,720575940621218694,5,set_4
720575940621013640,720575940622348156,8,set_4
720575940621013640,720575940623210445,5,set_4
720575940621013640,720575940623861962,5,set_4
720575940621013640,720575940626075517,8,set_4
720575940621013640,720575940626456081,8,set_4
720575940621013640,720575940626668218,8,set_4
720575940621013640,720575940627356459,6,set_4
720575940621013640,720575940628023685,23,set_4
720575940621013640,720575940628182910,5,set_4
720575940621013640,720575940630890040,6,set_4
720575940621013640,720575940631092943,66,set_4
720575940621013640,720575940631179831,6,set_4
720575940621013640,720575940631997032,9,set_4
720575940621013640,720575940638103349,14,set_4
720575940621013640,720575940638604915,5,set_4
720575940621013640,720575940639339829,14,set_4
720575940621013640,720575940643703831,8,set_4
720575940621013640,720575940647036980,12,set_4
720575940621047632,720575940605161388,9,set_4
720575940621047632,720575940609423299,25,set_4
720575940621047632,720575940612686233,5,set_4
720575940621047632,720575940613004402,41,set_4
720575940621047632,720575940616194610,141,set_4
720575940621047632,720575940617917579,7,set_4
720575940621047632,720575940620156209,9,set_4
720575940621047632,720575940620274085,10,set_4
720575940621047632,720575940620633947,10,set_4
720575940621047632,720575940621833281,8,set_4
720575940621047632,720575940622415948,49,set_4
720575940621047632,720575940623149581,5,set_4
720575940621047632,720575940623525258,52,set_4
720575940621047632,720575940623676394,10,set_4
720575940621047632,720575940625002936,166,set_4
720575940621047632,720575940626939737,5,set_4
720575940621047632,720575940626960536,9,set_4
720575940621047632,720575940627062088,24,set_4
720575940621047632,720575940627847752,9,set_4
720575940621047632,720575940629865319,49,set_4
720575940621047632,720575940631299090,143,set_4
720575940621047632,720575940632252743,7,set_4
720575940621047632,720575940632839763,16,set_4
720575940621047632,720575940633762714,126,set_4
720575940621047632,720575940635527322,11,set_4
720575940621047632,720575940638024794,5,set_4
720575940621047632,720575940639769715,89,set_4
720575940621047632,720575940639972816,12,set_4
720575940621047632,720575940639994456,6,set_4
720575940621047632,720575940644726432,8,set_4
720575940621329328,720575940608475331,5,set_4
720575940621329328,720575940615742353,8,set_4
720575940621329328,720575940616018956,49,set_4
720575940621329328,720575940617476379,8,set_4
720575940621329328,720575940618859480,8,set_4
720575940621329328,720575940620819659,33,set_4
720575940621329328,720575940625167886,10,set_4
720575940621329328,720575940628815381,16,set_4
720575940621329328,720575940629024591,13,set_4
720575940621329328,720575940631179831,6,set_4
720575940621329328,720575940634527840,6,set_4
720575940621329328,720575940644666148,5,set_4
720575940621329328,720575940647036980,17,set_4
720575940621329328,720575940660224641,7,set_4
720575940621569728,720575940605890784,16,set_4
720575940621569728,720575940607377586,8,set_4
720575940621569728,720575940608500316,6,set_4
720575940621569728,720575940611436408,8,set_4
720575940621569728,720575940613929391,12,set_4
720575940621569728,720575940616864217,12,set_4
720575940621569728,720575940617298747,18,set_4
720575940621569728,720575940618238523,22,set_4
720575940621569728,720575940621586854,10,set_4
720575940621569728,720575940621771041,14,set_4
720575940621569728,720575940622154266,5,set_4
720575940621569728,720575940622933765,7,set_4
720575940621569728,720575940623352063,5,set_4
720575940621569728,720575940623379750,12,set_4
720575940621569728,720575940624906483,5,set_4
720575940621569728,720575940628095593,10,set_4
720575940621569728,720575940628995331,7,set_4
720575940621569728,720575940629422183,5,set_4
720575940621569728,720575940629576451,10,set_4
720575940621569728,720575940629865319,7,set_4
720575940621569728,720575940631108303,5,set_4
720575940621569728,720575940631939432,5,set_4
720575940621569728,720575940631989352,15,set_4
720575940621569728,720575940631994728,16,set_4
720575940621569728,720575940632030008,5,set_4
720575940621569728,720575940632047890,14,set_4
720575940621569728,720575940632252743,13,set_4
720575940621569728,720575940632486969,7,set_4
720575940621569728,720575940632752723,6,set_4
720575940621569728,720575940633185567,9,set_4
720575940621569728,720575940636649061,7,set_4
720575940621569728,720575940639769715,8,set_4
720575940621569728,720575940644669732,6,set_4
720575940621569728,720575940647560500,17,set_4
720575940622018309,720575940607377586,90,set_4
720575940622018309,720575940612208858,59,set_4
720575940622018309,720575940612354034,74,set_4
720575940622018309,720575940612357618,52,set_4
720575940622018309,720575940612686233,7,set_4
720575940622018309,720575940614734754,10,set_4
720575940622018309,720575940615582111,15,set_4
720575940622018309,720575940616067890,52,set_4
720575940622018309,720575940616164658,12,set_4
720575940622018309,720575940616169010,5,set_4
720575940622018309,720575940616194610,12,set_4
720575940622018309,720575940616864086,21,set_4
720575940622018309,720575940617151266,41,set_4
720575940622018309,720575940617636725,19,set_4
720575940622018309,720575940617917579,11,set_4
720575940622018309,720575940618028125,5,set_4
720575940622018309,720575940618514043,19,set_4
720575940622018309,720575940620156209,11,set_4
720575940622018309,720575940621261296,30,set_4
720575940622018309,720575940621538142,6,set_4
720575940622018309,720575940621573030,11,set_4
720575940622018309,720575940621573542,84,set_4
720575940622018309,720575940622054753,12,set_4
720575940622018309,720575940622195625,32,set_4
720575940622018309,720575940622734106,12,set_4
720575940622018309,720575940623164685,10,set_4
720575940622018309,720575940625002936,14,set_4
720575940622018309,720575940625716357,5,set_4
720575940622018309,720575940626094350,131,set_4
720575940622018309,720575940626099214,36,set_4
720575940622018309,720575940626705497,41,set_4
720575940622018309,720575940626960536,22,set_4
720575940622018309,720575940627062088,22,set_4
720575940622018309,720575940627206074,68,set_4
720575940622018309,720575940628211499,30,set_4
720575940622018309,720575940628684023,6,set_4
720575940622018309,720575940628997123,106,set_4
720575940622018309,720575940629024591,6,set_4
720575940622018309,720575940629098028,6,set_4
720575940622018309,720575940629805950,13,set_4
720575940622018309,720575940631365340,24,set_4
720575940622018309,720575940631381007,54,set_4
720575940622018309,720575940631918649,28,set_4
720575940622018309,720575940631939432,5,set_4
720575940622018309,720575940632028216,12,set_4
720575940622018309,720575940632752723,10,set_4
720575940622018309,720575940633762714,96,set_4
720575940622018309,720575940633772257,18,set_4
720575940622018309,720575940635212143,10,set_4
720575940622018309,720575940635527322,5,set_4
720575940622018309,720575940638719807,58,set_4
720575940622018309,720575940639787683,11,set_4
720575940622018309,720575940639831459,6,set_4
720575940622018309,720575940642422517,5,set_4
720575940622018309,720575940646274670,6,set_4
720575940622018309,720575940648188548,12,set_4
720575940622018309,720575940660219265,11,set_4
720575940622018309,720575940661338497,6,set_4
720575940622026245,720575940605890784,22,set_4
720575940622026245,720575940607377586,28,set_4
720575940622026245,720575940610803554,10,set_4
720575940622026245,720575940611151406,72,set_4
720575940622026245,720575940611167842,36,set_4
720575940622026245,720575940611715813,12,set_4
720575940622026245,720575940612208858,42,set_4
720575940622026245,720575940612438514,14,set_4
720575940622026245,720575940612686233,18,set_4
720575940622026245,720575940613825814,22,set_4
720575940622026245,720575940614386070,22,set_4
720575940622026245,720575940615023535,14,set_4
720575940622026245,720575940615671106,104,set_4
720575940622026245,720575940616038294,96,set_4
720575940622026245,720575940616848214,28,set_4
720575940622026245,720575940617296029,18,set_4
720575940622026245,720575940617552057,34,set_4
720575940622026245,720575940617917579,10,set_4
720575940622026245,720575940618238523,58,set_4
720575940622026245,720575940618600246,58,set_4
720575940622026245,720575940619624795,26,set_4
720575940622026245,720575940619877396,48,set_4
720575940622026245,720575940620156209,72,set_4
720575940622026245,720575940621399899,24,set_4
720575940622026245,720575940621573030,74,set_4
720575940622026245,720575940621586854,140,set_4
720575940622026245,720575940622195625,22,set_4
720575940622026245,720575940622348156,32,set_4
720575940622026245,720575940623149581,112,set_4
720575940622026245,720575940623164685,16,set_4
720575940622026245,720575940623211725,104,set_4
720575940622026245,720575940623352063,18,set_4
720575940622026245,720575940623676394,84,set_4
720575940622026245,720575940624289789,144,set_4
720575940622026245,720575940624623287,78,set_4
720575940622026245,720575940625612474,12,set_4
720575940622026245,720575940627099338,52,set_4
720575940622026245,720575940627107721,10,set_4
720575940622026245,720575940627359109,104,set_4
720575940622026245,720575940627739023,40,set_4
720575940622026245,720575940627847752,12,set_4
720575940622026245,720575940628463042,94,set_4
720575940622026245,720575940629024591,16,set_4
720575940622026245,720575940629564688,198,set_4
720575940622026245,720575940629865319,10,set_4
720575940622026245,720575940630980559,10,set_4
720575940622026245,720575940631365340,14,set_4
720575940622026245,720575940631959097,86,set_4
720575940622026245,720575940631994728,20,set_4
720575940622026245,720575940632028216,14,set_4
720575940622026245,720575940632047890,130,set_4
720575940622026245,720575940632252743,10,set_4
720575940622026245,720575940632281927,56,set_4
720575940622026245,720575940632602532,68,set_4
720575940622026245,720575940633185567,112,set_4
720575940622026245,720575940633772257,146,set_4
720575940622026245,720575940635527322,14,set_4
720575940622026245,720575940635596212,72,set_4
720575940622026245,720575940637578853,36,set_4
720575940622026245,720575940638024794,122,set_4
720575940622026245,720575940639994456,148,set_4
720575940622026245,720575940646274670,96,set_4
720575940622026245,720575940646930996,102,set_4
720575940622026245,720575940655013025,16,set_4
720575940622026245,720575940661338497,60,set_4
720575940622074206,720575940605682790,25,set_4
720575940622074206,720575940615505406,5,set_4
720575940622074206,720575940619771375,16,set_4
720575940622074206,720575940623676394,5,set_4
720575940622074206,720575940625002936,54,set_4
720575940622074206,720575940629024591,7,set_4
720575940622074206,720575940630806267,58,set_4
720575940622074206,720575940631299090,15,set_4
720575940622074206,720575940639769715,8,set_4
720575940622074206,720575940647030580,54,set_4
720575940622474899,720575940605647234,11,set_4
720575940622474899,720575940606676572,8,set_4
720575940622474899,720575940609592270,6,set_4
720575940622474899,720575940615824011,6,set_4
720575940622474899,720575940621325150,5,set_4
720575940622474899,720575940621633683,13,set_4
720575940622474899,720575940630504466,7,set_4
720575940622474899,720575940630718511,29,set_4
720575940622474899,720575940634842804,5,set_4
720575940622474899,720575940635322524,10,set_4
720575940622474899,720575940635452570,14,set_4
720575940622474899,720575940639037016,7,set_4
720575940622493260,720575940612208858,11,set_4
720575940622493260,720575940612354034,7,set_4
720575940622493260,720575940612686233,9,set_4
720575940622493260,720575940619877396,11,set_4
720575940622493260,720575940623149581,17,set_4
720575940622493260,720575940624289789,13,set_4
720575940622493260,720575940627206074,9,set_4
720575940622493260,720575940627359109,15,set_4
720575940622493260,720575940627828040,75,set_4
720575940622493260,720575940630691958,5,set_4
720575940622493260,720575940631340815,6,set_4
720575940622493260,720575940631365340,8,set_4
720575940622493260,720575940631918649,6,set_4
720575940622493260,720575940632028216,21,set_4
720575940622493260,720575940632281927,53,set_4
720575940622493260,720575940633772257,49,set_4
720575940622493260,720575940636656632,6,set_4
720575940622493260,720575940646930996,25,set_4
720575940622493260,720575940661338497,50,set_4
720575940622661095,720575940616921152,5,set_4
720575940622661095,720575940618118485,5,set_4
720575940622661095,720575940619128699,16,set_4
720575940622661095,720575940620735258,5,set_4
720575940622661095,720575940622123144,6,set_4
720575940622661095,720575940622457579,5,set_4
720575940622661095,720575940623758377,5,set_4
720575940622661095,720575940623853837,5,set_4
720575940622661095,720575940624454221,6,set_4
720575940622661095,720575940626668218,23,set_4
720575940622661095,720575940626809109,10,set_4
720575940622661095,720575940628182910,20,set_4
720575940622661095,720575940628462927,6,set_4
720575940622661095,720575940630504466,6,set_4
720575940622661095,720575940630661164,15,set_4
720575940622661095,720575940630664556,16,set_4
720575940622661095,720575940631111983,18,set_4
720575940622661095,720575940631619948,10,set_4
720575940622661095,720575940631742381,9,set_4
720575940622661095,720575940631850521,8,set_4
720575940622661095,720575940634659508,7,set_4
720575940622661095,720575940637216624,14,set_4
720575940622661095,720575940638604915,24,set_4
720575940622661095,720575940639813365,5,set_4
720575940622661095,720575940643823470,7,set_4
720575940622661095,720575940646156420,7,set_4
720575940622661095,720575940660220289,7,set_4
720575940623004552,720575940606867145,5,set_4
720575940623004552,720575940611018865,17,set_4
720575940623004552,720575940611812050,7,set_4
720575940623004552,720575940613687789,8,set_4
720575940623004552,720575940613828202,11,set_4
720575940623004552,720575940617488477,24,set_4
720575940623004552,720575940617854676,8,set_4
720575940623004552,720575940620451866,6,set_4
720575940623004552,720575940621256384,40,set_4
720575940623004552,720575940623207885,5,set_4
720575940623004552,720575940623675367,6,set_4
720575940623004552,720575940626809109,9,set_4
720575940623004552,720575940626983684,5,set_4
720575940623004552,720575940627312668,28,set_4
720575940623004552,720575940627443996,14,set_4
720575940623004552,720575940627916331,8,set_4
720575940623004552,720575940628787016,5,set_4
720575940623004552,720575940630661164,7,set_4
720575940623004552,720575940635229303,12,set_4
720575940623004552,720575940639512192,15,set_4
720575940623004552,720575940648708228,6,set_4
720575940623133223,720575940605698080,9,set_4
720575940623133223,720575940609133269,5,set_4
720575940623133223,720575940611715813,9,set_4
720575940623133223,720575940613943215,7,set_4
720575940623133223,720575940614756589,7,set_4
720575940623133223,720575940614998166,7,set_4
720575940623133223,720575940616071483,7,set_4
720575940623133223,720575940616169010,9,set_4
720575940623133223,720575940619658576,10,set_4
720575940623133223,720575940622520908,21,set_4
720575940623133223,720575940623017989,10,set_4
720575940623133223,720575940623449382,14,set_4
720575940623133223,720575940624913959,6,set_4
720575940623133223,720575940625081290,5,set_4
720575940623133223,720575940625172016,5,set_4
720575940623133223,720575940625807152,69,set_4
720575940623133223,720575940627206074,8,set_4
720575940623133223,720575940630461660,8,set_4
720575940623133223,720575940630589036,56,set_4
720575940623133223,720575940631179831,21,set_4
720575940623133223,720575940635816926,7,set_4
720575940623133223,720575940639339829,14,set_4
720575940623133223,720575940647030324,34,set_4
720575940623133223,720575940651736566,14,set_4
720575940623193549,720575940604705312,16,set_4
720575940623193549,720575940608498780,18,set_4
720575940623193549,720575940612427670,10,set_4
720575940623193549,720575940614291181,12,set_4
720575940623193549,720575940616400470,12,set_4
720575940623193549,720575940618519454,44,set_4
720575940623193549,720575940621181066,12,set_4
720575940623193549,720575940624986407,14,set_4
720575940623193549,720575940625175054,12,set_4
720575940623193549,720575940626626597,42,set_4
720575940623193549,720575940626672058,10,set_4
720575940623193549,720575940627444234,10,set_4
720575940623193549,720575940627500279,14,set_4
720575940623193549,720575940627538690,10,set_4
720575940623193549,720575940628125715,24,set_4
720575940623193549,720575940630964188,10,set_4
720575940623193549,720575940631314908,12,set_4
720575940623193549,720575940632486969,12,set_4
720575940623193549,720575940632960813,10,set_4
720575940623193549,720575940633316307,42,set_4
720575940623193549,720575940634198926,46,set_4
720575940623193549,720575940636552805,40,set_4
720575940623193549,720575940637612974,34,set_4
720575940623193549,720575940647060532,14,set_4
720575940623209165,720575940609133269,21,set_4
720575940623209165,720575940610000964,12,set_4
720575940623209165,720575940612357618,30,set_4
720575940623209165,720575940612686233,7,set_4
720575940623209165,720575940612952557,5,set_4
720575940623209165,720575940613213615,12,set_4
720575940623209165,720575940613347299,5,set_4
720575940623209165,720575940613825814,7,set_4
720575940623209165,720575940613943215,17,set_4
720575940623209165,720575940616298171,5,set_4
720575940623209165,720575940616466260,5,set_4
720575940623209165,720575940616864086,8,set_4
720575940623209165,720575940619021726,7,set_4
720575940623209165,720575940619111515,6,set_4
720575940623209165,720575940620170887,5,set_4
720575940623209165,720575940620262465,6,set_4
720575940623209165,720575940621771041,8,set_4
720575940623209165,720575940622054753,18,set_4
720575940623209165,720575940622452715,10,set_4
720575940623209165,720575940624466440,8,set_4
720575940623209165,720575940624906483,8,set_4
720575940623209165,720575940625175054,10,set_4
720575940623209165,720575940625867056,7,set_4
720575940623209165,720575940626243428,8,set_4
720575940623209165,720575940626999464,6,set_4
720575940623209165,720575940627107271,6,set_4
720575940623209165,720575940628995331,31,set_4
720575940623209165,720575940629561347,5,set_4
720575940623209165,720575940629865319,7,set_4
720575940623209165,720575940631179831,15,set_4
720575940623209165,720575940631349335,7,set_4
720575940623209165,720575940631365340,10,set_4
720575940623209165,720575940632047890,25,set_4
720575940623209165,720575940632134227,6,set_4
720575940623209165,720575940636346487,12,set_4
720575940623209165,720575940637360730,11,set_4
720575940623209165,720575940639206077,39,set_4
720575940623209165,720575940639831459,20,set_4
720575940623209165,720575940642422517,7,set_4
720575940623209165,720575940642428045,5,set_4
720575940623209165,720575940647024948,16,set_4
720575940623209165,720575940655015329,6,set_4
720575940623535044,720575940609993284,15,set_4
720575940623535044,720575940616018956,13,set_4
720575940623535044,720575940617440539,20,set_4
720575940623535044,720575940619781814,9,set_4
720575940623535044,720575940620819659,8,set_4
720575940623535044,720575940621667693,69,set_4
720575940623535044,720575940622054753,17,set_4
720575940623535044,720575940623137818,23,set_4
720575940623535044,720575940625167886,17,set_4
720575940623535044,720575940626086842,6,set_4
720575940623535044,720575940626434822,10,set_4
720575940623535044,720575940627372090,14,set_4
720575940623535044,720575940628815381,25,set_4
720575940623535044,720575940630159616,6,set_4
720575940623535044,720575940630665210,93,set_4
720575940623535044,720575940630771449,6,set_4
720575940623535044,720575940630980559,35,set_4
720575940623535044,720575940631108303,6,set_4
720575940623535044,720575940631179831,6,set_4
720575940623535044,720575940631994728,6,set_4
720575940623535044,720575940633065901,9,set_4
720575940623535044,720575940633195148,32,set_4
720575940623535044,720575940637360730,8,set_4
720575940623535044,720575940639206077,14,set_4
720575940623535044,720575940639831459,25,set_4
720575940623535044,720575940640162944,6,set_4
720575940623535044,720575940642428045,5,set_4
720575940623535044,720575940644666148,12,set_4
720575940623535044,720575940644666916,22,set_4
720575940623535044,720575940645039383,5,set_4
720575940623535044,720575940647036980,5,set_4
720575940623609895,720575940611366058,29,set_4
720575940623609895,720575940614714514,5,set_4
720575940623609895,720575940615894614,57,set_4
720575940623609895,720575940616018956,10,set_4
720575940623609895,720575940618859480,5,set_4
720575940623609895,720575940620735258,7,set_4
720575940623609895,720575940622348156,6,set_4
720575940623609895,720575940623210445,35,set_4
720575940623609895,720575940623449382,22,set_4
720575940623609895,720575940623690474,9,set_4
720575940623609895,720575940626191306,14,set_4
720575940623609895,720575940626456081,21,set_4
720575940623609895,720575940626668218,27,set_4
720575940623609895,720575940628023685,6,set_4
720575940623609895,720575940630890040,7,set_4
720575940623609895,720575940631092943,50,set_4
720575940623609895,720575940631179831,14,set_4
720575940623609895,720575940631349335,5,set_4
720575940623609895,720575940631997032,90,set_4
720575940623609895,720575940634527840,5,set_4
720575940623609895,720575940638103349,24,set_4
720575940623609895,720575940642428045,14,set_4
720575940624352970,720575940611018865,18,set_4
720575940624352970,720575940617488477,7,set_4
720575940624352970,720575940617854676,13,set_4
720575940624352970,720575940620780272,10,set_4
720575940624352970,720575940621256384,20,set_4
720575940624352970,720575940623192781,9,set_4
720575940624352970,720575940623675367,10,set_4
720575940624352970,720575940626809109,17,set_4
720575940624352970,720575940626983684,13,set_4
720575940624352970,720575940627254856,19,set_4
720575940624352970,720575940627312668,62,set_4
720575940624352970,720575940627443996,15,set_4
720575940624352970,720575940627916331,8,set_4
720575940624352970,720575940630661164,10,set_4
720575940624352970,720575940635229303,9,set_4
720575940624352970,720575940639512192,15,set_4
720575940624352970,720575940642910152,11,set_4
720575940624352970,720575940643823470,6,set_4
720575940624352970,720575940648708228,8,set_4
720575940624882407,720575940607166731,32,set_4
720575940624882407,720575940612208858,152,set_4
720575940624882407,720575940612256938,10,set_4
720575940624882407,720575940612423922,10,set_4
720575940624882407,720575940612438514,14,set_4
720575940624882407,720575940614714514,50,set_4
720575940624882407,720575940620170887,10,set_4
720575940624882407,720575940620506996,10,set_4
720575940624882407,720575940622348156,12,set_4
720575940624882407,720575940623148285,20,set_4
720575940624882407,720575940623149581,44,set_4
720575940624882407,720575940624289789,52,set_4
720575940624882407,720575940625002936,18,set_4
720575940624882407,720575940625941022,30,set_4
720575940624882407,720575940627206074,24,set_4
720575940624882407,720575940627274578,16,set_4
720575940624882407,720575940627359109,36,set_4
720575940624882407,720575940627828040,10,set_4
720575940624882407,720575940627989609,16,set_4
720575940624882407,720575940628095593,28,set_4
720575940624882407,720575940629024591,38,set_4
720575940624882407,720575940629470838,38,set_4
720575940624882407,720575940630664556,26,set_4
720575940624882407,720575940631070239,22,set_4
720575940624882407,720575940631572141,38,set_4
720575940624882407,720575940632028216,98,set_4
720575940624882407,720575940632281927,12,set_4
720575940624882407,720575940632602532,36,set_4
720575940624882407,720575940633772257,94,set_4
720575940624882407,720575940636541285,18,set_4
720575940624882407,720575940637896245,30,set_4
720575940624882407,720575940638604915,10,set_4
720575940624882407,720575940639769715,10,set_4
720575940624882407,720575940645039383,16,set_4
720575940624882407,720575940646930996,50,set_4
720575940624882407,720575940647036980,72,set_4
720575940624882407,720575940648377209,10,set_4
720575940624882407,720575940661338497,20,set_4
720575940625045180,720575940605161388,32,set_4
720575940625045180,720575940605682790,92,set_4
720575940625045180,720575940610000964,28,set_4
720575940625045180,720575940613004402,50,set_4
720575940625045180,720575940613943215,20,set_4
720575940625045180,720575940619771375,34,set_4
720575940625045180,720575940620170887,18,set_4
720575940625045180,720575940625175054,32,set_4
720575940625045180,720575940626468178,12,set_4
720575940625045180,720575940627107271,60,set_4
720575940625045180,720575940629024591,30,set_4
720575940625045180,720575940629865319,24,set_4
720575940625045180,720575940630806267,64,set_4
720575940625045180,720575940632602532,50,set_4
720575940625045180,720575940639206077,34,set_4
720575940625045180,720575940639339829,10,set_4
720575940625045180,720575940639972816,50,set_4
720575940625045180,720575940642428045,26,set_4
720575940625045180,720575940647030580,10,set_4
720575940625045180,720575940647036980,10,set_4
720575940625045180,720575940659479937,10,set_4
720575940625376442,720575940610708430,29,set_4
720575940625376442,720575940612761750,5,set_4
720575940625376442,720575940613403890,6,set_4
720575940625376442,720575940613903778,9,set_4
720575940625376442,720575940615671106,5,set_4
720575940625376442,720575940616921152,20,set_4
720575940625376442,720575940618571200,14,set_4
720575940625376442,720575940620134638,14,set_4
720575940625376442,720575940620597232,7,set_4
720575940625376442,720575940621662332,27,set_4
720575940625376442,720575940623139341,12,set_4
720575940625376442,720575940623217132,6,set_4
720575940625376442,720575940624402173,16,set_4
720575940625376442,720575940624427704,6,set_4
720575940625376442,720575940625053773,7,set_4
720575940625376442,720575940626308697,21,set_4
720575940625376442,720575940626393999,10,set_4
720575940625376442,720575940628378378,9,set_4
720575940625376442,720575940628722284,17,set_4
720575940625376442,720575940630113531,10,set_4
720575940625376442,720575940631309866,6,set_4
720575940625376442,720575940635950426,7,set_4
720575940625376442,720575940639956643,14,set_4
720575940625873560,720575940608475331,5,set_4
720575940625873560,720575940610000964,5,set_4
720575940625873560,720575940611366058,10,set_4
720575940625873560,720575940616018956,7,set_4
720575940625873560,720575940619473624,13,set_4
720575940625873560,720575940620177543,7,set_4
720575940625873560,720575940620292116,13,set_4
720575940625873560,720575940621218694,12,set_4
720575940625873560,720575940623449382,8,set_4
720575940625873560,720575940625175054,15,set_4
720575940625873560,720575940626191306,28,set_4
720575940625873560,720575940626668218,19,set_4
720575940625873560,720575940631349335,6,set_4
720575940625873560,720575940631997032,61,set_4
720575940625873560,720575940633881848,6,set_4
720575940625873560,720575940633941293,13,set_4
720575940625873560,720575940637216624,16,set_4
720575940625873560,720575940638103349,43,set_4
720575940625873560,720575940639769715,5,set_4
720575940625873560,720575940642428045,21,set_4
720575940625874992,720575940605161388,48,set_4
720575940625874992,720575940605682790,126,set_4
720575940625874992,720575940610000964,96,set_4
720575940625874992,720575940611885461,36,set_4
720575940625874992,720575940613004402,150,set_4
720575940625874992,720575940613943215,66,set_4
720575940625874992,720575940619771375,144,set_4
720575940625874992,720575940620170887,102,set_4
720575940625874992,720575940622386824,54,set_4
720575940625874992,720575940625175054,36,set_4
720575940625874992,720575940626468178,54,set_4
720575940625874992,720575940627107271,186,set_4
720575940625874992,720575940629024591,108,set_4
720575940625874992,720575940629865319,30,set_4
720575940625874992,720575940630806267,168,set_4
720575940625874992,720575940631179831,42,set_4
720575940625874992,720575940632602532,66,set_4
720575940625874992,720575940639206077,48,set_4
720575940625874992,720575940639972816,126,set_4
720575940625874992,720575940642428045,48,set_4
720575940625874992,720575940647030580,30,set_4
720575940625875504,720575940605971330,10,set_4
720575940625875504,720575940607162754,10,set_4
720575940625875504,720575940607377586,48,set_4
720575940625875504,720575940609423299,12,set_4
720575940625875504,720575940611167842,32,set_4
720575940625875504,720575940612019569,24,set_4
720575940625875504,720575940612910503,14,set_4
720575940625875504,720575940613426343,10,set_4
720575940625875504,720575940614714514,10,set_4
720575940625875504,720575940615245107,12,set_4
720575940625875504,720575940615894614,12,set_4
720575940625875504,720575940616194610,28,set_4
720575940625875504,720575940616848214,38,set_4
720575940625875504,720575940617151266,16,set_4
720575940625875504,720575940617917579,16,set_4
720575940625875504,720575940617986683,30,set_4
720575940625875504,720575940619847371,28,set_4
720575940625875504,720575940620156209,36,set_4
720575940625875504,720575940620633947,12,set_4
720575940625875504,720575940621586854,10,set_4
720575940625875504,720575940622054753,14,set_4
720575940625875504,720575940622195625,12,set_4
720575940625875504,720575940622863287,26,set_4
720575940625875504,720575940623352063,30,set_4
720575940625875504,720575940623390246,10,set_4
720575940625875504,720575940623676394,32,set_4
720575940625875504,720575940623861962,16,set_4
720575940625875504,720575940625002936,10,set_4
720575940625875504,720575940625164176,10,set_4
720575940625875504,720575940625304094,32,set_4
720575940625875504,720575940626847765,12,set_4
720575940625875504,720575940626939737,28,set_4
720575940625875504,720575940626960536,104,set_4
720575940625875504,720575940627739023,76,set_4
720575940625875504,720575940628095593,18,set_4
720575940625875504,720575940628971779,10,set_4
720575940625875504,720575940629024591,14,set_4
720575940625875504,720575940629098028,20,set_4
720575940625875504,720575940630867148,14,set_4
720575940625875504,720575940630904567,24,set_4
720575940625875504,720575940631179831,14,set_4
720575940625875504,720575940632839763,28,set_4
720575940625875504,720575940633185567,26,set_4
720575940625875504,720575940639831459,32,set_4
720575940625875504,720575940639994456,22,set_4
720575940625875504,720575940642422517,20,set_4
720575940625875504,720575940644726432,16,set_4
720575940625875504,720575940647474979,14,set_4
720575940625875504,720575940649081465,10,set_4
720575940626163658,720575940609423299,12,set_4
720575940626163658,720575940611502286,6,set_4
720575940626163658,720575940616018956,12,set_4
720575940626163658,720575940616864217,8,set_4
720575940626163658,720575940619682368,6,set_4
720575940626163658,720575940623149581,7,set_4
720575940626163658,720575940625852464,11,set_4
720575940626163658,720575940627359109,5,set_4
720575940626163658,720575940627419962,6,set_4
720575940626163658,720575940630579574,44,set_4
720575940626163658,720575940630839371,67,set_4
720575940626163658,720575940631108303,20,set_4
720575940626163658,720575940631328763,21,set_4
720575940626163658,720575940631939432,5,set_4
720575940626163658,720575940631989352,7,set_4
720575940626163658,720575940632252743,25,set_4
720575940626163658,720575940632281927,39,set_4
720575940626163658,720575940632486969,15,set_4
720575940626163658,720575940661338497,22,set_4
720575940626507346,720575940611018865,10,set_4
720575940626507346,720575940617854676,8,set_4
720575940626507346,720575940620741102,9,set_4
720575940626507346,720575940621256384,68,set_4
720575940626507346,720575940622433799,6,set_4
720575940626507346,720575940623675367,6,set_4
720575940626507346,720575940625081290,34,set_4
720575940626507346,720575940625172016,6,set_4
720575940626507346,720575940626809109,12,set_4
720575940626507346,720575940626983684,14,set_4
720575940626507346,720575940627206074,47,set_4
720575940626507346,720575940627254856,12,set_4
720575940626507346,720575940627312668,46,set_4
720575940626507346,720575940627443996,17,set_4
720575940626507346,720575940627828040,12,set_4
720575940626507346,720575940627916331,21,set_4
720575940626507346,720575940629595633,5,set_4
720575940626507346,720575940630661164,6,set_4
720575940626507346,720575940630904567,37,set_4
720575940626507346,720575940630995799,7,set_4
720575940626507346,720575940631299090,10,set_4
720575940626507346,720575940632998028,5,set_4
720575940626507346,720575940635229303,30,set_4
720575940626507346,720575940635816926,6,set_4
720575940626507346,720575940646274670,7,set_4
720575940626507346,720575940647030580,6,set_4
720575940626507346,720575940648708228,17,set_4
720575940626557186,720575940605694240,18,set_4
720575940626557186,720575940608475331,26,set_4
720575940626557186,720575940609133269,36,set_4
720575940626557186,720575940612208858,36,set_4
720575940626557186,720575940612686233,10,set_4
720575940626557186,720575940612772915,30,set_4
720575940626557186,720575940614714514,24,set_4
720575940626557186,720575940615071391,22,set_4
720575940626557186,720575940616018956,10,set_4
720575940626557186,720575940616067890,24,set_4
720575940626557186,720575940616071483,88,set_4
720575940626557186,720575940616100582,12,set_4
720575940626557186,720575940616169010,40,set_4
720575940626557186,720575940617151266,198,set_4
720575940626557186,720575940617244027,16,set_4
720575940626557186,720575940617636725,10,set_4
720575940626557186,720575940617986683,12,set_4
720575940626557186,720575940619549867,112,set_4
720575940626557186,720575940619601428,12,set_4
720575940626557186,720575940619865547,28,set_4
720575940626557186,720575940620170887,112,set_4
720575940626557186,720575940620217582,14,set_4
720575940626557186,720575940620626011,16,set_4
720575940626557186,720575940621128583,12,set_4
720575940626557186,720575940621573030,12,set_4
720575940626557186,720575940621755888,38,set_4
720575940626557186,720575940621833281,10,set_4
720575940626557186,720575940622853258,26,set_4
720575940626557186,720575940623066893,84,set_4
720575940626557186,720575940623149581,76,set_4
720575940626557186,720575940623261675,28,set_4
720575940626557186,720575940623390246,104,set_4
720575940626557186,720575940623525258,12,set_4
720575940626557186,720575940623654804,12,set_4
720575940626557186,720575940623690474,36,set_4
720575940626557186,720575940624263655,50,set_4
720575940626557186,720575940624289789,182,set_4
720575940626557186,720575940625002936,12,set_4
720575940626557186,720575940625807152,10,set_4
720575940626557186,720575940625813140,52,set_4
720575940626557186,720575940626185353,16,set_4
720575940626557186,720575940626939737,148,set_4
720575940626557186,720575940626960536,166,set_4
720575940626557186,720575940627040549,28,set_4
720575940626557186,720575940627177115,22,set_4
720575940626557186,720575940627206074,92,set_4
720575940626557186,720575940627210502,18,set_4
720575940626557186,720575940627359109,68,set_4
720575940626557186,720575940627828040,20,set_4
720575940626557186,720575940628095593,116,set_4
720575940626557186,720575940628211499,10,set_4
720575940626557186,720575940628644218,40,set_4
720575940626557186,720575940628680553,10,set_4
720575940626557186,720575940628684023,20,set_4
720575940626557186,720575940629024591,90,set_4
720575940626557186,720575940629677417,16,set_4
720575940626557186,720575940630182972,54,set_4
720575940626557186,720575940632028216,86,set_4
720575940626557186,720575940632602532,92,set_4
720575940626557186,720575940633762714,26,set_4
720575940626557186,720575940633772257,54,set_4
720575940626557186,720575940635625367,40,set_4
720575940626557186,720575940635751269,10,set_4
720575940626557186,720575940639756093,10,set_4
720575940626557186,720575940640224640,18,set_4
720575940626557186,720575940640348149,16,set_4
720575940626557186,720575940644672548,12,set_4
720575940626557186,720575940646930996,172,set_4
720575940626557186,720575940649081465,22,set_4
720575940626557186,720575940651736566,24,set_4
720575940627667530,720575940607345586,17,set_4
720575940627667530,720575940608227118,6,set_4
720575940627667530,720575940608287106,7,set_4
720575940627667530,720575940609133269,14,set_4
720575940627667530,720575940609376707,11,set_4
720575940627667530,720575940609592270,38,set_4
720575940627667530,720575940610708430,36,set_4
720575940627667530,720575940612572131,6,set_4
720575940627667530,720575940612792830,7,set_4
720575940627667530,720575940613903778,49,set_4
720575940627667530,720575940614358014,7,set_4
720575940627667530,720575940615671106,8,set_4
720575940627667530,720575940616483284,18,set_4
720575940627667530,720575940616791709,36,set_4
720575940627667530,720575940617399257,5,set_4
720575940627667530,720575940617432065,12,set_4
720575940627667530,720575940617448331,5,set_4
720575940627667530,720575940618571200,7,set_4
720575940627667530,720575940618936710,10,set_4
720575940627667530,720575940619038493,9,set_4
720575940627667530,720575940619757366,7,set_4
720575940627667530,720575940619877396,13,set_4
720575940627667530,720575940620134638,5,set_4
720575940627667530,720575940620258913,6,set_4
720575940627667530,720575940620441821,5,set_4
720575940627667530,720575940620741102,12,set_4
720575940627667530,720575940620833901,6,set_4
720575940627667530,720575940621662332,42,set_4
720575940627667530,720575940622227197,22,set_4
720575940627667530,720575940622515895,5,set_4
720575940627667530,720575940622648723,15,set_4
720575940627667530,720575940622921827,15,set_4
720575940627667530,720575940622995082,9,set_4
720575940627667530,720575940624402173,9,set_4
720575940627667530,720575940624820112,10,set_4
720575940627667530,720575940625167886,10,set_4
720575940627667530,720575940625385316,6,set_4
720575940627667530,720575940626229849,5,set_4
720575940627667530,720575940626308697,7,set_4
720575940627667530,720575940627312668,6,set_4
720575940627667530,720575940627357457,5,set_4
720575940627667530,720575940628995331,5,set_4
720575940627667530,720575940629786998,6,set_4
720575940627667530,720575940630007237,8,set_4
720575940627667530,720575940631087943,5,set_4
720575940627667530,720575940631110095,6,set_4
720575940627667530,720575940631299090,5,set_4
720575940627667530,720575940631643532,5,set_4
720575940627667530,720575940635640974,15,set_4
720575940627667530,720575940635950426,20,set_4
720575940627667530,720575940637396964,5,set_4
720575940627667530,720575940640547928,6,set_4
720575940627667530,720575940643325581,16,set_4
720575940627667530,720575940644666660,5,set_4
720575940627667530,720575940646088068,5,set_4
720575940627828296,720575940609423299,82,set_4
720575940627828296,720575940615245107,22,set_4
720575940627828296,720575940616848214,10,set_4
720575940627828296,720575940617298747,14,set_4
720575940627828296,720575940619624795,38,set_4
720575940627828296,720575940620274085,22,set_4
720575940627828296,720575940622054753,22,set_4
720575940627828296,720575940622348156,38,set_4
720575940627828296,720575940623149581,12,set_4
720575940627828296,720575940624289789,10,set_4
720575940627828296,720575940624623287,16,set_4
720575940627828296,720575940627359109,14,set_4
720575940627828296,720575940627419962,22,set_4
720575940627828296,720575940628463042,106,set_4
720575940627828296,720575940629470838,18,set_4
720575940627828296,720575940630054735,64,set_4
720575940627828296,720575940632281927,60,set_4
720575940627828296,720575940633772257,26,set_4
720575940627828296,720575940638024794,432,set_4
720575940627828296,720575940639831459,74,set_4
720575940627828296,720575940646274670,22,set_4
720575940627828296,720575940661338497,54,set_4
720575940628119127,720575940605698080,21,set_4
720575940628119127,720575940611715813,6,set_4
720575940628119127,720575940614756589,7,set_4
720575940628119127,720575940615292895,5,set_4
720575940628119127,720575940616071483,5,set_4
720575940628119127,720575940616169010,5,set_4
720575940628119127,720575940619658576,6,set_4
720575940628119127,720575940622348156,10,set_4
720575940628119127,720575940622519156,12,set_4
720575940628119127,720575940624913959,9,set_4
720575940628119127,720575940625081290,6,set_4
720575940628119127,720575940625172016,9,set_4
720575940628119127,720575940625339981,5,set_4
720575940628119127,720575940625807152,42,set_4
720575940628119127,720575940627916331,10,set_4
720575940628119127,720575940628885160,34,set_4
720575940628119127,720575940630589036,62,set_4
720575940628119127,720575940630995799,6,set_4
720575940628119127,720575940631179831,28,set_4
720575940628119127,720575940635816926,7,set_4
720575940628119127,720575940639339829,11,set_4
720575940628119127,720575940647030324,5,set_4
720575940628119127,720575940651736566,16,set_4
720575940628319899,720575940611496165,8,set_4
720575940628319899,720575940612376805,9,set_4
720575940628319899,720575940612572723,9,set_4
720575940628319899,720575940614165201,18,set_4
720575940628319899,720575940620129182,17,set_4
720575940628319899,720575940620170887,5,set_4
720575940628319899,720575940620497062,10,set_4
720575940628319899,720575940620741102,19,set_4
720575940628319899,720575940622021637,8,set_4
720575940628319899,720575940622921827,5,set_4
720575940628319899,720575940626073637,11,set_4
720575940628319899,720575940626229849,8,set_4
720575940628319899,720575940626243428,5,set_4
720575940628319899,720575940627828040,7,set_4
720575940628319899,720575940627828552,7,set_4
720575940628319899,720575940628125715,18,set_4
720575940628319899,720575940629412682,6,set_4
720575940628319899,720575940629806974,10,set_4
720575940628319899,720575940630159616,7,set_4
720575940628319899,720575940630771449,5,set_4
720575940628319899,720575940632029496,5,set_4
720575940628319899,720575940632407826,7,set_4
720575940628319899,720575940632524559,8,set_4
720575940628319899,720575940633198284,10,set_4
720575940628319899,720575940633316307,30,set_4
720575940628319899,720575940634229871,6,set_4
720575940628319899,720575940636541285,20,set_4
720575940628319899,720575940636552805,35,set_4
720575940628319899,720575940644659236,20,set_4
720575940628319899,720575940644666148,7,set_4
720575940628598121,720575940613004402,18,set_4
720575940628598121,720575940626468178,10,set_4
720575940628598121,720575940630806267,18,set_4
720575940628598121,720575940639972816,28,set_4
720575940628668009,720575940607162754,70,set_4
720575940628668009,720575940609993284,14,set_4
720575940628668009,720575940612208858,112,set_4
720575940628668009,720575940612686233,190,set_4
720575940628668009,720575940612692633,10,set_4
720575940628668009,720575940613825814,14,set_4
720575940628668009,720575940615894614,16,set_4
720575940628668009,720575940617917579,26,set_4
720575940628668009,720575940617986683,22,set_4
720575940628668009,720575940618135419,10,set_4
720575940628668009,720575940620129182,36,set_4
720575940628668009,720575940620135645,10,set_4
720575940628668009,720575940620292116,16,set_4
720575940628668009,720575940620633947,16,set_4
720575940628668009,720575940621763312,10,set_4
720575940628668009,720575940621833281,58,set_4
720575940628668009,720575940621894750,36,set_4
720575940628668009,720575940622054753,66,set_4
720575940628668009,720575940622415948,28,set_4
720575940628668009,720575940623137818,24,set_4
720575940628668009,720575940623149581,138,set_4
720575940628668009,720575940623272328,48,set_4
720575940628668009,720575940624289789,104,set_4
720575940628668009,720575940624466440,20,set_4
720575940628668009,720575940624913959,32,set_4
720575940628668009,720575940625807152,30,set_4
720575940628668009,720575940626243428,10,set_4
720575940628668009,720575940626798736,14,set_4
720575940628668009,720575940626826288,12,set_4
720575940628668009,720575940626960536,58,set_4
720575940628668009,720575940627356459,10,set_4
720575940628668009,720575940627359109,126,set_4
720575940628668009,720575940627829064,38,set_4
720575940628668009,720575940627916331,28,set_4
720575940628668009,720575940628070419,12,set_4
720575940628668009,720575940628815381,22,set_4
720575940628668009,720575940629098028,24,set_4
720575940628668009,720575940629470838,26,set_4
720575940628668009,720575940630182972,60,set_4
720575940628668009,720575940630488540,30,set_4
720575940628668009,720575940630589036,14,set_4
720575940628668009,720575940630691958,78,set_4
720575940628668009,720575940630771449,10,set_4
720575940628668009,720575940631092943,14,set_4
720575940628668009,720575940631365340,212,set_4
720575940628668009,720575940631939415,50,set_4
720575940628668009,720575940631994728,16,set_4
720575940628668009,720575940632028216,66,set_4
720575940628668009,720575940632134227,22,set_4
720575940628668009,720575940632281927,10,set_4
720575940628668009,720575940632839763,28,set_4
720575940628668009,720575940633195148,12,set_4
720575940628668009,720575940633772257,26,set_4
720575940628668009,720575940635527322,46,set_4
720575940628668009,720575940635596212,14,set_4
720575940628668009,720575940637360730,52,set_4
720575940628668009,720575940637530084,18,set_4
720575940628668009,720575940638024794,48,set_4
720575940628668009,720575940639206077,62,set_4
720575940628668009,720575940639831459,66,set_4
720575940628668009,720575940646930996,94,set_4
720575940628668009,720575940661338497,16,set_4
720575940628676457,720575940611366058,8,set_4
720575940628676457,720575940611643033,7,set_4
720575940628676457,720575940616018956,5,set_4
720575940628676457,720575940616848214,6,set_4
720575940628676457,720575940622519156,6,set_4
720575940628676457,720575940623192781,5,set_4
720575940628676457,720575940625167886,5,set_4
720575940628676457,720575940625175054,5,set_4
720575940628676457,720575940628680553,7,set_4
720575940628676457,720575940629024591,13,set_4
720575940628676457,720575940631092943,19,set_4
720575940628676457,720575940633639063,9,set_4
720575940628676457,720575940639339829,5,set_4
720575940628676457,720575940639787683,5,set_4
720575940628676457,720575940639994456,6,set_4
720575940628676457,720575940646274670,5,set_4
720575940628780309,720575940607272649,82,set_4
720575940628780309,720575940607377586,22,set_4
720575940628780309,720575940609407939,14,set_4
720575940628780309,720575940609915204,24,set_4
720575940628780309,720575940610055982,54,set_4
720575940628780309,720575940611167842,74,set_4
720575940628780309,720575940612357618,116,set_4
720575940628780309,720575940612888178,14,set_4
720575940628780309,720575940613347299,84,set_4
720575940628780309,720575940614660519,20,set_4
720575940628780309,720575940615023535,84,set_4
720575940628780309,720575940615671106,16,set_4
720575940628780309,720575940616038294,140,set_4
720575940628780309,720575940616067890,96,set_4
720575940628780309,720575940616848214,62,set_4
720575940628780309,720575940617403622,68,set_4
720575940628780309,720575940617629841,24,set_4
720575940628780309,720575940617636725,18,set_4
720575940628780309,720575940617917579,62,set_4
720575940628780309,720575940618514043,12,set_4
720575940628780309,720575940619877396,66,set_4
720575940628780309,720575940620156209,18,set_4
720575940628780309,720575940620170887,32,set_4
720575940628780309,720575940620673985,20,set_4
720575940628780309,720575940621218694,10,set_4
720575940628780309,720575940621573030,74,set_4
720575940628780309,720575940621833281,26,set_4
720575940628780309,720575940622195625,20,set_4
720575940628780309,720575940623149581,192,set_4
720575940628780309,720575940623164685,22,set_4
720575940628780309,720575940623676394,174,set_4
720575940628780309,720575940624289789,130,set_4
720575940628780309,720575940624623287,86,set_4
720575940628780309,720575940625164176,42,set_4
720575940628780309,720575940625867056,10,set_4
720575940628780309,720575940626094350,68,set_4
720575940628780309,720575940626468178,10,set_4
720575940628780309,720575940627359109,142,set_4
720575940628780309,720575940627410451,12,set_4
720575940628780309,720575940627739023,40,set_4
720575940628780309,720575940627828040,36,set_4
720575940628780309,720575940628211499,44,set_4
720575940628780309,720575940628345610,22,set_4
720575940628780309,720575940628997123,106,set_4
720575940628780309,720575940629024591,18,set_4
720575940628780309,720575940629561347,28,set_4
720575940628780309,720575940629564688,64,set_4
720575940628780309,720575940630470391,10,set_4
720575940628780309,720575940630665210,12,set_4
720575940628780309,720575940630691958,10,set_4
720575940628780309,720575940631179831,22,set_4
720575940628780309,720575940631994728,38,set_4
720575940628780309,720575940632028216,26,set_4
720575940628780309,720575940632159519,10,set_4
720575940628780309,720575940632281927,90,set_4
720575940628780309,720575940633170969,18,set_4
720575940628780309,720575940633772257,42,set_4
720575940628780309,720575940635527322,94,set_4
720575940628780309,720575940637578853,12,set_4
720575940628780309,720575940639339829,48,set_4
720575940628780309,720575940639994456,86,set_4
720575940628780309,720575940644666660,18,set_4
720575940628780309,720575940646274670,86,set_4
720575940628780309,720575940646930996,118,set_4
720575940628780309,720575940660219265,28,set_4
720575940628780309,720575940661338497,96,set_4
720575940628973827,720575940605698080,90,set_4
720575940628973827,720575940615071391,48,set_4
720575940628973827,720575940616169010,75,set_4
720575940628973827,720575940616194610,15,set_4
720575940628973827,720575940617151266,33,set_4
720575940628973827,720575940620170887,120,set_4
720575940628973827,720575940620217582,36,set_4
720575940628973827,720575940620626011,15,set_4
720575940628973827,720575940620633947,51,set_4
720575940628973827,720575940620778223,15,set_4
720575940628973827,720575940623066893,15,set_4
720575940628973827,720575940625002936,18,set_4
720575940628973827,720575940625167886,21,set_4
720575940628973827,720575940626705497,528,set_4
720575940628973827,720575940627040549,24,set_4
720575940628973827,720575940627206074,147,set_4
720575940628973827,720575940630182972,30,set_4
720575940628973827,720575940630470391,15,set_4
720575940628973827,720575940631299090,375,set_4
720575940628973827,720575940632602532,42,set_4
720575940628973827,720575940633762714,57,set_4
720575940628973827,720575940644672548,30,set_4
720575940628973827,720575940645039383,198,set_4
720575940628973827,720575940647036980,90,set_4
720575940628973827,720575940661338497,39,set_4
720575940629111490,720575940605694240,24,set_4
720575940629111490,720575940605698080,78,set_4
720575940629111490,720575940605971330,39,set_4
720575940629111490,720575940607377586,30,set_4
720575940629111490,720575940608475331,15,set_4
720575940629111490,720575940608713993,84,set_4
720575940629111490,720575940609787256,267,set_4
720575940629111490,720575940609993284,33,set_4
720575940629111490,720575940610000964,114,set_4
720575940629111490,720575940611643033,27,set_4
720575940629111490,720575940612686233,51,set_4
720575940629111490,720575940613426343,111,set_4
720575940629111490,720575940613527789,33,set_4
720575940629111490,720575940613943215,81,set_4
720575940629111490,720575940614714514,78,set_4
720575940629111490,720575940614954536,324,set_4
720575940629111490,720575940615015976,180,set_4
720575940629111490,720575940615245107,117,set_4
720575940629111490,720575940615894614,165,set_4
720575940629111490,720575940616071483,132,set_4
720575940629111490,720575940616169010,93,set_4
720575940629111490,720575940616308921,24,set_4
720575940629111490,720575940617986683,30,set_4
720575940629111490,720575940618963732,45,set_4
720575940629111490,720575940619549867,168,set_4
720575940629111490,720575940620626011,132,set_4
720575940629111490,720575940620735258,69,set_4
720575940629111490,720575940620778223,21,set_4
720575940629111490,720575940621116073,15,set_4
720575940629111490,720575940621763312,66,set_4
720575940629111490,720575940621894750,156,set_4
720575940629111490,720575940622054753,30,set_4
720575940629111490,720575940622348156,66,set_4
720575940629111490,720575940622415948,264,set_4
720575940629111490,720575940623042539,36,set_4
720575940629111490,720575940623066893,48,set_4
720575940629111490,720575940623137818,21,set_4
720575940629111490,720575940623511795,159,set_4
720575940629111490,720575940623690474,84,set_4
720575940629111490,720575940623861962,72,set_4
720575940629111490,720575940624466440,45,set_4
720575940629111490,720575940625002936,204,set_4
720575940629111490,720575940625004034,54,set_4
720575940629111490,720575940625081290,117,set_4
720575940629111490,720575940625175054,75,set_4
720575940629111490,720575940625408796,15,set_4
720575940629111490,720575940625807152,144,set_4
720575940629111490,720575940625813140,276,set_4
720575940629111490,720575940625972261,162,set_4
720575940629111490,720575940626075517,48,set_4
720575940629111490,720575940626468178,39,set_4
720575940629111490,720575940626520402,120,set_4
720575940629111490,720575940626705497,324,set_4
720575940629111490,720575940626919144,117,set_4
720575940629111490,720575940627040549,81,set_4
720575940629111490,720575940627047400,33,set_4
720575940629111490,720575940627210502,45,set_4
720575940629111490,720575940627356459,165,set_4
720575940629111490,720575940627916331,18,set_4
720575940629111490,720575940628070419,27,set_4
720575940629111490,720575940628344074,384,set_4
720575940629111490,720575940628680553,45,set_4
720575940629111490,720575940628684023,225,set_4
720575940629111490,720575940629024591,39,set_4
720575940629111490,720575940629098028,18,set_4
720575940629111490,720575940630470391,15,set_4
720575940629111490,720575940630589036,117,set_4
720575940629111490,720575940630806267,18,set_4
720575940629111490,720575940630904567,162,set_4
720575940629111490,720575940630995799,51,set_4
720575940629111490,720575940631092943,108,set_4
720575940629111490,720575940631299090,207,set_4
720575940629111490,720575940631365340,66,set_4
720575940629111490,720575940632839763,15,set_4
720575940629111490,720575940633195148,36,set_4
720575940629111490,720575940634093337,159,set_4
720575940629111490,720575940634826135,387,set_4
720575940629111490,720575940635751269,15,set_4
720575940629111490,720575940635816926,102,set_4
720575940629111490,720575940639206077,72,set_4
720575940629111490,720575940639339829,48,set_4
720575940629111490,720575940639756093,294,set_4
720575940629111490,720575940639769715,99,set_4
720575940629111490,720575940639831459,24,set_4
720575940629111490,720575940642428045,111,set_4
720575940629111490,720575940647030580,24,set_4
720575940629111490,720575940649081465,63,set_4
720575940629111490,720575940651736566,171,set_4
720575940629111490,720575940655071905,174,set_4
720575940629112258,720575940608475331,13,set_4
720575940629112258,720575940613426343,6,set_4
720575940629112258,720575940615292895,52,set_4
720575940629112258,720575940615894614,63,set_4
720575940629112258,720575940617476379,8,set_4
720575940629112258,720575940618859480,5,set_4
720575940629112258,720575940620735258,5,set_4
720575940629112258,720575940621218694,5,set_4
720575940629112258,720575940622123144,8,set_4
720575940629112258,720575940622348156,12,set_4
720575940629112258,720575940623654804,6,set_4
720575940629112258,720575940624600840,6,set_4
720575940629112258,720575940626075517,14,set_4
720575940629112258,720575940626456081,7,set_4
720575940629112258,720575940628023685,12,set_4
720575940629112258,720575940630575943,6,set_4
720575940629112258,720575940631092943,75,set_4
720575940629112258,720575940631997032,6,set_4
720575940629112258,720575940634739886,7,set_4
720575940629112258,720575940638103349,9,set_4
720575940629112258,720575940638604915,12,set_4
720575940629112258,720575940639339829,24,set_4
720575940629112258,720575940643703831,5,set_4
720575940629207963,720575940604247985,16,set_4
720575940629207963,720575940607345586,120,set_4
720575940629207963,720575940609133269,72,set_4
720575940629207963,720575940610708430,14,set_4
720575940629207963,720575940610986006,10,set_4
720575940629207963,720575940612438514,106,set_4
720575940629207963,720575940613170385,32,set_4
720575940629207963,720575940613356851,18,set_4
720575940629207963,720575940614099818,18,set_4
720575940629207963,720575940614965691,30,set_4
720575940629207963,720575940616203869,22,set_4
720575940629207963,720575940616921152,112,set_4
720575940629207963,720575940618963732,12,set_4
720575940629207963,720575940619042427,12,set_4
720575940629207963,720575940619111515,24,set_4
720575940629207963,720575940619453831,12,set_4
720575940629207963,720575940619549867,24,set_4
720575940629207963,720575940620008112,48,set_4
720575940629207963,720575940620177543,10,set_4
720575940629207963,720575940620819659,20,set_4
720575940629207963,720575940620833901,24,set_4
720575940629207963,720575940622466027,10,set_4
720575940629207963,720575940623097853,48,set_4
720575940629207963,720575940623132621,32,set_4
720575940629207963,720575940623137818,16,set_4
720575940629207963,720575940623988733,10,set_4
720575940629207963,720575940624994568,10,set_4
720575940629207963,720575940625799513,48,set_4
720575940629207963,720575940626308697,36,set_4
720575940629207963,720575940626434822,24,set_4
720575940629207963,720575940627062088,12,set_4
720575940629207963,720575940630181852,10,set_4
720575940629207963,720575940630548751,98,set_4
720575940629207963,720575940631056185,16,set_4
720575940629207963,720575940631299602,12,set_4
720575940629207963,720575940631394920,74,set_4
720575940629207963,720575940631459923,10,set_4
720575940629207963,720575940631595603,16,set_4
720575940629207963,720575940632028216,14,set_4
720575940629207963,720575940632524559,10,set_4
720575940629207963,720575940633195148,22,set_4
720575940629207963,720575940633571020,12,set_4
720575940629207963,720575940633639063,32,set_4
720575940629207963,720575940634210155,10,set_4
720575940629207963,720575940635527092,24,set_4
720575940629207963,720575940637578853,14,set_4
720575940629207963,720575940638604915,14,set_4
720575940629207963,720575940639769715,12,set_4
720575940629207963,720575940640681680,34,set_4
720575940629207963,720575940654057889,62,set_4
720575940629207963,720575940655015329,10,set_4
720575940629207963,720575940660224641,24,set_4
720575940629717370,720575940611411057,18,set_4
720575940629717370,720575940616217403,16,set_4
720575940629717370,720575940619414321,10,set_4
720575940629717370,720575940621256384,24,set_4
720575940629717370,720575940622519156,30,set_4
720575940629717370,720575940623449382,14,set_4
720575940629717370,720575940624404872,10,set_4
720575940629717370,720575940625002936,14,set_4
720575940629717370,720575940625172016,60,set_4
720575940629717370,720575940625807152,14,set_4
720575940629717370,720575940626197593,12,set_4
720575940629717370,720575940627254856,14,set_4
720575940629717370,720575940627916331,10,set_4
720575940629717370,720575940630589036,16,set_4
720575940629717370,720575940631111983,22,set_4
720575940629717370,720575940631179831,10,set_4
720575940629717370,720575940634659508,26,set_4
720575940629717370,720575940640224640,10,set_4
720575940629717370,720575940643823470,10,set_4
720575940629778554,720575940607377586,294,set_4
720575940629778554,720575940610590869,44,set_4
720575940629778554,720575940612438514,22,set_4
720575940629778554,720575940612686233,46,set_4
720575940629778554,720575940614954536,28,set_4
720575940629778554,720575940616848214,20,set_4
720575940629778554,720575940619771375,86,set_4
720575940629778554,720575940620274085,28,set_4
720575940629778554,720575940620819659,20,set_4
720575940629778554,720575940622054753,14,set_4
720575940629778554,720575940622452715,100,set_4
720575940629778554,720575940623149581,12,set_4
720575940629778554,720575940624289789,26,set_4
720575940629778554,720575940625002936,12,set_4
720575940629778554,720575940625167886,30,set_4
720575940629778554,720575940626960536,16,set_4
720575940629778554,720575940627206074,18,set_4
720575940629778554,720575940627739023,38,set_4
720575940629778554,720575940627828040,60,set_4
720575940629778554,720575940628684023,42,set_4
720575940629778554,720575940628995331,168,set_4
720575940629778554,720575940629024591,142,set_4
720575940629778554,720575940631365340,64,set_4
720575940629778554,720575940632028216,60,set_4
720575940629778554,720575940633772257,330,set_4
720575940629778554,720575940636346487,114,set_4
720575940629778554,720575940639206077,10,set_4
720575940629778554,720575940639756093,34,set_4
720575940629778554,720575940639831459,26,set_4
720575940629778554,720575940646274670,114,set_4
720575940629778554,720575940647030580,28,set_4
720575940629778554,720575940647036980,26,set_4
720575940629778554,720575940655015329,122,set_4
720575940629804158,720575940610482883,5,set_4
720575940629804158,720575940614386070,11,set_4
720575940629804158,720575940616018956,38,set_4
720575940629804158,720575940616864217,14,set_4
720575940629804158,720575940618238523,41,set_4
720575940629804158,720575940618600246,26,set_4
720575940629804158,720575940619682368,6,set_4
720575940629804158,720575940620274085,19,set_4
720575940629804158,720575940621586854,35,set_4
720575940629804158,720575940621833281,126,set_4
720575940629804158,720575940623149581,36,set_4
720575940629804158,720575940624023188,27,set_4
720575940629804158,720575940624289789,22,set_4
720575940629804158,720575940625612474,6,set_4
720575940629804158,720575940627356459,16,set_4
720575940629804158,720575940627359109,38,set_4
720575940629804158,720575940627419962,27,set_4
720575940629804158,720575940628463042,7,set_4
720575940629804158,720575940628826128,9,set_4
720575940629804158,720575940630865724,17,set_4
720575940629804158,720575940631918649,5,set_4
720575940629804158,720575940631989352,18,set_4
720575940629804158,720575940632281927,204,set_4
720575940629804158,720575940633185567,30,set_4
720575940629804158,720575940638024794,5,set_4
720575940629804158,720575940646274670,23,set_4
720575940629804158,720575940646930996,17,set_4
720575940629804158,720575940647036980,77,set_4
720575940629804158,720575940661338497,131,set_4
720575940630232380,720575940605890784,11,set_4
720575940630232380,720575940607162754,16,set_4
720575940630232380,720575940612208858,38,set_4
720575940630232380,720575940615582111,5,set_4
720575940630232380,720575940616864217,9,set_4
720575940630232380,720575940617917579,44,set_4
720575940630232380,720575940619114048,21,set_4
720575940630232380,720575940619973712,5,set_4
720575940630232380,720575940620274085,5,set_4
720575940630232380,720575940621422518,7,set_4
720575940630232380,720575940621833281,50,set_4
720575940630232380,720575940622452715,22,set_4
720575940630232380,720575940623149581,5,set_4
720575940630232380,720575940624023188,23,set_4
720575940630232380,720575940624289789,18,set_4
720575940630232380,720575940627206074,8,set_4
720575940630232380,720575940627359109,5,set_4
720575940630232380,720575940627739023,5,set_4
720575940630232380,720575940629024591,22,set_4
720575940630232380,720575940630691958,18,set_4
720575940630232380,720575940631994728,10,set_4
720575940630232380,720575940632028216,62,set_4
720575940630232380,720575940633772257,92,set_4
720575940630232380,720575940639831459,5,set_4
720575940630232380,720575940646930996,10,set_4
720575940630232380,720575940655015329,20,set_4
720575940630233404,720575940616848214,10,set_4
720575940630683385,720575940607377586,80,set_4
720575940630683385,720575940610590869,15,set_4
720575940630683385,720575940616067890,11,set_4
720575940630683385,720575940617917579,10,set_4
720575940630683385,720575940622452715,25,set_4
720575940630683385,720575940624289789,6,set_4
720575940630683385,720575940627062088,5,set_4
720575940630683385,720575940627206074,149,set_4
720575940630683385,720575940627359109,6,set_4
720575940630683385,720575940627739023,6,set_4
720575940630683385,720575940628995331,22,set_4
720575940630683385,720575940629024591,36,set_4
720575940630683385,720575940630159616,13,set_4
720575940630683385,720575940630904567,5,set_4
720575940630683385,720575940631365340,6,set_4
720575940630683385,720575940632028216,67,set_4
720575940630683385,720575940632281927,7,set_4
720575940630683385,720575940633065901,23,set_4
720575940630683385,720575940633772257,205,set_4
720575940630683385,720575940636346487,17,set_4
720575940630683385,720575940639206077,33,set_4
720575940630683385,720575940639339829,8,set_4
720575940630683385,720575940640162944,35,set_4
720575940630683385,720575940645039383,7,set_4
720575940630683385,720575940646274670,146,set_4
720575940630683385,720575940646930996,6,set_4
720575940630683385,720575940655015329,21,set_4
720575940630683385,720575940661338497,12,set_4
720575940630868793,720575940607377586,36,set_4
720575940630868793,720575940619771375,30,set_4
720575940630868793,720575940622452715,162,set_4
720575940630868793,720575940632028216,48,set_4
720575940630868793,720575940633772257,126,set_4
720575940630868793,720575940655015329,150,set_4
720575940631280721,720575940612208858,8,set_4
720575940631280721,720575940612354034,9,set_4
720575940631280721,720575940612888178,9,set_4
720575940631280721,720575940615672130,6,set_4
720575940631280721,720575940616864217,86,set_4
720575940631280721,720575940619624795,11,set_4
720575940631280721,720575940621586854,43,set_4
720575940631280721,720575940621833281,22,set_4
720575940631280721,720575940623149581,23,set_4
720575940631280721,720575940623352063,39,set_4
720575940631280721,720575940623525258,6,set_4
720575940631280721,720575940623690474,5,set_4
720575940631280721,720575940624289789,17,set_4
720575940631280721,720575940624623287,7,set_4
720575940631280721,720575940626094350,7,set_4
720575940631280721,720575940626243428,19,set_4
720575940631280721,720575940627086594,11,set_4
720575940631280721,720575940627359109,8,set_4
720575940631280721,720575940627419962,17,set_4
720575940631280721,720575940628463042,14,set_4
720575940631280721,720575940628997123,13,set_4
720575940631280721,720575940628998659,5,set_4
720575940631280721,720575940629865319,5,set_4
720575940631280721,720575940630670454,11,set_4
720575940631280721,720575940630773495,5,set_4
720575940631280721,720575940632252743,9,set_4
720575940631280721,720575940632281927,15,set_4
720575940631280721,720575940632602532,23,set_4
720575940631280721,720575940633185567,66,set_4
720575940631280721,720575940638125887,9,set_4
720575940631280721,720575940646930996,9,set_4
720575940631280721,720575940647036980,23,set_4
720575940631280721,720575940661338497,9,set_4
720575940631999080,720575940605971330,18,set_4
720575940631999080,720575940607377586,68,set_4
720575940631999080,720575940608713993,18,set_4
720575940631999080,720575940609423299,16,set_4
720575940631999080,720575940611167842,28,set_4
720575940631999080,720575940612772915,10,set_4
720575940631999080,720575940614714514,12,set_4
720575940631999080,720575940616194610,30,set_4
720575940631999080,720575940616848214,96,set_4
720575940631999080,720575940617151266,14,set_4
720575940631999080,720575940617917579,10,set_4
720575940631999080,720575940617986683,18,set_4
720575940631999080,720575940620156209,24,set_4
720575940631999080,720575940621833281,12,set_4
720575940631999080,720575940622124833,10,set_4
720575940631999080,720575940622195625,16,set_4
720575940631999080,720575940623676394,32,set_4
720575940631999080,720575940625304094,14,set_4
720575940631999080,720575940626960536,98,set_4
720575940631999080,720575940627739023,80,set_4
720575940631999080,720575940628095593,20,set_4
720575940631999080,720575940631179831,12,set_4
720575940631999080,720575940632839763,32,set_4
720575940631999080,720575940638684248,14,set_4
720575940631999080,720575940639994456,40,set_4
720575940631999080,720575940642422517,10,set_4
720575940632118156,720575940613004402,10,set_4
720575940632118156,720575940630806267,36,set_4
720575940632118156,720575940632028216,12,set_4
720575940632118156,720575940639972816,24,set_4
720575940632118156,720575940661338497,10,set_4
720575940632304711,720575940605971330,10,set_4
720575940632304711,720575940607377586,32,set_4
720575940632304711,720575940609423299,10,set_4
720575940632304711,720575940611167842,22,set_4
720575940632304711,720575940612019569,16,set_4
720575940632304711,720575940612910503,10,set_4
720575940632304711,720575940616194610,14,set_4
720575940632304711,720575940616848214,50,set_4
720575940632304711,720575940617151266,10,set_4
720575940632304711,720575940622195625,10,set_4
720575940632304711,720575940622863287,14,set_4
720575940632304711,720575940623676394,24,set_4
720575940632304711,720575940625304094,16,set_4
720575940632304711,720575940626960536,114,set_4
720575940632304711,720575940627739023,56,set_4
720575940632304711,720575940632839763,22,set_4
720575940632304711,720575940637184326,12,set_4
720575940632304711,720575940638684248,14,set_4
720575940632304711,720575940639994456,10,set_4
720575940632727756,720575940615894614,120,set_4
720575940632727756,720575940616071483,18,set_4
720575940632727756,720575940616169010,39,set_4
720575940632727756,720575940617476379,27,set_4
720575940632727756,720575940617636725,21,set_4
720575940632727756,720575940619549867,21,set_4
720575940632727756,720575940619624795,135,set_4
720575940632727756,720575940620129182,15,set_4
720575940632727756,720575940620626011,54,set_4
720575940632727756,720575940621894750,18,set_4
720575940632727756,720575940621930710,15,set_4
720575940632727756,720575940623352063,24,set_4
720575940632727756,720575940623690474,225,set_4
720575940632727756,720575940625002936,93,set_4
720575940632727756,720575940625807152,18,set_4
720575940632727756,720575940627040549,45,set_4
720575940632727756,720575940627356459,177,set_4
720575940632727756,720575940627419962,18,set_4
720575940632727756,720575940628095593,81,set_4
720575940632727756,720575940628463042,24,set_4
720575940632727756,720575940629024591,27,set_4
720575940632727756,720575940629677417,66,set_4
720575940632727756,720575940630506344,42,set_4
720575940632727756,720575940633941293,15,set_4
720575940632727756,720575940636541285,48,set_4
720575940632727756,720575940639769715,285,set_4
720575940632727756,720575940647036980,15,set_4
720575940632727756,720575940651736566,36,set_4
720575940632727756,720575940661338497,24,set_4
720575940633213792,720575940609423299,5,set_4
720575940633213792,720575940613004402,6,set_4
720575940633213792,720575940617986683,11,set_4
720575940633213792,720575940618963732,11,set_4
720575940633213792,720575940620292116,59,set_4
720575940633213792,720575940623164685,9,set_4
720575940633213792,720575940625408796,11,set_4
720575940633213792,720575940629865319,20,set_4
720575940633213792,720575940632047890,5,set_4
720575940633213792,720575940632252743,7,set_4
720575940633213792,720575940632281927,6,set_4
720575940633213792,720575940634093337,8,set_4
720575940633213792,720575940638024794,20,set_4
720575940633213792,720575940639769715,5,set_4
720575940633213792,720575940647030580,11,set_4
720575940633213792,720575940661338497,9,set_4
720575940633373651,720575940612686233,6,set_4
720575940633373651,720575940614954536,8,set_4
720575940633373651,720575940615505406,12,set_4
720575940633373651,720575940616067890,41,set_4
720575940633373651,720575940616194610,20,set_4
720575940633373651,720575940617917579,7,set_4
720575940633373651,720575940619771375,5,set_4
720575940633373651,720575940620156209,6,set_4
720575940633373651,720575940621573030,16,set_4
720575940633373651,720575940622054753,12,set_4
720575940633373651,720575940622452715,5,set_4
720575940633373651,720575940624289789,11,set_4
720575940633373651,720575940626705497,8,set_4
720575940633373651,720575940627206074,5,set_4
720575940633373651,720575940627359109,5,set_4
720575940633373651,720575940628211499,20,set_4
720575940633373651,720575940631179831,11,set_4
720575940633373651,720575940632028216,14,set_4
720575940633373651,720575940632281927,20,set_4
720575940633373651,720575940633772257,136,set_4
720575940633373651,720575940635527322,137,set_4
720575940633373651,720575940639339829,9,set_4
720575940633373651,720575940639831459,16,set_4
720575940633373651,720575940646274670,8,set_4
720575940633373651,720575940661338497,26,set_4
720575940634645600,720575940605161388,12,set_4
720575940634645600,720575940613004402,28,set_4
720575940634645600,720575940626705497,18,set_4
720575940634645600,720575940629024591,12,set_4
720575940634645600,720575940630806267,52,set_4
720575940634645600,720575940632028216,10,set_4
720575940634645600,720575940639972816,12,set_4
720575940635184735,720575940605707710,7,set_4
720575940635184735,720575940605890784,28,set_4
720575940635184735,720575940607386290,10,set_4
720575940635184735,720575940608735241,14,set_4
720575940635184735,720575940609133269,16,set_4
720575940635184735,720575940609939780,12,set_4
720575940635184735,720575940610584945,18,set_4
720575940635184735,720575940611160930,25,set_4
720575940635184735,720575940611164770,15,set_4
720575940635184735,720575940615811670,39,set_4
720575940635184735,720575940616200790,9,set_4
720575940635184735,720575940617296029,8,set_4
720575940635184735,720575940620359956,28,set_4
720575940635184735,720575940622391337,13,set_4
720575940635184735,720575940623017989,20,set_4
720575940635184735,720575940623476407,28,set_4
720575940635184735,720575940626557442,8,set_4
720575940635184735,720575940626625813,15,set_4
720575940635184735,720575940626968216,21,set_4
720575940635184735,720575940627083294,11,set_4
720575940635184735,720575940627182217,46,set_4
720575940635184735,720575940628029180,6,set_4
720575940635184735,720575940628787016,18,set_4
720575940635184735,720575940628995587,40,set_4
720575940635184735,720575940630771449,10,set_4
720575940635184735,720575940631994728,5,set_4
720575940635184735,720575940633218444,14,set_4
720575940635184735,720575940634210155,27,set_4
720575940635184735,720575940634301852,37,set_4
720575940635184735,720575940634900855,12,set_4
720575940635184735,720575940635166571,7,set_4
720575940635184735,720575940645495587,8,set_4
720575940635184735,720575940648864633,46,set_4
720575940635202155,720575940605890784,12,set_4
720575940635202155,720575940605971330,12,set_4
720575940635202155,720575940607162754,76,set_4
720575940635202155,720575940609993284,30,set_4
720575940635202155,720575940612208858,80,set_4
720575940635202155,720575940612686233,174,set_4
720575940635202155,720575940615292895,12,set_4
720575940635202155,720575940615894614,14,set_4
720575940635202155,720575940616018956,12,set_4
720575940635202155,720575940617568697,24,set_4
720575940635202155,720575940617917579,16,set_4
720575940635202155,720575940617986683,10,set_4
720575940635202155,720575940620129182,22,set_4
720575940635202155,720575940620135645,26,set_4
720575940635202155,720575940620292116,24,set_4
720575940635202155,720575940620819659,12,set_4
720575940635202155,720575940621667693,14,set_4
720575940635202155,720575940621833281,86,set_4
720575940635202155,720575940621894750,32,set_4
720575940635202155,720575940622054753,50,set_4
720575940635202155,720575940622154266,44,set_4
720575940635202155,720575940622415948,30,set_4
720575940635202155,720575940622632084,10,set_4
720575940635202155,720575940623149581,206,set_4
720575940635202155,720575940623272328,42,set_4
720575940635202155,720575940624289789,134,set_4
720575940635202155,720575940624600840,42,set_4
720575940635202155,720575940625167886,16,set_4
720575940635202155,720575940625807152,12,set_4
720575940635202155,720575940626075517,16,set_4
720575940635202155,720575940626668218,14,set_4
720575940635202155,720575940626960536,42,set_4
720575940635202155,720575940627359109,96,set_4
720575940635202155,720575940627704392,12,set_4
720575940635202155,720575940627829064,34,set_4
720575940635202155,720575940628815381,98,set_4
720575940635202155,720575940628885160,16,set_4
720575940635202155,720575940629470838,30,set_4
720575940635202155,720575940630182972,26,set_4
720575940635202155,720575940630488540,14,set_4
720575940635202155,720575940630579574,20,set_4
720575940635202155,720575940630665210,10,set_4
720575940635202155,720575940630691958,100,set_4
720575940635202155,720575940630775801,46,set_4
720575940635202155,720575940631092943,26,set_4
720575940635202155,720575940631365340,82,set_4
720575940635202155,720575940631939415,26,set_4
720575940635202155,720575940631994728,12,set_4
720575940635202155,720575940632028216,68,set_4
720575940635202155,720575940632029496,24,set_4
720575940635202155,720575940632134227,20,set_4
720575940635202155,720575940632281927,26,set_4
720575940635202155,720575940632524559,10,set_4
720575940635202155,720575940632839763,34,set_4
720575940635202155,720575940633195148,18,set_4
720575940635202155,720575940633198284,14,set_4
720575940635202155,720575940633772257,66,set_4
720575940635202155,720575940634105439,58,set_4
720575940635202155,720575940635527322,28,set_4
720575940635202155,720575940636541285,74,set_4
720575940635202155,720575940637360730,70,set_4
720575940635202155,720575940638024794,30,set_4
720575940635202155,720575940638604915,10,set_4
720575940635202155,720575940639206077,44,set_4
720575940635202155,720575940639787683,10,set_4
720575940635202155,720575940639831459,66,set_4
720575940635202155,720575940644659236,18,set_4
720575940635202155,720575940646930996,130,set_4
720575940635202155,720575940661338497,26,set_4
720575940635239672,720575940613747734,36,set_4
720575940635239672,720575940618216862,16,set_4
720575940635239672,720575940620506996,36,set_4
720575940635239672,720575940630981906,10,set_4
720575940635239672,720575940635527092,14,set_4
720575940635297911,720575940608239371,10,set_4
720575940635297911,720575940608475331,18,set_4
720575940635297911,720575940608713993,14,set_4
720575940635297911,720575940610079957,36,set_4
720575940635297911,720575940611366058,12,set_4
720575940635297911,720575940612692633,28,set_4
720575940635297911,720575940613426343,48,set_4
720575940635297911,720575940613943215,12,set_4
720575940635297911,720575940615245107,84,set_4
720575940635297911,720575940616018956,20,set_4
720575940635297911,720575940616921152,18,set_4
720575940635297911,720575940619549867,34,set_4
720575940635297911,720575940619624795,22,set_4
720575940635297911,720575940619900507,24,set_4
720575940635297911,720575940620170887,28,set_4
720575940635297911,720575940620933835,18,set_4
720575940635297911,720575940622466027,10,set_4
720575940635297911,720575940622657268,10,set_4
720575940635297911,720575940623261675,14,set_4
720575940635297911,720575940623690474,22,set_4
720575940635297911,720575940624222205,26,set_4
720575940635297911,720575940625175054,12,set_4
720575940635297911,720575940625454108,10,set_4
720575940635297911,720575940626243428,142,set_4
720575940635297911,720575940626456081,12,set_4
720575940635297911,720575940627275795,10,set_4
720575940635297911,720575940628463042,10,set_4
720575940635297911,720575940629470838,58,set_4
720575940635297911,720575940629987587,32,set_4
720575940635297911,720575940631619948,14,set_4
720575940635297911,720575940632602532,38,set_4
720575940635297911,720575940633941293,56,set_4
720575940635297911,720575940634105439,16,set_4
720575940635297911,720575940635954879,60,set_4
720575940635297911,720575940636541285,146,set_4
720575940635297911,720575940638604915,64,set_4
720575940635297911,720575940642428045,26,set_4
720575940635297911,720575940643703831,28,set_4
720575940635297911,720575940647036980,242,set_4
720575940635360924,720575940611885461,24,set_4
720575940635360924,720575940613004402,27,set_4
720575940635360924,720575940623056422,18,set_4
720575940635360924,720575940623149581,21,set_4
720575940635360924,720575940624289789,21,set_4
720575940635360924,720575940625175054,48,set_4
720575940635360924,720575940626468178,15,set_4
720575940635360924,720575940627723657,48,set_4
720575940635360924,720575940629024591,15,set_4
720575940635360924,720575940630806267,57,set_4
720575940635360924,720575940631365340,21,set_4
720575940635360924,720575940659479937,15,set_4
720575940636165624,720575940610000964,40,set_4
720575940636165624,720575940611885461,45,set_4
720575940636165624,720575940613004402,120,set_4
720575940636165624,720575940613943215,50,set_4
720575940636165624,720575940623149581,45,set_4
720575940636165624,720575940627062088,25,set_4
720575940636165624,720575940627359109,45,set_4
720575940636165624,720575940627723657,30,set_4
720575940636165624,720575940630806267,45,set_4
720575940636165624,720575940639972816,55,set_4
720575940636165624,720575940659479937,40,set_4
720575940636895406,720575940613747734,36,set_4
720575940636895406,720575940613944994,18,set_4
720575940636895406,720575940616071563,15,set_4
720575940636895406,720575940620506996,63,set_4
720575940636895406,720575940620833901,15,set_4
720575940636895406,720575940621345012,18,set_4
720575940636895406,720575940627463043,15,set_4
720575940636895406,720575940635527092,36,set_4
720575940637656286,720575940605890784,72,set_4
720575940637656286,720575940609405635,10,set_4
720575940637656286,720575940612208858,84,set_4
720575940637656286,720575940612443890,22,set_4
720575940637656286,720575940612888178,34,set_4
720575940637656286,720575940613154582,10,set_4
720575940637656286,720575940614965691,22,set_4
720575940637656286,720575940616018956,12,set_4
720575940637656286,720575940619453831,10,set_4
720575940637656286,720575940619624795,12,set_4
720575940637656286,720575940619877396,12,set_4
720575940637656286,720575940620170887,68,set_4
720575940637656286,720575940621818790,22,set_4
720575940637656286,720575940621833281,114,set_4
720575940637656286,720575940622195625,10,set_4
720575940637656286,720575940623352063,56,set_4
720575940637656286,720575940623690474,12,set_4
720575940637656286,720575940624600840,16,set_4
720575940637656286,720575940626279486,38,set_4
720575940637656286,720575940626826288,38,set_4
720575940637656286,720575940626960536,16,set_4
720575940637656286,720575940627356459,58,set_4
720575940637656286,720575940627410451,84,set_4
720575940637656286,720575940627419962,16,set_4
720575940637656286,720575940628826128,32,set_4
720575940637656286,720575940628971779,14,set_4
720575940637656286,720575940629865319,26,set_4
720575940637656286,720575940630664556,28,set_4
720575940637656286,720575940631179831,30,set_4
720575940637656286,720575940631939432,10,set_4
720575940637656286,720575940631989352,10,set_4
720575940637656286,720575940631994728,70,set_4
720575940637656286,720575940632134227,10,set_4
720575940637656286,720575940632602532,30,set_4
720575940637656286,720575940633277209,10,set_4
720575940637656286,720575940634862943,10,set_4
720575940637656286,720575940635527322,14,set_4
720575940637656286,720575940639769715,24,set_4
720575940637656286,720575940646274670,10,set_4
720575940638360960,720575940605698080,11,set_4
720575940638360960,720575940605703456,10,set_4
720575940638360960,720575940613527789,18,set_4
720575940638360960,720575940613825814,6,set_4
720575940638360960,720575940614756589,6,set_4
720575940638360960,720575940615292895,19,set_4
720575940638360960,720575940616298171,5,set_4
720575940638360960,720575940622348156,9,set_4
720575940638360960,720575940625081290,11,set_4
720575940638360960,720575940625172016,11,set_4
720575940638360960,720575940625339981,8,set_4
720575940638360960,720575940625807152,30,set_4
720575940638360960,720575940626185353,6,set_4
720575940638360960,720575940627916331,13,set_4
720575940638360960,720575940628885160,36,set_4
720575940638360960,720575940629954872,5,set_4
720575940638360960,720575940630589036,48,set_4
720575940638360960,720575940630995799,16,set_4
720575940638360960,720575940631179831,9,set_4
720575940638360960,720575940635816926,14,set_4
720575940638360960,720575940639339829,5,set_4
720575940638360960,720575940641284853,7,set_4
720575940638360960,720575940651736566,9,set_4
720575940638714694,720575940609133269,10,set_4
720575940638714694,720575940610000964,10,set_4
720575940638714694,720575940611502286,18,set_4
720575940638714694,720575940612208858,12,set_4
720575940638714694,720575940615505406,24,set_4
720575940638714694,720575940616018956,46,set_4
720575940638714694,720575940616067890,52,set_4
720575940638714694,720575940616071483,48,set_4
720575940638714694,720575940616203869,12,set_4
720575940638714694,720575940619549867,140,set_4
720575940638714694,720575940620129182,12,set_4
720575940638714694,720575940621827419,10,set_4
720575940638714694,720575940621894750,16,set_4
720575940638714694,720575940622415948,204,set_4
720575940638714694,720575940622933765,18,set_4
720575940638714694,720575940625002936,116,set_4
720575940638714694,720575940625167886,20,set_4
720575940638714694,720575940625175054,12,set_4
720575940638714694,720575940625489160,10,set_4
720575940638714694,720575940625813140,240,set_4
720575940638714694,720575940627284935,14,set_4
720575940638714694,720575940628287546,10,set_4
720575940638714694,720575940629024591,442,set_4
720575940638714694,720575940629422183,38,set_4
720575940638714694,720575940631989352,14,set_4
720575940638714694,720575940632281927,42,set_4
720575940638714694,720575940633772257,264,set_4
720575940638714694,720575940635527322,10,set_4
720575940638714694,720575940639769715,42,set_4
720575940638714694,720575940639831459,14,set_4
720575940638714694,720575940641417869,12,set_4
720575940638714694,720575940642428045,20,set_4
720575940638714694,720575940644666660,10,set_4
720575940638714694,720575940646274670,32,set_4
720575940638714694,720575940661338497,46,set_4
720575940639786915,720575940604247985,30,set_4
720575940639786915,720575940607345586,14,set_4
720575940639786915,720575940609592270,28,set_4
720575940639786915,720575940612686233,18,set_4
720575940639786915,720575940613356851,14,set_4
720575940639786915,720575940614061930,16,set_4
720575940639786915,720575940614099818,12,set_4
720575940639786915,720575940614965691,22,set_4
720575940639786915,720575940616018956,90,set_4
720575940639786915,720575940616203869,22,set_4
720575940639786915,720575940616791709,34,set_4
720575940639786915,720575940617629841,28,set_4
720575940639786915,720575940619453831,12,set_4
720575940639786915,720575940620550534,10,set_4
720575940639786915,720575940620819659,20,set_4
720575940639786915,720575940621126384,50,set_4
720575940639786915,720575940621169690,30,set_4
720575940639786915,720575940623137818,10,set_4
720575940639786915,720575940623149581,10,set_4
720575940639786915,720575940623988733,20,set_4
720575940639786915,720575940624266128,16,set_4
720575940639786915,720575940624528068,20,set_4
720575940639786915,720575940624994568,30,set_4
720575940639786915,720575940625813140,22,set_4
720575940639786915,720575940625841241,12,set_4
720575940639786915,720575940626376600,12,set_4
720575940639786915,720575940626468178,14,set_4
720575940639786915,720575940626583836,38,set_4
720575940639786915,720575940628149763,16,set_4
720575940639786915,720575940628781333,44,set_4
720575940639786915,720575940628995331,52,set_4
720575940639786915,720575940630548751,48,set_4
720575940639786915,720575940630579574,38,set_4
720575940639786915,720575940630839371,46,set_4
720575940639786915,720575940631108303,124,set_4
720575940639786915,720575940631394920,10,set_4
720575940639786915,720575940631595603,12,set_4
720575940639786915,720575940633195148,16,set_4
720575940639786915,720575940634699119,24,set_4
720575940639786915,720575940635613358,18,set_4
720575940639786915,720575940636346487,20,set_4
720575940639786915,720575940639206077,10,set_4
720575940639786915,720575940640681680,12,set_4
720575940639786915,720575940641417869,16,set_4
720575940639786915,720575940644672548,22,set_4
720575940639786915,720575940654057889,56,set_4
720575940639786915,720575940660224641,144,set_4
720575940641655949,720575940612354034,8,set_4
720575940641655949,720575940612888178,9,set_4
720575940641655949,720575940615672130,5,set_4
720575940641655949,720575940616864217,69,set_4
720575940641655949,720575940619624795,22,set_4
720575940641655949,720575940621586854,39,set_4
720575940641655949,720575940621833281,17,set_4
720575940641655949,720575940623149581,24,set_4
720575940641655949,720575940623352063,29,set_4
720575940641655949,720575940623525258,12,set_4
720575940641655949,720575940624289789,7,set_4
720575940641655949,720575940624623287,8,set_4
720575940641655949,720575940626094350,13,set_4
720575940641655949,720575940626243428,18,set_4
720575940641655949,720575940627086594,10,set_4
720575940641655949,720575940627359109,14,set_4
720575940641655949,720575940627419962,19,set_4
720575940641655949,720575940628463042,24,set_4
720575940641655949,720575940628815381,5,set_4
720575940641655949,720575940628997123,9,set_4
720575940641655949,720575940630670454,9,set_4
720575940641655949,720575940630773495,16,set_4
720575940641655949,720575940632047890,5,set_4
720575940641655949,720575940632252743,13,set_4
720575940641655949,720575940632281927,20,set_4
720575940641655949,720575940632602532,22,set_4
720575940641655949,720575940633185567,62,set_4
720575940641655949,720575940641648091,17,set_4
720575940641655949,720575940646930996,15,set_4
720575940641655949,720575940647036980,36,set_4
720575940641655949,720575940661338497,21,set_4
720575940641776032,720575940612423922,7,set_4
720575940641776032,720575940613361010,11,set_4
720575940641776032,720575940618118485,12,set_4
720575940641776032,720575940619128699,16,set_4
720575940641776032,720575940619900507,11,set_4
720575940641776032,720575940620031366,12,set_4
720575940641776032,720575940622123144,12,set_4
720575940641776032,720575940622457579,18,set_4
720575940641776032,720575940623853837,6,set_4
720575940641776032,720575940624222205,6,set_4
720575940641776032,720575940626809109,8,set_4
720575940641776032,720575940628462927,18,set_4
720575940641776032,720575940630311528,6,set_4
720575940641776032,720575940630504466,5,set_4
720575940641776032,720575940630661164,8,set_4
720575940641776032,720575940630664556,83,set_4
720575940641776032,720575940631111983,6,set_4
720575940641776032,720575940631619948,19,set_4
720575940641776032,720575940631742381,6,set_4
720575940641776032,720575940631850521,15,set_4
720575940641776032,720575940635954879,5,set_4
720575940641776032,720575940637216624,18,set_4
720575940641776032,720575940638604915,10,set_4
720575940641776032,720575940646156420,5,set_4
720575940643867296,720575940605161388,60,set_4
720575940643867296,720575940605890784,64,set_4
720575940643867296,720575940610000964,20,set_4
720575940643867296,720575940610590869,44,set_4
720575940643867296,720575940611643033,68,set_4
720575940643867296,720575940612208858,100,set_4
720575940643867296,720575940613004402,72,set_4
720575940643867296,720575940613943215,24,set_4
720575940643867296,720575940615894614,24,set_4
720575940643867296,720575940616169010,20,set_4
720575940643867296,720575940616196539,100,set_4
720575940643867296,720575940617917579,20,set_4
720575940643867296,720575940618238523,60,set_4
720575940643867296,720575940619549867,192,set_4
720575940643867296,720575940619757366,28,set_4
720575940643867296,720575940619973712,24,set_4
720575940643867296,720575940620626011,36,set_4
720575940643867296,720575940620633947,24,set_4
720575940643867296,720575940620874757,28,set_4
720575940643867296,720575940621573030,20,set_4
720575940643867296,720575940621586854,60,set_4
720575940643867296,720575940621833281,228,set_4
720575940643867296,720575940623164941,28,set_4
720575940643867296,720575940623676394,24,set_4
720575940643867296,720575940623690474,20,set_4
720575940643867296,720575940623718380,20,set_4
720575940643867296,720575940624600840,36,set_4
720575940643867296,720575940625175054,28,set_4
720575940643867296,720575940625612474,28,set_4
720575940643867296,720575940625813140,128,set_4
720575940643867296,720575940626094350,32,set_4
720575940643867296,720575940626099214,32,set_4
720575940643867296,720575940626705497,276,set_4
720575940643867296,720575940627040549,24,set_4
720575940643867296,720575940627206074,200,set_4
720575940643867296,720575940627219272,24,set_4
720575940643867296,720575940627356459,28,set_4
720575940643867296,720575940627828040,36,set_4
720575940643867296,720575940628095593,60,set_4
720575940643867296,720575940629024591,468,set_4
720575940643867296,720575940629865319,28,set_4
720575940643867296,720575940630806267,188,set_4
720575940643867296,720575940630865724,24,set_4
720575940643867296,720575940631994728,72,set_4
720575940643867296,720575940632281927,20,set_4
720575940643867296,720575940632839763,128,set_4
720575940643867296,720575940633185567,112,set_4
720575940643867296,720575940633277209,28,set_4
720575940643867296,720575940633315921,24,set_4
720575940643867296,720575940634825623,20,set_4
720575940643867296,720575940635055039,52,set_4
720575940643867296,720575940636346487,24,set_4
720575940643867296,720575940638125887,28,set_4
720575940643867296,720575940639206077,80,set_4
720575940643867296,720575940639972816,84,set_4
720575940643867296,720575940639994456,44,set_4
720575940643867296,720575940642422517,20,set_4
720575940643867296,720575940642428045,24,set_4
720575940643867296,720575940646274670,172,set_4
720575940643867296,720575940647036980,276,set_4
720575940643867296,720575940651736566,24,set_4
720575940643867296,720575940659479937,32,set_4
720575940643867296,720575940660219265,40,set_4
